  0
SECTION
  2
HEADER
  9
$ACADVER
  1
AC1024
  9
$ACADMAINTVER
 70
6
  9
$DWGCODEPAGE
  3
ANSI_1252
  9
$LASTSAVEDBY
  1
ezdxf
  9
$INSBASE
 10
0.0
 20
0.0
 30
0.0
  9
$EXTMIN
 10
1e+20
 20
1e+20
 30
1e+20
  9
$EXTMAX
 10
-1e+20
 20
-1e+20
 30
-1e+20
  9
$LIMMIN
 10
0.0
 20
0.0
  9
$LIMMAX
 10
420.0
 20
297.0
  9
$ORTHOMODE
 70
0
  9
$REGENMODE
 70
1
  9
$FILLMODE
 70
1
  9
$QTEXTMODE
 70
0
  9
$MIRRTEXT
 70
1
  9
$LTSCALE
 40
1.0
  9
$ATTMODE
 70
1
  9
$TEXTSIZE
 40
2.5
  9
$TRACEWID
 40
1.0
  9
$TEXTSTYLE
  7
Standard
  9
$CLAYER
  8
0
  9
$CELTYPE
  6
ByLayer
  9
$CECOLOR
 62
256
  9
$CELTSCALE
 40
1.0
  9
$DISPSILH
 70
0
  9
$DIMSCALE
 40
1.0
  9
$DIMASZ
 40
2.5
  9
$DIMEXO
 40
0.625
  9
$DIMDLI
 40
3.75
  9
$DIMRND
 40
0.0
  9
$DIMDLE
 40
0.0
  9
$DIMEXE
 40
1.25
  9
$DIMTP
 40
0.0
  9
$DIMTM
 40
0.0
  9
$DIMTXT
 40
2.5
  9
$DIMCEN
 40
2.5
  9
$DIMTSZ
 40
0.0
  9
$DIMTOL
 70
0
  9
$DIMLIM
 70
0
  9
$DIMTIH
 70
0
  9
$DIMTOH
 70
0
  9
$DIMSE1
 70
0
  9
$DIMSE2
 70
0
  9
$DIMTAD
 70
1
  9
$DIMZIN
 70
8
  9
$DIMBLK
  1

  9
$DIMASO
 70
1
  9
$DIMSHO
 70
1
  9
$DIMPOST
  1

  9
$DIMAPOST
  1

  9
$DIMALT
 70
0
  9
$DIMALTD
 70
3
  9
$DIMALTF
 40
0.03937007874
  9
$DIMLFAC
 40
1.0
  9
$DIMTOFL
 70
1
  9
$DIMTVP
 40
0.0
  9
$DIMTIX
 70
0
  9
$DIMSOXD
 70
0
  9
$DIMSAH
 70
0
  9
$DIMBLK1
  1

  9
$DIMBLK2
  1

  9
$DIMSTYLE
  2
ISO-25
  9
$DIMCLRD
 70
0
  9
$DIMCLRE
 70
0
  9
$DIMCLRT
 70
0
  9
$DIMTFAC
 40
1.0
  9
$DIMGAP
 40
0.625
  9
$DIMJUST
 70
0
  9
$DIMSD1
 70
0
  9
$DIMSD2
 70
0
  9
$DIMTOLJ
 70
0
  9
$DIMTZIN
 70
8
  9
$DIMALTZ
 70
0
  9
$DIMALTTZ
 70
0
  9
$DIMUPT
 70
0
  9
$DIMDEC
 70
2
  9
$DIMTDEC
 70
2
  9
$DIMALTU
 70
2
  9
$DIMALTTD
 70
3
  9
$DIMTXSTY
  7
Standard
  9
$DIMAUNIT
 70
0
  9
$DIMADEC
 70
0
  9
$DIMALTRND
 40
0.0
  9
$DIMAZIN
 70
0
  9
$DIMDSEP
 70
44
  9
$DIMATFIT
 70
3
  9
$DIMFRAC
 70
0
  9
$DIMLDRBLK
  1

  9
$DIMLUNIT
 70
2
  9
$DIMLWD
 70
-2
  9
$DIMLWE
 70
-2
  9
$DIMTMOVE
 70
0
  9
$DIMFXL
 40
1.0
  9
$DIMFXLON
 70
0
  9
$DIMJOGANG
 40
0.785398163397
  9
$DIMTFILL
 70
0
  9
$DIMTFILLCLR
 70
0
  9
$DIMARCSYM
 70
0
  9
$DIMLTYPE
  6

  9
$DIMLTEX1
  6

  9
$DIMLTEX2
  6

  9
$DIMTXTDIRECTION
 70
0
  9
$LUNITS
 70
2
  9
$LUPREC
 70
4
  9
$SKETCHINC
 40
1.0
  9
$FILLETRAD
 40
10.0
  9
$AUNITS
 70
0
  9
$AUPREC
 70
2
  9
$MENU
  1
.
  9
$ELEVATION
 40
0.0
  9
$PELEVATION
 40
0.0
  9
$THICKNESS
 40
0.0
  9
$LIMCHECK
 70
0
  9
$CHAMFERA
 40
0.0
  9
$CHAMFERB
 40
0.0
  9
$CHAMFERC
 40
0.0
  9
$CHAMFERD
 40
0.0
  9
$SKPOLY
 70
0
  9
$TDCREATE
 40
2461083.4089583335
  9
$TDUCREATE
 40
2458532.153996898
  9
$TDUPDATE
 40
2461083.4089583335
  9
$TDUUPDATE
 40
2458532.1544311
  9
$TDINDWG
 40
0.0
  9
$TDUSRTIMER
 40
0.0
  9
$USRTIMER
 70
1
  9
$ANGBASE
 50
0.0
  9
$ANGDIR
 70
0
  9
$PDMODE
 70
0
  9
$PDSIZE
 40
0.0
  9
$PLINEWID
 40
0.0
  9
$SPLFRAME
 70
0
  9
$SPLINETYPE
 70
6
  9
$SPLINESEGS
 70
8
  9
$HANDSEED
  5
24E
  9
$SURFTAB1
 70
6
  9
$SURFTAB2
 70
6
  9
$SURFTYPE
 70
6
  9
$SURFU
 70
6
  9
$SURFV
 70
6
  9
$UCSBASE
  2

  9
$UCSNAME
  2

  9
$UCSORG
 10
0.0
 20
0.0
 30
0.0
  9
$UCSXDIR
 10
1.0
 20
0.0
 30
0.0
  9
$UCSYDIR
 10
0.0
 20
1.0
 30
0.0
  9
$UCSORTHOREF
  2

  9
$UCSORTHOVIEW
 70
0
  9
$UCSORGTOP
 10
0.0
 20
0.0
 30
0.0
  9
$UCSORGBOTTOM
 10
0.0
 20
0.0
 30
0.0
  9
$UCSORGLEFT
 10
0.0
 20
0.0
 30
0.0
  9
$UCSORGRIGHT
 10
0.0
 20
0.0
 30
0.0
  9
$UCSORGFRONT
 10
0.0
 20
0.0
 30
0.0
  9
$UCSORGBACK
 10
0.0
 20
0.0
 30
0.0
  9
$PUCSBASE
  2

  9
$PUCSNAME
  2

  9
$PUCSORG
 10
0.0
 20
0.0
 30
0.0
  9
$PUCSXDIR
 10
1.0
 20
0.0
 30
0.0
  9
$PUCSYDIR
 10
0.0
 20
1.0
 30
0.0
  9
$PUCSORTHOREF
  2

  9
$PUCSORTHOVIEW
 70
0
  9
$PUCSORGTOP
 10
0.0
 20
0.0
 30
0.0
  9
$PUCSORGBOTTOM
 10
0.0
 20
0.0
 30
0.0
  9
$PUCSORGLEFT
 10
0.0
 20
0.0
 30
0.0
  9
$PUCSORGRIGHT
 10
0.0
 20
0.0
 30
0.0
  9
$PUCSORGFRONT
 10
0.0
 20
0.0
 30
0.0
  9
$PUCSORGBACK
 10
0.0
 20
0.0
 30
0.0
  9
$USERI1
 70
0
  9
$USERI2
 70
0
  9
$USERI3
 70
0
  9
$USERI4
 70
0
  9
$USERI5
 70
0
  9
$USERR1
 40
0.0
  9
$USERR2
 40
0.0
  9
$USERR3
 40
0.0
  9
$USERR4
 40
0.0
  9
$USERR5
 40
0.0
  9
$WORLDVIEW
 70
1
  9
$SHADEDGE
 70
3
  9
$SHADEDIF
 70
70
  9
$TILEMODE
 70
1
  9
$MAXACTVP
 70
64
  9
$PINSBASE
 10
0.0
 20
0.0
 30
0.0
  9
$PLIMCHECK
 70
0
  9
$PEXTMIN
 10
1e+20
 20
1e+20
 30
1e+20
  9
$PEXTMAX
 10
-1e+20
 20
-1e+20
 30
-1e+20
  9
$PLIMMIN
 10
0.0
 20
0.0
  9
$PLIMMAX
 10
420.0
 20
297.0
  9
$UNITMODE
 70
0
  9
$VISRETAIN
 70
1
  9
$PLINEGEN
 70
0
  9
$PSLTSCALE
 70
1
  9
$TREEDEPTH
 70
3020
  9
$CMLSTYLE
  2
Standard
  9
$CMLJUST
 70
0
  9
$CMLSCALE
 40
20.0
  9
$PROXYGRAPHICS
 70
1
  9
$MEASUREMENT
 70
1
  9
$CELWEIGHT
370
-1
  9
$ENDCAPS
280
0
  9
$JOINSTYLE
280
0
  9
$LWDISPLAY
290
0
  9
$INSUNITS
 70
6
  9
$HYPERLINKBASE
  1

  9
$STYLESHEET
  1

  9
$XEDIT
290
1
  9
$CEPSNTYPE
380
0
  9
$PSTYLEMODE
290
1
  9
$FINGERPRINTGUID
  2
{6D717DBF-2B4F-4D96-8E46-223E1628AAA3}
  9
$VERSIONGUID
  2
{54DDC6B1-0B20-4691-AB1F-0AF4BCE100BB}
  9
$EXTNAMES
290
1
  9
$PSVPSCALE
 40
0.0
  9
$OLESTARTUP
290
0
  9
$SORTENTS
280
127
  9
$INDEXCTL
280
0
  9
$HIDETEXT
280
1
  9
$XCLIPFRAME
280
1
  9
$HALOGAP
280
0
  9
$OBSCOLOR
 70
257
  9
$OBSLTYPE
280
0
  9
$INTERSECTIONDISPLAY
280
0
  9
$INTERSECTIONCOLOR
 70
257
  9
$DIMASSOC
280
2
  9
$PROJECTNAME
  1

  9
$CAMERADISPLAY
290
0
  9
$LENSLENGTH
 40
50.0
  9
$CAMERAHEIGHT
 40
0.0
  9
$STEPSPERSEC
 40
24.0
  9
$STEPSIZE
 40
100.0
  9
$3DDWFPREC
 40
2.0
  9
$PSOLWIDTH
 40
0.005
  9
$PSOLHEIGHT
 40
0.08
  9
$LOFTANG1
 40
1.570796326795
  9
$LOFTANG2
 40
1.570796326795
  9
$LOFTMAG1
 40
0.0
  9
$LOFTMAG2
 40
0.0
  9
$LOFTPARAM
 70
7
  9
$LOFTNORMALS
280
1
  9
$LATITUDE
 40
37.795
  9
$LONGITUDE
 40
-122.394
  9
$NORTHDIRECTION
 40
0.0
  9
$TIMEZONE
 70
-8000
  9
$LIGHTGLYPHDISPLAY
280
1
  9
$TILEMODELIGHTSYNCH
280
1
  9
$CMATERIAL
347
20
  9
$SOLIDHIST
280
0
  9
$SHOWHIST
280
1
  9
$DWFFRAME
280
2
  9
$DGNFRAME
280
2
  9
$REALWORLDSCALE
290
1
  9
$INTERFERECOLOR
 62
256
  9
$CSHADOW
280
0
  9
$SHADOWPLANELOCATION
 40
0.0
  0
ENDSEC
  0
SECTION
  2
CLASSES
  0
CLASS
  1
ACDBDICTIONARYWDFLT
  2
AcDbDictionaryWithDefault
  3
ObjectDBX Classes
 90
0
 91
0
280
0
281
0
  0
CLASS
  1
SUN
  2
AcDbSun
  3
SCENEOE
 90
1153
 91
0
280
0
281
0
  0
CLASS
  1
VISUALSTYLE
  2
AcDbVisualStyle
  3
ObjectDBX Classes
 90
4095
 91
0
280
0
281
0
  0
CLASS
  1
MATERIAL
  2
AcDbMaterial
  3
ObjectDBX Classes
 90
1153
 91
0
280
0
281
0
  0
CLASS
  1
SCALE
  2
AcDbScale
  3
ObjectDBX Classes
 90
1153
 91
0
280
0
281
0
  0
CLASS
  1
TABLESTYLE
  2
AcDbTableStyle
  3
ObjectDBX Classes
 90
4095
 91
0
280
0
281
0
  0
CLASS
  1
MLEADERSTYLE
  2
AcDbMLeaderStyle
  3
ACDB_MLEADERSTYLE_CLASS
 90
4095
 91
0
280
0
281
0
  0
CLASS
  1
DICTIONARYVAR
  2
AcDbDictionaryVar
  3
ObjectDBX Classes
 90
0
 91
0
280
0
281
0
  0
CLASS
  1
CELLSTYLEMAP
  2
AcDbCellStyleMap
  3
ObjectDBX Classes
 90
1152
 91
0
280
0
281
0
  0
CLASS
  1
MENTALRAYRENDERSETTINGS
  2
AcDbMentalRayRenderSettings
  3
SCENEOE
 90
1024
 91
0
280
0
281
0
  0
CLASS
  1
ACDBDETAILVIEWSTYLE
  2
AcDbDetailViewStyle
  3
ObjectDBX Classes
 90
1025
 91
0
280
0
281
0
  0
CLASS
  1
ACDBSECTIONVIEWSTYLE
  2
AcDbSectionViewStyle
  3
ObjectDBX Classes
 90
1025
 91
0
280
0
281
0
  0
CLASS
  1
RASTERVARIABLES
  2
AcDbRasterVariables
  3
ISM
 90
0
 91
0
280
0
281
0
  0
CLASS
  1
LAYOUT
  2
AcDbLayout
  3
ObjectDBX Classes
 90
0
 91
0
280
0
281
0
  0
CLASS
  1
ACDBPLACEHOLDER
  2
AcDbPlaceHolder
  3
ObjectDBX Classes
 90
0
 91
0
280
0
281
0
  0
ENDSEC
  0
SECTION
  2
TABLES
  0
TABLE
  2
VPORT
  5
8
330
0
100
AcDbSymbolTable
 70
1
  0
VPORT
  5
23
330
8
100
AcDbSymbolTableRecord
100
AcDbViewportTableRecord
  2
*Active
 70
0
 10
0.0
 20
0.0
 11
1.0
 21
1.0
 12
0.0
 22
0.0
 13
0.0
 23
0.0
 14
0.5
 24
0.5
 15
0.5
 25
0.5
 16
0.0
 26
0.0
 36
1.0
 17
0.0
 27
0.0
 37
0.0
 40
1000.0
 41
1.34
 42
50.0
 43
0.0
 44
0.0
 50
0.0
 51
0.0
 71
0
 72
1000
 73
1
 74
3
 75
0
 76
0
 77
0
 78
0
281
0
 65
0
146
0.0
  0
ENDTAB
  0
TABLE
  2
LTYPE
  5
2
330
0
100
AcDbSymbolTable
 70
3
  0
LTYPE
  5
24
330
2
100
AcDbSymbolTableRecord
100
AcDbLinetypeTableRecord
  2
ByBlock
 70
0
  3

 72
65
 73
0
 40
0.0
  0
LTYPE
  5
25
330
2
100
AcDbSymbolTableRecord
100
AcDbLinetypeTableRecord
  2
ByLayer
 70
0
  3

 72
65
 73
0
 40
0.0
  0
LTYPE
  5
26
330
2
100
AcDbSymbolTableRecord
100
AcDbLinetypeTableRecord
  2
Continuous
 70
0
  3

 72
65
 73
0
 40
0.0
  0
ENDTAB
  0
TABLE
  2
LAYER
  5
1
330
0
100
AcDbSymbolTable
 70
16
  0
LAYER
  5
27
330
1
100
AcDbSymbolTableRecord
100
AcDbLayerTableRecord
  2
0
 70
0
 62
7
  6
Continuous
370
-3
390
13
347
21
  0
LAYER
  5
28
330
1
100
AcDbSymbolTableRecord
100
AcDbLayerTableRecord
  2
Defpoints
 70
0
 62
7
  6
Continuous
290
0
370
-3
390
13
347
21
  0
LAYER
  5
2F
330
1
100
AcDbSymbolTableRecord
100
AcDbLayerTableRecord
  2
BOUNDARY
 70
0
 62
7
  6
Continuous
370
-3
390
13
347
21
  0
LAYER
  5
30
330
1
100
AcDbSymbolTableRecord
100
AcDbLayerTableRecord
  2
GREEN_BELT
 70
0
 62
7
  6
Continuous
370
-3
390
13
347
21
  0
LAYER
  5
31
330
1
100
AcDbSymbolTableRecord
100
AcDbLayerTableRecord
  2
ROADS_MAIN
 70
0
 62
7
  6
Continuous
370
-3
390
13
347
21
  0
LAYER
  5
32
330
1
100
AcDbSymbolTableRecord
100
AcDbLayerTableRecord
  2
ROADS_LOCAL
 70
0
 62
7
  6
Continuous
370
-3
390
13
347
21
  0
LAYER
  5
33
330
1
100
AcDbSymbolTableRecord
100
AcDbLayerTableRecord
  2
PARCEL_S
 70
0
 62
7
  6
Continuous
370
-3
390
13
347
21
  0
LAYER
  5
34
330
1
100
AcDbSymbolTableRecord
100
AcDbLayerTableRecord
  2
PARCEL_M
 70
0
 62
7
  6
Continuous
370
-3
390
13
347
21
  0
LAYER
  5
35
330
1
100
AcDbSymbolTableRecord
100
AcDbLayerTableRecord
  2
PARCEL_L
 70
0
 62
7
  6
Continuous
370
-3
390
13
347
21
  0
LAYER
  5
36
330
1
100
AcDbSymbolTableRecord
100
AcDbLayerTableRecord
  2
GREEN_AREA
 70
0
 62
7
  6
Continuous
370
-3
390
13
347
21
  0
LAYER
  5
37
330
1
100
AcDbSymbolTableRecord
100
AcDbLayerTableRecord
  2
UTILITY_POND
 70
0
 62
7
  6
Continuous
370
-3
390
13
347
21
  0
LAYER
  5
38
330
1
100
AcDbSymbolTableRecord
100
AcDbLayerTableRecord
  2
UTILITY_WTP
 70
0
 62
7
  6
Continuous
370
-3
390
13
347
21
  0
LAYER
  5
39
330
1
100
AcDbSymbolTableRecord
100
AcDbLayerTableRecord
  2
PARCEL_BORDER
 70
0
 62
7
  6
Continuous
370
-3
390
13
347
21
  0
LAYER
  5
3A
330
1
100
AcDbSymbolTableRecord
100
AcDbLayerTableRecord
  2
TEXT_LABELS
 70
0
 62
7
  6
Continuous
370
-3
390
13
347
21
  0
LAYER
  5
3B
330
1
100
AcDbSymbolTableRecord
100
AcDbLayerTableRecord
  2
TABLE_LINES
 70
0
 62
7
  6
Continuous
370
-3
390
13
347
21
  0
LAYER
  5
3C
330
1
100
AcDbSymbolTableRecord
100
AcDbLayerTableRecord
  2
TABLE_TEXT
 70
0
 62
7
  6
Continuous
370
-3
390
13
347
21
  0
ENDTAB
  0
TABLE
  2
STYLE
  5
5
330
0
100
AcDbSymbolTable
 70
1
  0
STYLE
  5
29
330
5
100
AcDbSymbolTableRecord
100
AcDbTextStyleTableRecord
  2
Standard
 70
0
 40
0.0
 41
1.0
 50
0.0
 71
0
 42
2.5
  3
txt
  4

  0
ENDTAB
  0
TABLE
  2
VIEW
  5
7
330
0
100
AcDbSymbolTable
 70
0
  0
ENDTAB
  0
TABLE
  2
UCS
  5
6
330
0
100
AcDbSymbolTable
 70
0
  0
ENDTAB
  0
TABLE
  2
APPID
  5
3
330
0
100
AcDbSymbolTable
 70
3
  0
APPID
  5
2A
330
3
100
AcDbSymbolTableRecord
100
AcDbRegAppTableRecord
  2
ACAD
 70
0
  0
APPID
  5
24B
330
3
100
AcDbSymbolTableRecord
100
AcDbRegAppTableRecord
  2
HATCHBACKGROUNDCOLOR
 70
0
  0
APPID
  5
24C
330
3
100
AcDbSymbolTableRecord
100
AcDbRegAppTableRecord
  2
EZDXF
 70
0
  0
ENDTAB
  0
TABLE
  2
DIMSTYLE
  5
4
330
0
100
AcDbSymbolTable
 70
1
100
AcDbDimStyleTable
  0
DIMSTYLE
105
2B
330
4
100
AcDbSymbolTableRecord
100
AcDbDimStyleTableRecord
  2
Standard
 70
0
 40
1.0
 41
2.5
 42
0.625
 43
3.75
 44
1.25
 45
0.0
 46
0.0
 47
0.0
 48
0.0
 49
2.5
140
2.5
141
2.5
142
0.0
143
0.03937007874
144
1.0
145
0.0
146
1.0
147
0.625
148
0.0
 69
0
 70
0
 71
0
 72
0
 73
0
 74
0
 75
0
 76
0
 77
1
 78
8
 79
3
170
0
171
3
172
1
173
0
174
0
175
0
176
0
177
0
178
0
179
2
271
2
272
2
273
2
274
3
275
0
276
0
277
2
278
44
279
0
280
0
281
0
282
0
283
0
284
8
285
0
286
0
288
0
289
3
290
0
371
-2
372
-2
  0
ENDTAB
  0
TABLE
  2
BLOCK_RECORD
  5
9
330
0
100
AcDbSymbolTable
 70
2
  0
BLOCK_RECORD
  5
17
330
9
100
AcDbSymbolTableRecord
100
AcDbBlockTableRecord
  2
*Model_Space
340
1A
 70
0
280
1
281
0
  0
BLOCK_RECORD
  5
1B
330
9
100
AcDbSymbolTableRecord
100
AcDbBlockTableRecord
  2
*Paper_Space
340
1E
 70
0
280
1
281
0
  0
ENDTAB
  0
ENDSEC
  0
SECTION
  2
BLOCKS
  0
BLOCK
  5
18
330
17
100
AcDbEntity
  8
0
100
AcDbBlockBegin
  2
*Model_Space
 70
0
 10
0.0
 20
0.0
 30
0.0
  3
*Model_Space
  1

  0
ENDBLK
  5
19
330
17
100
AcDbEntity
  8
0
100
AcDbBlockEnd
  0
BLOCK
  5
1C
330
1B
100
AcDbEntity
  8
0
100
AcDbBlockBegin
  2
*Paper_Space
 70
0
 10
0.0
 20
0.0
 30
0.0
  3
*Paper_Space
  1

  0
ENDBLK
  5
1D
330
1B
100
AcDbEntity
  8
0
100
AcDbBlockEnd
  0
ENDSEC
  0
SECTION
  2
ENTITIES
  0
HATCH
  5
3D
330
17
100
AcDbEntity
  8
GREEN_BELT
 62
7
420
6592100
100
AcDbHatch
 10
0.0
 20
0.0
 30
0.0
210
0.0
220
0.0
230
1.0
  2
SOLID
 70
0
 71
0
 91
2
 92
3
 72
0
 73
1
 93
37
 10
730803.8072260797
 20
1425911.354535234
 10
731220.8882545832
 20
1425664.900537909
 10
731134.8779110145
 20
1425523.957008367
 10
731186.6356675719
 20
1425492.901031701
 10
731138.0655884052
 20
1425349.106787298
 10
731110.4113064182
 20
1425192.41815486
 10
731097.5852107175
 20
1425120.068200185
 10
731089.2869505178
 20
1424869.870504438
 10
731088.6588842167
 20
1424789.954654239
 10
731150.763083092
 20
1424725.326450945
 10
731261.242812959
 20
1424610.684546063
 10
731249.4486638262
 20
1424319.903976076
 10
731220.8755417536
 20
1423754.633683672
 10
731083.1894310307
 20
1423829.809852026
 10
731027.1044154355
 20
1423858.279551422
 10
730811.1333905678
 20
1423959.079983224
 10
730744.9993507694
 20
1423989.962433023
 10
730731.2981595036
 20
1423996.211094324
 10
730585.1525711545
 20
1424072.836125995
 10
730307.6484301391
 20
1424225.717666913
 10
730190.0364670682
 20
1424299.350456871
 10
730169.8183101851
 20
1424312.489083307
 10
729872.4336140981
 20
1424496.547216888
 10
729561.7431227316
 20
1424689.64150363
 10
729609.0387719279
 20
1424745.048984531
 10
729672.6126419023
 20
1424789.303548394
 10
729814.0306858006
 20
1424892.640267736
 10
729994.0764884228
 20
1425024.159435053
 10
730117.5030846279
 20
1425088.872273287
 10
730264.0824664113
 20
1425176.502773645
 10
730354.8327155394
 20
1425374.705765958
 10
730390.3623639497
 20
1425601.868312637
 10
730385.1493964237
 20
1425653.568687387
 10
730455.7782887783
 20
1425812.855037994
 10
730682.7412243508
 20
1425698.758228365
 10
730723.843182465
 20
1425770.49316001
 10
730803.8072260797
 20
1425911.354535234
 97
0
 92
3
 72
0
 73
1
 93
91
 10
730732.5396256109
 20
1425765.5563719238
 10
730691.4178889089
 20
1425693.786760559
 10
730690.8719004091
 20
1425692.9365355843
 10
730690.2428988493
 20
1425692.1457492749
 10
730689.5373062469
 20
1425691.4224754479
 10
730688.7623266032
 20
1425690.7740986275
 10
730687.9258723514
 20
1425690.20723865
 10
730687.0364835721
 20
1425689.727683076
 10
730686.1032407996
 20
1425689.3403281004
 10
730685.1356723116
 20
1425689.0491285631
 10
730684.1436568464
 20
1425688.857057571
 10
730683.1373227424
 20
1425688.7660761413
 10
730682.1269445294
 20
1425688.7771131818
 10
730681.1228380271
 20
1425688.8900560061
 10
730680.1352550219
 20
1425689.1037514836
 10
730679.1742785972
 20
1425689.4160178134
 10
730678.2497201876
 20
1425689.8236668005
 10
730460.6651125718
 20
1425799.205885931
 10
730395.3646695311
 20
1425651.936561463
 10
730400.3119144961
 20
1425602.871529425
 10
730400.3611969796
 20
1425602.0210805603
 10
730400.3379187284
 20
1425601.1695230708
 10
730400.2422486705
 20
1425600.3230366416
 10
730364.7126002603
 20
1425373.1604899624
 10
730364.5302980585
 20
1425372.2650911978
 10
730364.2670236571
 20
1425371.3900714095
 10
730363.9249753265
 20
1425370.5427367766
 10
730273.1747261984
 20
1425172.3397444638
 10
730272.7115094104
 20
1425171.4491000387
 10
730272.1613276355
 20
1425170.6093874099
 10
730271.529725701
 20
1425169.829069346
 10
730270.8230689999
 20
1425169.1160100275
 10
730270.048479341
 20
1425168.4773957897
 10
730269.2137631725
 20
1425167.919662697
 10
730122.6343813891
 20
1425080.289162339
 10
730122.1465783046
 20
1425080.01575216
 10
729999.3765123022
 20
1425015.6471341678
 10
729819.9298417469
 20
1424884.5656185453
 10
729678.512666582
 20
1424781.2295339787
 10
729615.8087104084
 20
1424737.5773194141
 10
729576.9001198943
 20
1424691.9953891006
 10
729877.7043072312
 20
1424505.0454449707
 10
730175.0810882767
 20
1424320.9922101884
 10
730195.4145708757
 20
1424307.781538637
 10
730312.7182930432
 20
1424234.3417276675
 10
730589.887509958
 20
1424081.6447018792
 10
730735.6979980931
 20
1424005.1953653134
 10
730749.2304439112
 20
1423999.0232194583
 10
731031.6308041178
 20
1423867.1964906668
 10
731087.9816195798
 20
1423838.586806447
 10
731211.6921402909
 20
1423771.041264756
 10
731239.4588989904
 20
1424320.3590386158
 10
731251.077900926
 20
1424606.8214164854
 10
731143.5625119827
 20
1424718.3873028923
 10
731081.4484187778
 20
1424783.0257879423
 10
731080.8133256434
 20
1424783.7540727602
 10
731080.2514897897
 20
1424784.5402550157
 10
731079.7681573143
 20
1424785.3769937942
 10
731079.3678412959
 20
1424786.2564761138
 10
731079.0542796536
 20
1424787.1704898784
 10
731078.8304002442
 20
1424788.1105005566
 10
731078.6982935241
 20
1424789.0677308736
 10
731078.6591930293
 20
1424790.0332427672
 10
731079.2924461716
 20
1424870.2019902952
 10
731087.5907063714
 20
1425120.3996860422
 10
731087.7387396907
 20
1425121.8137683787
 10
731100.5641696788
 20
1425194.1599678753
 10
731128.2177888183
 20
1425350.8448446319
 10
731128.3770031296
 20
1425351.5829365982
 10
731128.5914548702
 20
1425352.3069113207
 10
731174.584020433
 20
1425488.4702927012
 10
731129.7327923287
 20
1425515.3821757908
 10
731128.913333095
 20
1425515.9305639334
 10
731128.1518640522
 20
1425516.5569886197
 10
731127.4557885294
 20
1425517.255359479
 10
731126.8318740722
 20
1425518.01888665
 10
731126.2861866453
 20
1425518.8401467933
 10
731125.8240316564
 20
1425519.7111552644
 10
731125.4499023748
 20
1425520.6234437448
 10
731125.1674362464
 20
1425521.5681425736
 10
731124.9793795283
 20
1425522.5360669824
 10
731124.8875605888
 20
1425523.5178063945
 10
731124.8928721311
 20
1425524.5038159168
 10
731124.995262514
 20
1425525.484509141
 10
731125.1937362542
 20
1425526.450351346
 10
731125.4863637047
 20
1425527.391952199
 10
731125.8702998157
 20
1425528.300157051
 10
731126.3418117951
 20
1425529.1661359444
 10
731207.0684382103
 20
1425661.451337734
 10
730807.4802854077
 20
1425897.5687605168
 10
730732.5396256109
 20
1425765.5563719238
 97
0
 75
1
 76
1
 52
0.0
 41
1.0
 77
0
 78
1
 53
45.0
 43
0.0
 44
0.0
 45
-0.0883883476
 46
0.0883883476
 79
0
 98
0
  0
HATCH
  5
3E
330
17
100
AcDbEntity
  8
GREEN_BELT
 62
7
420
6592100
100
AcDbHatch
 10
0.0
 20
0.0
 30
0.0
210
0.0
220
0.0
230
1.0
  2
SOLID
 70
0
 71
0
 91
2
 92
3
 72
0
 73
1
 93
75
 10
731865.1233453329
 20
1424875.852867323
 10
731861.3617799694
 20
1424870.449568888
 10
731823.3260220984
 20
1424803.82727532
 10
731800.8606109032
 20
1424768.939001806
 10
731779.0397
 20
1424734.7399
 10
731760.7043653588
 20
1424701.703787865
 10
731741.4664418035
 20
1424666.981163349
 10
731719.2469149404
 20
1424631.423136385
 10
731698.2797612716
 20
1424595.859152244
 10
731678.4312250605
 20
1424557.214139056
 10
731612.6307796017
 20
1424585.136671004
 10
731605.2222806918
 20
1424569.285500814
 10
731615.3716962546
 20
1424564.976318322
 10
731601.3432793424
 20
1424536.997425261
 10
731615.1635659405
 20
1424533.978468867
 10
731658.6719364444
 20
1424523.438982582
 10
731631.4413758594
 20
1424464.660830074
 10
731648.8806372333
 20
1424454.390200263
 10
731641.2410957112
 20
1424440.163433155
 10
731597.0409785336
 20
1424463.750503278
 10
731592.9053352037
 20
1424447.868314283
 10
731587.9719893482
 20
1424448.682398365
 10
731581.3350911705
 20
1424422.474080457
 10
731585.3481494386
 20
1424420.24057126
 10
731565.474530734
 20
1424383.491690317
 10
731572.9008867872
 20
1424382.894315424
 10
731536.9707336413
 20
1424311.457693647
 10
731553.9245566386
 20
1424301.77073592
 10
731516.7078653093
 20
1424230.953665863
 10
731504.3778055924
 20
1424238.384755446
 10
731502.447549313
 20
1424249.929617319
 10
731473.3457914446
 20
1424267.090500688
 10
731352.6461435981
 20
1424315.14667156
 10
731340.729484521
 20
1424402.913565327
 10
731343.3642404363
 20
1424440.544558501
 10
731345.498117594
 20
1424468.859526235
 10
731340.6468160835
 20
1424518.336237915
 10
731374.3446292395
 20
1424529.505520858
 10
731474.9768016485
 20
1424534.03745007
 10
731478.5613339941
 20
1424569.274885082
 10
731483.997754297
 20
1424610.943941833
 10
731311.3452139643
 20
1424605.157781739
 10
731314.9100203732
 20
1424742.594067779
 10
731375.2390871035
 20
1424749.981327449
 10
731513.9224339667
 20
1424735.503794099
 10
731515.4711729189
 20
1424768.082454308
 10
731294.0686287855
 20
1424865.757990145
 10
731331.272380972
 20
1424889.123083624
 10
731330.850424752
 20
1424934.637508941
 10
731235.883544508
 20
1424899.801129771
 10
731169.6285543595
 20
1424901.84456866
 10
731153.7752515359
 20
1425073.713089599
 10
731174.5100607701
 20
1425279.17034528
 10
731208.3899436434
 20
1425526.775757268
 10
731265.307287397
 20
1425699.614254443
 10
731330.499790607
 20
1425741.53485925
 10
731385.1086248163
 20
1425783.913382485
 10
731526.901951203
 20
1425697.132253139
 10
731503.6308847219
 20
1425643.28993147
 10
731654.7645705967
 20
1425545.761682142
 10
731675.224607942
 20
1425546.365754476
 10
731753.2038418817
 20
1425490.223899831
 10
731823.6613770984
 20
1425415.97782683
 10
731970.8165863993
 20
1425311.105375081
 10
732038.480788266
 20
1425248.16554736
 10
732054.1329893351
 20
1425233.796544338
 10
732049.4621016438
 20
1425211.41468628
 10
732054.9585686713
 20
1425195.584953678
 10
732059.7459617113
 20
1425182.843724936
 10
732033.9680950905
 20
1425142.504348522
 10
732440.7400163416
 20
1424908.747469405
 10
732400.5372746093
 20
1424837.752316123
 10
731969.2958
 20
1425089.459
 10
731926.8389710479
 20
1425020.531359522
 10
731865.1233453329
 20
1424875.852867323
 97
0
 92
3
 72
0
 73
1
 93
362
 10
731513.2614766674
 20
1424245.8917367745
 10
731540.581597865
 20
1424297.8773074397
 10
731532.0097076043
 20
1424302.7750546092
 10
731531.158063687
 20
1424303.320564669
 10
731530.3658763261
 20
1424303.9493076787
 10
731529.6412486363
 20
1424304.654852361
 10
731528.9915926793
 20
1424305.4299818499
 10
731528.4235536465
 20
1424306.266767512
 10
731527.9429418878
 20
1424307.1566500461
 10
731527.5546734778
 20
1424308.0905270344
 10
731527.262719931
 20
1424309.0588460488
 10
731527.0700675775
 20
1424310.0517023616
 10
731526.9786870173
 20
1424311.058940258
 10
731526.9895129625
 20
1424312.070256918
 10
731527.1024346767
 20
1424313.075307799
 10
731527.316297108
 20
1424314.0638124514
 10
731527.6289127031
 20
1424315.0256596725
 10
731528.0370837845
 20
1424315.9510109331
 10
731558.4365049154
 20
1424376.3913864791
 10
731557.8005174209
 20
1424377.0800197336
 10
731557.2026099093
 20
1424377.8724976818
 10
731556.686223393
 20
1424378.7203535987
 10
731556.2564469363
 20
1424379.61523174
 10
731555.9175160497
 20
1424380.5483129502
 10
731555.6727709468
 20
1424381.5104015765
 10
731555.5246236265
 20
1424382.4920160945
 10
731555.4745341024
 20
1424383.4834825487
 10
731555.5229960142
 20
1424384.4750298918
 10
731555.6695317625
 20
1424385.456886279
 10
731555.9126972161
 20
1424386.4193753712
 10
731556.2500959438
 20
1424387.353011697
 10
731556.6784028313
 20
1424388.2485941336
 10
731572.5842036016
 20
1424417.660468614
 10
731572.3651537227
 20
1424418.0536481044
 10
731571.9657113272
 20
1424418.9791238976
 10
731571.6614674217
 20
1424419.940110535
 10
731571.4555133058
 20
1424420.9268438185
 10
731571.3499415963
 20
1424421.9292979497
 10
731571.3458249647
 20
1424422.937287396
 10
731571.4432052383
 20
1424423.9405703838
 10
731571.6410929757
 20
1424424.9289529587
 10
731578.2779911534
 20
1424451.137270867
 10
731578.5683919896
 20
1424452.084215044
 10
731578.9510454937
 20
1424452.9977861778
 10
731579.4221976973
 20
1424453.8690218069
 10
731579.9772264282
 20
1424454.689374797
 10
731580.610686655
 20
1424455.4507971907
 10
731581.3163639056
 20
1424456.1458191604
 10
731582.0873352324
 20
1424456.7676222913
 10
731582.9160371299
 20
1424457.3101064714
 10
731583.7943397348
 20
1424457.7679497357
 10
731584.713626583
 20
1424458.1366604776
 10
731585.2891712323
 20
1424458.3036275944
 10
731587.3636851633
 20
1424466.2704225278
 10
731587.6648113349
 20
1424467.227209861
 10
731588.0602729035
 20
1424468.1490173894
 10
731588.5460910554
 20
1424469.026570633
 10
731589.1173778818
 20
1424469.851040362
 10
731589.7683855577
 20
1424470.61413143
 10
731590.4925641712
 20
1424471.308166233
 10
731591.2826276239
 20
1424471.926161955
 10
731592.1306269377
 20
1424472.4619008242
 10
731593.0280302304
 20
1424472.9099926697
 10
731593.9658085573
 20
1424473.265929155
 10
731594.9345267529
 20
1424473.5261291352
 10
731595.9244383593
 20
1424473.6879746888
 10
731596.9255836884
 20
1424473.7498374574
 10
731597.9278900268
 20
1424473.7110950279
 10
731598.9212729805
 20
1424473.5721371947
 10
731599.8957379351
 20
1424473.3343620396
 10
731600.8414806136
 20
1424473.0001618632
 10
731601.7489857198
 20
1424472.572899117
 10
731621.8581190067
 20
1424461.8418068204
 10
731621.7604080371
 20
1424462.155064318
 10
731621.5614403018
 20
1424463.1158791438
 10
731621.457591971
 20
1424464.0915680353
 10
731621.4498628479
 20
1424465.072737516
 10
731621.5383273449
 20
1424466.049941344
 10
731621.7221337673
 20
1424467.0137714576
 10
731621.9995125126
 20
1424467.9549485508
 10
731622.3677931078
 20
1424468.86441141
 10
731644.4771724796
 20
1424516.5883085555
 10
731612.9190658889
 20
1424524.2329577976
 10
731599.2091651768
 20
1424527.2278010754
 10
731598.2843019278
 20
1424527.4767815233
 10
731597.3875006147
 20
1424527.8131008623
 10
731596.5269881637
 20
1424528.2336738221
 10
731595.7106586
 20
1424528.7346422207
 10
731594.9460006314
 20
1424529.3114103577
 10
731594.2400289495
 20
1424529.9586871741
 10
731593.5992198793
 20
1424530.67053479
 10
731593.0294519678
 20
1424531.4404229769
 10
731592.535952057
 20
1424532.2612890627
 10
731592.1232473338
 20
1424533.1256027236
 10
731591.7951237999
 20
1424534.025435063
 10
731591.55459154
 20
1424534.9525313498
 10
731591.4038571089
 20
1424535.8983867427
 10
731591.344303289
 20
1424536.8543243115
 10
731591.3764764048
 20
1424537.8115746358
 10
731591.5000813125
 20
1424538.7613562525
 10
731591.7139841056
 20
1424539.694956214
 10
731592.0162225186
 20
1424540.6038100165
 10
731592.4040239273
 20
1424541.4795801693
 10
731601.6575890363
 20
1424559.9349847015
 10
731601.3141923639
 20
1424560.0807821534
 10
731600.4112173493
 20
1424560.518878345
 10
731599.5567037981
 20
1424561.0452800365
 10
731598.7592591582
 20
1424561.654684825
 10
731598.026916027
 20
1424562.340954224
 10
731597.367051239
 20
1424563.0971754957
 10
731596.7863115608
 20
1424563.9157312827
 10
731596.2905467374
 20
1424564.7883763365
 10
731595.884750569
 20
1424565.7063205722
 10
731595.5730106084
 20
1424566.6603176093
 10
731595.3584669881
 20
1424567.640757911
 10
731595.2432807888
 20
1424568.6377655787
 10
731595.2286122722
 20
1424569.6412978326
 10
731595.3146091931
 20
1424570.641246171
 10
731595.5004053112
 20
1424571.627538193
 10
731595.7841291169
 20
1424572.5902390562
 10
731596.1629226826
 20
1424573.5196515506
 10
731603.5714215925
 20
1424589.3708217405
 10
731604.0186419606
 20
1424590.2191000737
 10
731604.5450580124
 20
1424591.0206412943
 10
731605.1458289197
 20
1424591.7680745723
 10
731605.8154301004
 20
1424592.4545266442
 10
731606.5477040211
 20
1424593.0736850193
 10
731607.3359168213
 20
1424593.619856027
 10
731608.1728202365
 20
1424594.0880171764
 10
731609.0507182521
 20
1424594.4738633407
 10
731609.9615378741
 20
1424594.7738463474
 10
731610.8969033676
 20
1424594.985207606
 10
731611.8482132781
 20
1424595.1060034765
 10
731612.8067195291
 20
1424595.135123141
 10
731613.7636078679
 20
1424595.072298821
 10
731614.7100789198
 20
1424594.918108237
 10
731615.6374291055
 20
1424594.6739692986
 10
731616.5371306778
 20
1424594.3421270638
 10
731673.782072736
 20
1424570.0501376656
 10
731689.3844465252
 20
1424600.4278911906
 10
731689.6654157356
 20
1424600.9378381947
 10
731710.766477451
 20
1424636.7223985966
 10
731732.8466824552
 20
1424672.0574680492
 10
731751.9607640451
 20
1424706.5565639846
 10
731770.2960986863
 20
1424739.5926761196
 10
731770.6095498012
 20
1424740.1188002245
 10
731792.4304607045
 20
1424774.3179020307
 10
731814.77394711
 20
1424809.0169946288
 10
731852.6774330685
 20
1424875.407604679
 10
731853.1546858941
 20
1424876.1630272837
 10
731856.3287228193
 20
1424880.7223708266
 10
731917.6408712365
 20
1425024.4550006702
 10
731917.9581354444
 20
1425025.128180052
 10
731918.3245841229
 20
1425025.7759009977
 10
731960.7814130749
 20
1425094.7035414758
 10
731961.3274929719
 20
1425095.5010264073
 10
731961.9480116353
 20
1425096.242067606
 10
731962.63717227
 20
1425096.9197423728
 10
731963.3885368374
 20
1425097.5277199685
 10
731964.1950861989
 20
1425098.0603207543
 10
731965.0492856876
 20
1425098.5125692517
 10
731965.943155496
 20
1425098.8802406206
 10
731966.8683452222
 20
1425099.1599001284
 10
731967.8162118783
 20
1425099.348935237
 10
731968.7779006315
 20
1425099.4455800075
 10
731969.7444275256
 20
1425099.4489315986
 10
731970.7067634063
 20
1425099.3589587002
 10
731971.655918272
 20
1425099.1765018262
 10
731972.5830252556
 20
1425098.903265462
 10
731973.4794234586
 20
1425098.5418021423
 10
731974.3367388591
 20
1425098.0954886046
 10
732396.8280108323
 20
1424851.496116103
 10
732427.1418774386
 20
1424905.0282264405
 10
732028.9855781859
 20
1425133.8340241166
 10
732028.1358305597
 20
1425134.3812524101
 10
732027.3456612556
 20
1425135.0114605539
 10
732026.6231420889
 20
1425135.7182107836
 10
732025.9756538083
 20
1425136.494283435
 10
732025.4098106999
 20
1425137.3317506942
 10
732024.9313930197
 20
1425138.2220575833
 10
732024.5452879472
 20
1425139.156109352
 10
732024.2554396609
 20
1425140.1243643826
 10
732024.0648090473
 20
1425141.1169316613
 10
732023.9753434551
 20
1425142.123671817
 10
732023.9879568021
 20
1425143.134300699
 10
732024.1025202392
 20
1425144.1384944315
 10
732024.3178634666
 20
1425145.125994876
 10
732024.631786689
 20
1425146.086714421
 10
732025.0410830871
 20
1425147.0108390292
 10
732025.5415715761
 20
1425147.8889284928
 10
732048.6244433837
 20
1425184.0118510483
 10
732045.5118379641
 20
1425192.3048196952
 10
732040.0153709366
 20
1425208.1345522972
 10
732039.7168724362
 20
1425209.1718069492
 10
732039.5319057166
 20
1425210.2351911135
 10
732039.4626256373
 20
1425211.3123163795
 10
732039.5098393103
 20
1425212.3906342534
 10
732039.672996697
 20
1425213.4575823473
 10
732043.1825224379
 20
1425230.2744514684
 10
732031.6699586085
 20
1425240.8434848518
 10
731964.4826004381
 20
1425303.3397625233
 10
731817.8577348958
 20
1425407.8342565328
 10
731817.1023739983
 20
1425408.4293515978
 10
731816.4076647417
 20
1425409.0942480336
 10
731746.5976313284
 20
1425482.6580027274
 10
731672.1321576429
 20
1425536.2700939025
 10
731655.05968698
 20
1425535.7660377745
 10
731654.056010974
 20
1425535.786816566
 10
731653.0594758126
 20
1425535.9081217817
 10
731652.0801245501
 20
1425536.1287309108
 10
731651.127827062
 20
1425536.446420661
 10
731650.2121805764
 20
1425536.8579893631
 10
731649.3424129537
 20
1425537.3592892392
 10
731498.2087270789
 20
1425634.8875385672
 10
731497.3938015604
 20
1425635.4733597382
 10
731496.6417015598
 20
1425636.1379164585
 10
731495.9600029053
 20
1425636.8745147139
 10
731495.3555722798
 20
1425637.6757348236
 10
731494.8344980527
 20
1425638.5335061771
 10
731494.402028953
 20
1425639.4391885293
 10
731494.0625211985
 20
1425640.3836590317
 10
731493.8193946175
 20
1425641.357404127
 10
731493.6750981995
 20
1425642.350615378
 10
731493.6310854281
 20
1425643.3532882663
 10
731493.6877996394
 20
1425644.3553229682
 10
731493.8446695571
 20
1425645.3466260873
 10
731494.1001150459
 20
1425646.3172123265
 10
731494.4515630289
 20
1425647.2573050668
 10
731514.2795127311
 20
1425693.1332792845
 10
731385.7812982823
 20
1425771.777461299
 10
731336.6306285596
 20
1425733.6346803915
 10
731335.9083833335
 20
1425733.1237282488
 10
731273.6968866672
 20
1425693.1199941107
 10
731218.1742250242
 20
1425524.5182360357
 10
731184.4417445121
 20
1425277.990089353
 10
731163.8216877385
 20
1425073.669893838
 10
731178.7741771362
 20
1424911.5672540455
 10
731234.2569996186
 20
1424909.8560507554
 10
731327.4065546205
 20
1424944.0257866594
 10
731328.3677076288
 20
1424944.3244132807
 10
731329.3540103869
 20
1424944.5249122428
 10
731330.3554717172
 20
1424944.6252525048
 10
731331.361946887
 20
1424944.6244176272
 10
731332.3632403734
 20
1424944.5224160673
 10
731333.3492091441
 20
1424944.320281094
 10
731334.3098654047
 20
1424944.0200603197
 10
731335.235477775
 20
1424943.62479496
 10
731336.1166698666
 20
1424943.1384890254
 10
731336.9445152656
 20
1424942.5660687606
 10
731337.7106279565
 20
1424941.9133327426
 10
731338.4072472717
 20
1424941.1868931416
 10
731339.0273165065
 20
1424940.3941087392
 10
731339.564554403
 20
1424939.543010386
 10
731340.0135187792
 20
1424938.6422196482
 10
731340.3696616576
 20
1424937.7008614729
 10
731340.629375336
 20
1424936.7284717518
 10
731340.790028933
 20
1424935.7349007246
 10
731340.8499950388
 20
1424934.7302131958
 10
731341.2719512589
 20
1424889.2157878787
 10
731341.2294836264
 20
1424888.1978232663
 10
731341.083655747
 20
1424887.1894633693
 10
731340.835981395
 20
1424886.201175523
 10
731340.4890315672
 20
1424885.2432187027
 10
731340.0464077955
 20
1424884.325537032
 10
731339.51270476
 20
1424883.4576565553
 10
731338.893462594
 20
1424882.648586353
 10
731338.1951093748
 20
1424881.906725023
 10
731337.4248943961
 20
1424881.2397734965
 10
731336.5908129162
 20
1424880.6546551008
 10
731315.3354829372
 20
1424867.30565822
 10
731519.5075038249
 20
1424777.2316637174
 10
731520.4027764625
 20
1424776.7818385672
 10
731521.2485429138
 20
1424776.2446841467
 10
731522.0363129035
 20
1424775.625592712
 10
731522.7581783573
 20
1424774.9307790478
 10
731523.4068927871
 20
1424774.167218081
 10
731523.9759440359
 20
1424773.3425748625
 10
731524.4596196497
 20
1424772.4651276208
 10
731524.8530642232
 20
1424771.5436846605
 10
731525.1523281403
 20
1424770.58749594
 10
731525.354407223
 20
1424769.6061602146
 10
731525.4572728887
 20
1424768.6095286799
 10
731525.4598925145
 20
1424767.6076060785
 10
731523.9111535623
 20
1424735.0289458695
 10
731523.820039635
 20
1424734.0764181723
 10
731523.6383021649
 20
1424733.1369596825
 10
731523.36760516
 20
1424732.2191721834
 10
731523.0104271512
 20
1424731.331459036
 10
731522.5700384988
 20
1424730.4819482376
 10
731522.0504714487
 20
1424729.6784180005
 10
731521.4564832126
 20
1424728.9282255336
 10
731520.793512411
 20
1424728.2382396802
 10
731520.0676292755
 20
1424727.6147780248
 10
731519.2854800704
 20
1424727.06354905
 10
731518.4542262381
 20
1424726.589599867
 10
731517.5814788281
 20
1424726.1972700055
 10
731516.6752288095
 20
1424725.8901516804
 10
731515.743773905
 20
1424725.6710568997
 10
731514.7956426161
 20
1424725.541991719
 10
731513.8395161348
 20
1424725.5041378732
 10
731512.8841488581
 20
1424725.557841956
 10
731375.328791845
 20
1424739.9176213648
 10
731324.6831076263
 20
1424733.7160863373
 10
731321.6170306511
 20
1424615.5076385718
 10
731483.6628091247
 20
1424620.9383308454
 10
731484.6256836015
 20
1424620.9242076005
 10
731485.5827351221
 20
1424620.8175346837
 10
731486.5250886919
 20
1424620.6193013021
 10
731487.4440056144
 20
1424620.3313457263
 10
731488.3309645276
 20
1424619.9563382457
 10
731489.1777404242
 20
1424619.4977564043
 10
731489.9764809251
 20
1424618.9598527548
 10
731490.7197790963
 20
1424618.347615421
 10
731491.400742135
 20
1424617.6667218434
 10
731492.0130552893
 20
1424616.9234861303
 10
731492.5510404153
 20
1424616.124800505
 10
731493.0097086334
 20
1424615.2780713923
 10
731493.3848065906
 20
1424614.3911507383
 10
731493.6728559033
 20
1424613.4722631949
 10
731493.8711854131
 20
1424612.5299298516
 10
731493.9779559576
 20
1424611.5728892176
 10
731493.9921774251
 20
1424610.6100161865
 10
731493.9137179359
 20
1424609.6502397372
 10
731488.4956418929
 20
1424568.1217880093
 10
731484.9254597697
 20
1424533.0254216173
 10
731484.7846780415
 20
1424532.0866654434
 10
731484.555519241
 20
1424531.1654874512
 10
731484.2400482782
 20
1424530.2701882161
 10
731483.8411078075
 20
1424529.4088351238
 10
731483.3622926119
 20
1424528.5891896775
 10
731482.8079172121
 20
1424527.8186375604
 10
731482.1829769888
 20
1424527.1041220839
 10
731481.49310317
 20
1424526.4520816228
 10
731480.7445120887
 20
1424525.8683916004
 10
731479.9439491694
 20
1424525.3583115467
 10
731479.0986281456
 20
1424524.9264377044
 10
731478.2161660586
 20
1424524.5766616135
 10
731477.3045146208
 20
1424524.3121350459
 10
731476.3718885652
 20
1424524.1352416044
 10
731475.4266916236
 20
1424524.0475752454
 10
731376.1771256144
 20
1424519.577911154
 10
731351.3789595079
 20
1424511.358453932
 10
731355.450390275
 20
1424469.8353686838
 10
731355.497483673
 20
1424468.972122938
 10
731355.4698407087
 20
1424468.108035632
 10
731353.337961943
 20
1424439.8195850784
 10
731350.7768537966
 20
1424403.2404687316
 10
731361.7696846626
 20
1424322.277623981
 10
731477.0448502708
 20
1424276.3811930087
 10
731477.7480862392
 20
1424276.0693536515
 10
731478.4252701043
 20
1424275.7043788242
 10
731507.5270279726
 20
1424258.5434954553
 10
731508.3367867803
 20
1424258.0115033647
 10
731509.0912618488
 20
1424257.4036445962
 10
731509.7833707327
 20
1424256.7256252721
 10
731510.4066164335
 20
1424255.9838101282
 10
731510.9551483885
 20
1424255.1851627682
 10
731511.4238173917
 20
1424254.337180294
 10
731511.8082239303
 20
1424253.4478229282
 10
731512.1047594844
 20
1424252.5254392896
 10
731512.310640401
 20
1424251.5786880238
 10
731513.2614766674
 20
1424245.8917367745
 97
0
 75
1
 76
1
 52
0.0
 41
1.0
 77
0
 78
1
 53
45.0
 43
0.0
 44
0.0
 45
-0.0883883476
 46
0.0883883476
 79
0
 98
0
  0
HATCH
  5
3F
330
17
100
AcDbEntity
  8
GREEN_BELT
 62
7
420
6592100
100
AcDbHatch
 10
0.0
 20
0.0
 30
0.0
210
0.0
220
0.0
230
1.0
  2
SOLID
 70
0
 71
0
 91
2
 92
3
 72
0
 73
1
 93
25
 10
729936.9172100388
 20
1425264.898109889
 10
729939.6306522893
 20
1425269.068992749
 10
729857.0633714732
 20
1425321.506495227
 10
729874.9972276867
 20
1425348.476054582
 10
729916.752914205
 20
1425322.383868642
 10
729932.9763906071
 20
1425312.468705408
 10
729978.3128303532
 20
1425346.325084239
 10
729983.7375183479
 20
1425346.310226705
 10
730033.8497046013
 20
1425331.308023917
 10
730068.5851381415
 20
1425319.798336695
 10
730113.8911843044
 20
1425302.026500924
 10
730159.6754769281
 20
1425270.889234136
 10
730242.3780032945
 20
1425205.963773575
 10
730225.0612031636
 20
1425195.724012108
 10
730197.589157177
 20
1425159.17486261
 10
730148.5954276309
 20
1425134.301131368
 10
730066.863490977
 20
1425106.144401324
 10
730044.3690503339
 20
1425088.611637209
 10
730042.2473711077
 20
1425098.354310164
 10
730016.0974322911
 20
1425086.123839457
 10
729980.6691101155
 20
1425068.19930908
 10
729804.7566672306
 20
1425247.068930499
 10
729825.1419381831
 20
1425281.483653156
 10
729849.4471444627
 20
1425320.847945467
 10
729936.9172100388
 20
1425264.898109889
 97
0
 92
3
 72
0
 73
1
 93
88
 10
729833.6989699453
 20
1425276.308167571
 10
729817.2826465992
 20
1425248.5938822753
 10
729982.6750084875
 20
1425080.4211898188
 10
730011.8608518579
 20
1425095.1820614808
 10
730038.0107906745
 20
1425107.4125321878
 10
730038.933046621
 20
1425107.7890996793
 10
730039.8881925684
 20
1425108.0720401776
 10
730040.8667500389
 20
1425108.2585458974
 10
730041.8590082283
 20
1425108.346766032
 10
730042.855120372
 20
1425108.3358251208
 10
730043.8452014606
 20
1425108.2258317368
 10
730044.8194263342
 20
1425108.0178774097
 10
730045.7681271835
 20
1425107.714025793
 10
730046.6818894894
 20
1425107.3172921857
 10
730047.5516454482
 20
1425106.8316136103
 10
730048.3687639575
 20
1425106.261809742
 10
730049.1251362675
 20
1425105.6135350817
 10
730049.4625200204
 20
1425105.260367636
 10
730060.715985478
 20
1425114.0316173183
 10
730061.6198431107
 20
1425114.659338614
 10
730062.5872009333
 20
1425115.1839446456
 10
730063.6063443138
 20
1425115.5990824723
 10
730144.6848001435
 20
1425143.5306877496
 10
730190.9910977815
 20
1425167.0400309437
 10
730217.0675257593
 20
1425201.7324329952
 10
730217.6941524588
 20
1425202.4861540701
 10
730218.3915585753
 20
1425203.1749074277
 10
730219.1530437343
 20
1425203.792075826
 10
730219.9712919177
 20
1425204.3317297795
 10
730224.7004130584
 20
1425207.128151293
 10
730153.769305937
 20
1425262.8124816308
 10
730109.1951714352
 20
1425293.1267365485
 10
730065.1841349491
 20
1425310.3905893625
 10
730030.8424108516
 20
1425321.7698198124
 10
729982.259373688
 20
1425336.314237649
 10
729981.6225148364
 20
1425336.3159819248
 10
729938.9598696125
 20
1425304.4563412755
 10
729938.1371982044
 20
1425303.9033061212
 10
729937.2638148365
 20
1425303.4344376747
 10
729936.3483016891
 20
1425303.0543432068
 10
729935.3996549252
 20
1425302.766757663
 10
729934.4271962907
 20
1425302.5745069631
 10
729933.4404815155
 20
1425302.4794802314
 10
729932.4492064152
 20
1425302.4826112352
 10
729931.4631116174
 20
1425302.583869208
 10
729930.4918868454
 20
1425302.7822591527
 10
729929.5450757052
 20
1425303.0758316175
 10
729928.6319819049
 20
1425303.4617018537
 10
729927.7615778338
 20
1425303.9360781608
 10
729911.4536723146
 20
1425313.903418454
 10
729877.9416605473
 20
1425334.8443181296
 10
729871.0451411093
 20
1425324.473091322
 10
729944.9917414857
 20
1425277.5104809252
 10
729945.7987268596
 20
1425276.9401334603
 10
729946.5454796515
 20
1425276.2929226041
 10
729947.2247076589
 20
1425275.575168511
 10
729947.8297780735
 20
1425274.7938802042
 10
729948.3547822518
 20
1425273.9566871338
 10
729948.7945934143
 20
1425273.0717646705
 10
729949.1449167102
 20
1425272.147754274
 10
729949.4023311567
 20
1425271.1936791055
 10
729949.5643230458
 20
1425270.2188559154
 10
729949.629310492
 20
1425269.2328040625
 10
729949.5966588785
 20
1425268.2451525568
 10
729949.4666870558
 20
1425267.2655460287
 10
729949.2406642264
 20
1425266.303550548
 10
729948.9207975524
 20
1425265.3685602082
 10
729948.510210601
 20
1425264.4697053924
 10
729948.0129128424
 20
1425263.6157636123
 10
729945.2994705919
 20
1425259.4448807521
 10
729944.7276089415
 20
1425258.6532985242
 10
729944.0812651268
 20
1425257.9212685768
 10
729943.3666028646
 20
1425257.2557717534
 10
729942.5904373756
 20
1425256.6631544195
 10
729941.7601703926
 20
1425256.1490679407
 10
729940.8837195752
 20
1425255.7184147907
 10
729939.9694430056
 20
1425255.375301799
 10
729939.0260594825
 20
1425255.123000988
 10
729938.0625653771
 20
1425254.9639183693
 10
729937.0881488405
 20
1425254.8995709994
 10
729936.1121021833
 20
1425254.930572513
 10
729935.1437332614
 20
1425255.056627271
 10
729934.1922767137
 20
1425255.2765331795
 10
729933.2668058978
 20
1425255.5881931542
 10
729932.3761463641
 20
1425255.9886351174
 10
729931.528791693
 20
1425256.474040342
 10
729852.6179437123
 20
1425306.949010731
 10
729833.6989699453
 20
1425276.308167571
 97
0
 75
1
 76
1
 52
0.0
 41
1.0
 77
0
 78
1
 53
45.0
 43
0.0
 44
0.0
 45
-0.0883883476
 46
0.0883883476
 79
0
 98
0
  0
HATCH
  5
40
330
17
100
AcDbEntity
  8
BOUNDARY
 62
7
420
14474460
100
AcDbHatch
 10
0.0
 20
0.0
 30
0.0
210
0.0
220
0.0
230
1.0
  2
SOLID
 70
0
 71
0
 91
1
 92
3
 72
0
 73
1
 93
582
 10
731514.455242556
 20
1424258.910378332
 10
731514.2348332604
 20
1424259.2001365926
 10
731513.6115875596
 20
1424259.9419517366
 10
731513.2823623712
 20
1424260.2973275993
 10
731512.5902534873
 20
1424260.9753469233
 10
731512.2281823938
 20
1424261.2971943254
 10
731511.4737073253
 20
1424261.9050530938
 10
731511.0821891762
 20
1424262.1903507756
 10
731510.2724303686
 20
1424262.7223428662
 10
731480.9650094341
 20
1424280.0113178922
 10
731480.1202850403
 20
1424280.4707935122
 10
731479.774924514
 20
1424280.6401223622
 10
731478.894379684
 20
1424281.0265391693
 10
731366.3314551947
 20
1424325.8431001918
 10
731355.8005384343
 20
1424403.4039204337
 10
731358.3248226962
 20
1424439.4570983653
 10
731360.455702266
 20
1424467.7322903303
 10
731360.4949270848
 20
1424468.81225003
 10
731360.490059927
 20
1424469.2444873045
 10
731360.4265266154
 20
1424470.3232899082
 10
731356.7450312201
 20
1424507.8695619404
 10
731377.0933738021
 20
1424514.614106302
 10
731475.6516366112
 20
1424519.0526378332
 10
731476.8336531916
 20
1424519.156609922
 10
731477.3036386094
 20
1424519.222824495
 10
731478.2362646649
 20
1424519.3997179365
 10
731478.6978542442
 20
1424519.510197448
 10
731479.6095056819
 20
1424519.7747240157
 10
731480.0585401194
 20
1424519.9284729534
 10
731480.9410022065
 20
1424520.2782490442
 10
731481.3734353313
 20
1424520.4738820037
 10
731482.218756355
 20
1424520.905755846
 10
731482.6306915868
 20
1424521.141510012
 10
731483.4312545061
 20
1424521.6515900658
 10
731483.8189799692
 20
1424521.9253410997
 10
731484.5675710505
 20
1424522.509031122
 10
731484.9275930154
 20
1424522.8183122985
 10
731485.6174668343
 20
1424523.4703527596
 10
731485.9465412075
 20
1424523.8123772014
 10
731486.5714814308
 20
1424524.5268926779
 10
731486.8666429806
 20
1424524.8985784622
 10
731487.4210183803
 20
1424525.6691305793
 10
731487.6796074561
 20
1424526.0671285093
 10
731488.1584226517
 20
1424526.8867739555
 10
731488.3781091525
 20
1424527.3074977412
 10
731488.7770496233
 20
1424528.1688508336
 10
731488.9558539918
 20
1424528.6085094048
 10
731489.2713249546
 20
1424529.50380864
 10
731489.4076360166
 20
1424529.9584403122
 10
731489.636794817
 20
1424530.8796183043
 10
731489.7293842963
 20
1424531.3451264673
 10
731489.8997888302
 20
1424532.519407391
 10
731493.4627958421
 20
1424567.5452394725
 10
731498.8970945023
 20
1424609.2428603105
 10
731498.9755539915
 20
1424610.2026367597
 10
731498.9916321449
 20
1424610.6838572642
 10
731498.9774106775
 20
1424611.6467302954
 10
731498.9471275512
 20
1424612.127266052
 10
731498.8403570066
 20
1424613.084306686
 10
731498.7639934242
 20
1424613.5597015577
 10
731498.5656639144
 20
1424614.502034901
 10
731498.4439280157
 20
1424614.967880425
 10
731498.155878703
 20
1424615.8867679685
 10
731497.9898993773
 20
1424616.3387442343
 10
731497.6148014201
 20
1424617.2256648883
 10
731497.4061178389
 20
1424617.6595805981
 10
731496.9474496208
 20
1424618.5063097107
 10
731496.6979969619
 20
1424618.91814105
 10
731496.1600118359
 20
1424619.7168266755
 10
731495.8721033401
 20
1424620.1027546218
 10
731495.2597901858
 20
1424620.8459903349
 10
731494.9360957076
 20
1424621.2024360735
 10
731494.2551326689
 20
1424621.883329651
 10
731493.8986539106
 20
1424622.2069877684
 10
731493.1553557394
 20
1424622.8192251022
 10
731492.7693984258
 20
1424623.1070942276
 10
731491.9706579249
 20
1424623.644997877
 10
731491.5588011423
 20
1424623.8944085236
 10
731490.7120252457
 20
1424624.352990365
 10
731490.2780882482
 20
1424624.5616296823
 10
731489.391129335
 20
1424624.936637163
 10
731488.9391361418
 20
1424625.102570381
 10
731488.0202192193
 20
1424625.3905259569
 10
731487.5543612785
 20
1424625.5122143344
 10
731486.6120077088
 20
1424625.710447716
 10
731486.136605051
 20
1424625.786762803
 10
731485.1795535304
 20
1424625.89343572
 10
731484.6990146858
 20
1424625.9236698267
 10
731483.4953365385
 20
1424625.9355253517
 10
731326.7529389944
 20
1424620.6825669883
 10
731329.5696512527
 20
1424729.2770956166
 10
731375.3736442158
 20
1424734.8857683227
 10
731512.3650063039
 20
1424720.5848658844
 10
731513.5588940394
 20
1424720.5120189604
 10
731514.0373153524
 20
1424720.508051858
 10
731514.9934418336
 20
1424720.545905704
 10
731515.4700520764
 20
1424720.587683303
 10
731516.4181833653
 20
1424720.7167484837
 10
731516.8886186419
 20
1424720.803888264
 10
731517.8200735464
 20
1424721.0229830449
 10
731518.2800264996
 20
1424721.1546871443
 10
731519.1862765183
 20
1424721.4618054694
 10
731519.6315357739
 20
1424721.6368679926
 10
731520.5042831838
 20
1424722.029197854
 10
731520.9307718955
 20
1424722.2460159082
 10
731521.7620257278
 20
1424722.7199650912
 10
731522.1658389211
 20
1424722.9765534676
 10
731522.9479881262
 20
1424723.5277824425
 10
731523.3254284452
 20
1424723.8217917911
 10
731524.0513115807
 20
1424724.4452534465
 10
731524.3989231389
 20
1424724.7739917843
 10
731525.0618939406
 20
1424725.4639776377
 10
731525.3764939703
 20
1424725.8244350026
 10
731525.9704822063
 20
1424726.5746274695
 10
731526.2491901952
 20
1424726.9635034737
 10
731526.7687572454
 20
1424727.7670337108
 10
731527.0090213143
 20
1424728.1807677657
 10
731527.4494099667
 20
1424729.0302785642
 10
731527.6490302309
 20
1424729.4650824748
 10
731528.0062082397
 20
1424730.352795622
 10
731528.1633569549
 20
1424730.804688277
 10
731528.4340539598
 20
1424731.722475776
 10
731528.5472922554
 20
1424732.187319598
 10
731528.7290297255
 20
1424733.1267780878
 10
731528.7973207798
 20
1424733.600316917
 10
731528.90551336
 20
1424734.7915217548
 10
731530.4598754243
 20
1424767.6206790286
 10
731530.4572557985
 20
1424768.62260163
 10
731530.430851322
 20
1424769.122868303
 10
731530.3279856563
 20
1424770.1194998377
 10
731530.2516536261
 20
1424770.6146133214
 10
731530.0495745434
 20
1424771.5959490468
 10
731529.924081223
 20
1424772.0809391157
 10
731529.6248173058
 20
1424773.0371278361
 10
731529.4514224674
 20
1424773.507125889
 10
731529.0579778939
 20
1424774.4285688493
 10
731528.8384221712
 20
1424774.878856785
 10
731528.3547465574
 20
1424775.7563040266
 10
731528.0912339728
 20
1424776.1823616037
 10
731527.522182724
 20
1424777.0070048221
 10
731527.2173585652
 20
1424777.404555035
 10
731526.5686441354
 20
1424778.1681160019
 10
731526.2255683957
 20
1424778.533168022
 10
731525.5037029419
 20
1424779.2279816864
 10
731525.1258196072
 20
1424779.5568709173
 10
731524.3380496175
 20
1424780.175962352
 10
731523.9291520932
 20
1424780.4653872193
 10
731523.0833856419
 20
1424781.0025416398
 10
731522.6475786662
 20
1424781.2495967373
 10
731521.5256692779
 20
1424781.8062684222
 10
731325.968910013
 20
1424868.0794922577
 10
731339.2500288882
 20
1424876.4204408391
 10
731340.2963590827
 20
1424877.1465241085
 10
731340.6979546347
 20
1424877.4599485435
 10
731341.4681696134
 20
1424878.1269000699
 10
731341.8357889836
 20
1424878.479561183
 10
731342.5341422028
 20
1424879.221422513
 10
731342.8639693011
 20
1424879.6096594883
 10
731343.483211467
 20
1424880.4187296906
 10
731343.7718225032
 20
1424880.8385124109
 10
731344.3055255387
 20
1424881.7063928875
 10
731344.5499245715
 20
1424882.1533637773
 10
731344.9925483433
 20
1424883.071045448
 10
731345.1901983744
 20
1424883.5405647005
 10
731345.5371482022
 20
1424884.4985215208
 10
731345.6859975149
 20
1424884.9857152659
 10
731345.9336718669
 20
1424885.9740031122
 10
731346.0321753228
 20
1424886.473814008
 10
731346.1780032022
 20
1424887.482173905
 10
731346.2251382809
 20
1424887.9894136388
 10
731346.2717364023
 20
1424889.262140006
 10
731345.8497801822
 20
1424934.7765653231
 10
731345.781146515
 20
1424936.032802188
 10
731345.7259216169
 20
1424936.533000601
 10
731345.5652680199
 20
1424937.5265716282
 10
731345.4600428762
 20
1424938.0186853448
 10
731345.2003291978
 20
1424938.991075066
 10
731345.0461697319
 20
1424939.4701190095
 10
731344.6900268535
 20
1424940.4114771849
 10
731344.4884946897
 20
1424940.8725986744
 10
731344.0395303135
 20
1424941.773389412
 10
731343.7926669588
 20
1424942.2119173186
 10
731343.2554290623
 20
1424943.063015672
 10
731342.9657352245
 20
1424943.4745077395
 10
731342.3456659898
 20
1424944.267292142
 10
731342.0160762473
 20
1424944.6475799845
 10
731341.3194569321
 20
1424945.3740195855
 10
731340.9533100068
 20
1424945.7192509132
 10
731340.1871973159
 20
1424946.3719869312
 10
731339.7882022492
 20
1424946.6786645758
 10
731338.9603568502
 20
1424947.2510848406
 10
731338.5325554339
 20
1424947.5161021794
 10
731337.6513633423
 20
1424948.002408114
 10
731337.199089176
 20
1424948.223080539
 10
731336.2734768058
 20
1424948.6183458986
 10
731335.8013113936
 20
1424948.7924380146
 10
731334.840655133
 20
1424949.092658789
 10
731334.353381477
 20
1424949.2184070544
 10
731333.3674127063
 20
1424949.4205420278
 10
731332.8699668576
 20
1424949.496672622
 10
731331.8686733712
 20
1424949.5986741818
 10
731331.3660944176
 20
1424949.624415907
 10
731330.3596192478
 20
1424949.6252507847
 10
731329.8569982797
 20
1424949.600342879
 10
731328.8555369494
 20
1424949.500002617
 10
731328.3579654812
 20
1424949.4246973959
 10
731327.3716627231
 20
1424949.2241984338
 10
731326.8841811221
 20
1424949.0992587341
 10
731325.9230281138
 20
1424948.800632113
 10
731233.443727174
 20
1424914.8835112476
 10
731183.3469885245
 20
1424916.4285967383
 10
731168.8449058399
 20
1425073.648295957
 10
731189.4075863832
 20
1425277.3999613894
 10
731223.0663657148
 20
1425523.3894754201
 10
731277.8916863024
 20
1425689.8728639446
 10
731338.7960676628
 20
1425729.041905223
 10
731339.696047536
 20
1425729.6845909622
 10
731386.1176350153
 20
1425765.7095007058
 10
731507.9682934952
 20
1425691.133792357
 10
731489.8619021823
 20
1425649.240991865
 10
731489.4166915291
 20
1425648.0680818711
 10
731489.2647767629
 20
1425647.5898095483
 10
731489.0093312741
 20
1425646.6192233092
 10
731488.9061223889
 20
1425646.1281322408
 10
731488.7492524713
 20
1425645.1368291217
 10
731488.6957890801
 20
1425644.6378660193
 10
731488.6390748688
 20
1425643.6358313174
 10
731488.6358955031
 20
1425643.1340221874
 10
731488.6799082746
 20
1425642.131349299
 10
731488.7270449597
 20
1425641.631748815
 10
731488.8713413776
 20
1425640.638537564
 10
731488.9683193105
 20
1425640.1461781505
 10
731489.2114458915
 20
1425639.1724330552
 10
731489.3572882232
 20
1425638.6922742003
 10
731489.6967959777
 20
1425637.7478036978
 10
731489.8900336523
 20
1425637.284681995
 10
731490.3225027521
 20
1425636.3789996428
 10
731490.5611893067
 20
1425635.9375800686
 10
731491.0822635337
 20
1425635.079808715
 10
731491.3639947018
 20
1425634.6645376466
 10
731491.9684253273
 20
1425633.863317537
 10
731492.2903632588
 20
1425633.478377958
 10
731492.9720619132
 20
1425632.7417797027
 10
731493.330963759
 20
1425632.3910490717
 10
731494.0830637596
 20
1425631.7264923514
 10
731494.4753143394
 20
1425631.4135035411
 10
731495.4976482573
 20
1425630.6863421157
 10
731646.6313341322
 20
1425533.1580927877
 10
731647.7153963619
 20
1425532.5260073012
 10
731648.1623132456
 20
1425532.2975021165
 10
731649.0779597312
 20
1425531.8859334143
 10
731649.5455351224
 20
1425531.7033886963
 10
731650.4978326105
 20
1425531.3856989462
 10
731650.9813542977
 20
1425531.2509543751
 10
731651.9607055602
 20
1425531.030345246
 10
731652.4553006232
 20
1425530.9447587745
 10
731653.4518357846
 20
1425530.8234535588
 10
731653.9525197083
 20
1425530.787887725
 10
731655.2072451717
 20
1425530.7682155909
 10
731670.5859324932
 20
1425531.2222636158
 10
731743.2945260511
 20
1425478.8750541762
 10
731812.7808085633
 20
1425405.6524586354
 10
731813.6451967217
 20
1425404.817160396
 10
731814.0081340163
 20
1425404.5017977874
 10
731814.9559137945
 20
1425403.7624713844
 10
731961.3156074568
 20
1425299.456956245
 10
732028.2645437797
 20
1425237.1824535977
 10
732037.7072889893
 20
1425228.5134050336
 10
732034.7304520569
 20
1425214.2133948107
 10
732034.5672946702
 20
1425213.1464467167
 10
732034.5146251493
 20
1425212.6093475046
 10
732034.4674114763
 20
1425211.5310296307
 10
732034.4729361291
 20
1425210.9913824121
 10
732034.5422162084
 20
1425209.9142571462
 10
732034.6058706724
 20
1425209.3783488045
 10
732034.790837392
 20
1425208.3149646402
 10
732034.9118800939
 20
1425207.7890384982
 10
732035.2920055831
 20
1425206.4944853056
 10
732040.8095285696
 20
1425190.6053237822
 10
732043.0637372237
 20
1425184.5957730396
 10
732021.3283098231
 20
1425150.5812184846
 10
732020.6971488388
 20
1425149.4867702168
 10
732020.4694116306
 20
1425149.0356402772
 10
732020.0601152326
 20
1425148.111515669
 10
732019.8790790123
 20
1425147.6397017806
 10
732019.5651557898
 20
1425146.6789822357
 10
732019.4326698963
 20
1425146.191304118
 10
732019.2173266689
 20
1425145.2038036734
 10
732019.1347444851
 20
1425144.7052431041
 10
732019.0201810481
 20
1425143.7010493716
 10
732018.9883461758
 20
1425143.1966992954
 10
732018.9757328287
 20
1425142.1860704133
 10
732018.9949704706
 20
1425141.6810829167
 10
732019.0844360627
 20
1425140.674342761
 10
732019.1545497003
 20
1425140.1738764425
 10
732019.3451803139
 20
1425139.1813091638
 10
732019.4654537155
 20
1425138.690476436
 10
732019.7553020018
 20
1425137.7222214052
 10
732019.9245065392
 20
1425137.2460362695
 10
732020.3106116118
 20
1425136.3119845008
 10
732020.5270188096
 20
1425135.8553113323
 10
732021.0054364897
 20
1425134.9650044432
 10
732021.266835684
 20
1425134.5325082936
 10
732021.8326787924
 20
1425133.6950410344
 10
732022.1363997124
 20
1425133.2911399808
 10
732022.783887993
 20
1425132.5150673294
 10
732023.1268280395
 20
1425132.1438873415
 10
732023.8493472063
 20
1425131.4371371118
 10
732024.2280031432
 20
1425131.1024699048
 10
732025.0181724472
 20
1425130.472261761
 10
732025.4286761925
 20
1425130.1775260593
 10
732026.4943197336
 20
1425129.4988619138
 10
732420.3428079871
 20
1424903.168604958
 10
732394.9733789439
 20
1424858.368016093
 10
731976.8572082886
 20
1425102.413732907
 10
731975.788261718
 20
1425102.9768067524
 10
731975.3493204516
 20
1425103.1789871973
 10
731974.4529222486
 20
1425103.540450517
 10
731973.9965126768
 20
1425103.699311053
 10
731973.0694056932
 20
1425103.972547417
 10
731972.5997915269
 20
1425104.086603992
 10
731971.6506366612
 20
1425104.269060866
 10
731971.1722049682
 20
1425104.3372479798
 10
731970.2098690874
 20
1425104.4272208782
 10
731969.7270893069
 20
1425104.448901537
 10
731968.7605624129
 20
1425104.445549946
 10
731968.2779446027
 20
1425104.420521612
 10
731967.3162558494
 20
1425104.3238768415
 10
731966.8383085567
 20
1425104.252373326
 10
731965.8904419006
 20
1425104.0633382176
 10
731965.4216300393
 20
1425103.9460274961
 10
731964.4964403132
 20
1425103.6663679883
 10
731964.0411434536
 20
1425103.50434596
 10
731963.1472736452
 20
1425103.136674591
 10
731962.709745106
 20
1425102.9314548427
 10
731961.8555456173
 20
1425102.4792063453
 10
731961.4398727271
 20
1425102.2327060103
 10
731960.6333233657
 20
1425101.7001052245
 10
731960.2433892783
 20
1425101.414627072
 10
731959.4920247109
 20
1425100.8066494763
 10
731959.1314721353
 20
1425100.4848604025
 10
731958.4423115007
 20
1425099.8071856357
 10
731958.1145086674
 20
1425099.4520917484
 10
731957.493990004
 20
1425098.7110505498
 10
731957.2019991972
 20
1425098.325969082
 10
731956.5242196124
 20
1425097.3258122136
 10
731914.0673906603
 20
1425028.3981717355
 10
731913.6063160747
 20
1425027.590225578
 10
731913.4352693993
 20
1425027.2597716493
 10
731913.0418213308
 20
1425026.4168212442
 10
731851.9314115628
 20
1424883.1571225787
 10
731849.0511388564
 20
1424879.0197564815
 10
731848.3352596181
 20
1424877.8866225744
 10
731810.4979096163
 20
1424811.611854284
 10
731788.2207891766
 20
1424777.0158022563
 10
731766.3944747018
 20
1424742.808250337
 10
731766.0006465307
 20
1424742.1517952606
 10
731747.5889633882
 20
1424708.9829520443
 10
731728.5368028721
 20
1424674.595620545
 10
731706.4924259433
 20
1424639.3171016064
 10
731685.3582429675
 20
1424603.4771811701
 10
731684.9367891521
 20
1424602.712260664
 10
731671.4574965737
 20
1424576.4681369704
 10
731618.490306216
 20
1424598.9448550937
 10
731617.3676692675
 20
1424599.3650532865
 10
731616.9103803815
 20
1424599.5092143854
 10
731615.9830301958
 20
1424599.7533533238
 10
731615.5140354786
 20
1424599.8530503695
 10
731614.5675644267
 20
1424600.0072409536
 10
731614.091176665
 20
1424600.0615571511
 10
731613.1342883263
 20
1424600.1243814712
 10
731612.6548883037
 20
1424600.1328173373
 10
731611.6963820527
 20
1424600.1036976727
 10
731611.2183782406
 20
1424600.0661756333
 10
731610.2670683301
 20
1424599.945379763
 10
731609.79485637
 20
1424599.862244864
 10
731608.8594908764
 20
1424599.6508836052
 10
731608.3974131438
 20
1424599.5229003404
 10
731607.4865935218
 20
1424599.2229173337
 10
731607.0388992016
 20
1424599.051262614
 10
731606.161001186
 20
1424598.6654164498
 10
731605.7318071951
 20
1424598.4516687815
 10
731604.8949037798
 20
1424597.983507632
 10
731604.488156911
 20
1424597.7296326016
 10
731603.6999441108
 20
1424597.183461594
 10
731603.3193847337
 20
1424596.891793789
 10
731602.587110813
 20
1424596.272635414
 10
731602.2362384866
 20
1424595.9458569626
 10
731601.5666373059
 20
1424595.2594048907
 10
731601.2486785867
 20
1424594.900520786
 10
731600.6479076793
 20
1424594.153087508
 10
731600.3657864609
 20
1424593.7653979866
 10
731599.8393704091
 20
1424592.963856766
 10
731599.5956810275
 20
1424592.5509269505
 10
731599.0417425879
 20
1424591.4878971088
 10
731591.633243678
 20
1424575.6367269189
 10
731591.153918077
 20
1424574.4773388747
 10
731590.9880797929
 20
1424574.0037138108
 10
731590.7043559873
 20
1424573.0410129477
 10
731590.5868279316
 20
1424572.5531500634
 10
731590.4010318135
 20
1424571.5668580413
 10
731590.3329978372
 20
1424571.0696715422
 10
731590.2470009163
 20
1424570.0697232038
 10
731590.22914632
 20
1424569.5682212086
 10
731590.2438148366
 20
1424568.5646889547
 10
731590.2763194684
 20
1424568.0639230546
 10
731590.3915056677
 20
1424567.0669153868
 10
731590.474042111
 20
1424566.5719297582
 10
731590.6885857313
 20
1424565.5914894566
 10
731590.8203226032
 20
1424565.1072700487
 10
731591.1320625638
 20
1424564.1532730116
 10
731591.3116728883
 20
1424563.6846973316
 10
731591.7174690567
 20
1424562.766753096
 10
731591.9431436342
 20
1424562.318541067
 10
731592.4389084576
 20
1424561.4458960132
 10
731592.7083740849
 20
1424561.0225624416
 10
731593.2891137631
 20
1424560.2040066547
 10
731593.5996561354
 20
1424559.8098157446
 10
731594.2595209234
 20
1424559.053594473
 10
731594.6080119695
 20
1424558.692516881
 10
731595.1749345259
 20
1424558.161260991
 10
731587.9343962197
 20
1424543.7206576236
 10
731587.4443989206
 20
1424542.628267719
 10
731587.2716908065
 20
1424542.1815992396
 10
731586.9694523935
 20
1424541.272745437
 10
731586.8402688716
 20
1424540.8116028982
 10
731586.6263660785
 20
1424539.8780029367
 10
731586.5418922313
 20
1424539.4066166922
 10
731586.4182873237
 20
1424538.4568350755
 10
731586.3792980829
 20
1424537.9795294467
 10
731586.347124967
 20
1424537.0222791224
 10
731586.3539780059
 20
1424536.5434327396
 10
731586.4135318259
 20
1424535.5874951708
 10
731586.4661642772
 20
1424535.111500792
 10
731586.6168987083
 20
1424534.1656453991
 10
731586.7148277411
 20
1424533.6968696234
 10
731586.9553600011
 20
1424532.7697733366
 10
731587.0976872504
 20
1424532.3125165412
 10
731587.4258107842
 20
1424531.4126842017
 10
731587.6112305922
 20
1424530.9711410915
 10
731588.0239353154
 20
1424530.1068274307
 10
731588.250746709
 20
1424529.6850485606
 10
731588.7442466198
 20
1424528.8641824748
 10
731589.0103689139
 20
1424528.4660370897
 10
731589.5801368253
 20
1424527.6961489029
 10
731589.8831287122
 20
1424527.325289442
 10
731590.5239377824
 20
1424526.613441826
 10
731590.8610197258
 20
1424526.273270418
 10
731591.5669914078
 20
1424525.6259936015
 10
731591.9350711409
 20
1424525.3196308543
 10
731592.6997291094
 20
1424524.7428627172
 10
731593.0954300048
 20
1424524.4731190898
 10
731593.9117595685
 20
1424523.9721506913
 10
731594.3314516107
 20
1424523.7415007127
 10
731595.1919640617
 20
1424523.3209277529
 10
731595.631797151
 20
1424523.1314873213
 10
731596.5285984641
 20
1424522.7951679823
 10
731596.9845377334
 20
1424522.6486749547
 10
731598.1421080941
 20
1424522.3429889826
 10
731611.7968158686
 20
1424519.3602022617
 10
731637.3797904972
 20
1424513.1629715424
 10
731617.8310017319
 20
1424470.966202078
 10
731617.3901278639
 20
1424469.893512469
 10
731604.1029893128
 20
1424476.9840970363
 10
731602.971288166
 20
1424477.523868285
 10
731602.507392435
 20
1424477.7144738813
 10
731601.5616497565
 20
1424478.0486740577
 10
731601.0809929698
 20
1424478.1918480666
 10
731600.1065280152
 20
1424478.4296232217
 10
731599.6139461545
 20
1424478.523925142
 10
731598.6205632008
 20
1424478.662882975
 10
731598.1210122212
 20
1424478.7073640176
 10
731597.1187058828
 20
1424478.7461064472
 10
731596.6172118658
 20
1424478.7403190795
 10
731595.6160665367
 20
1424478.6784563109
 10
731595.1176751074
 20
1424478.6224587606
 10
731594.127763501
 20
1424478.460613207
 10
731593.6374890691
 20
1424478.3549688763
 10
731592.6687708736
 20
1424478.0947688962
 10
731592.191546183
 20
1424477.9405406925
 10
731591.253767856
 20
1424477.5846042072
 10
731590.7943943583
 20
1424477.383343851
 10
731589.8969910656
 20
1424476.9352520055
 10
731589.4600906003
 20
1424476.6889844134
 10
731588.6120912865
 20
1424476.1532455443
 10
731588.2020595936
 20
1424475.8644484621
 10
731587.411996141
 20
1424475.24645274
 10
731587.0329586287
 20
1424474.9180318108
 10
731586.3087800152
 20
1424474.2239970078
 10
731585.9645502503
 20
1424473.859256536
 10
731585.3135425744
 20
1424473.096165468
 10
731585.007583918
 20
1424472.6987751767
 10
731584.4362970917
 20
1424471.8743054478
 10
731584.1716878519
 20
1424471.448263556
 10
731583.6858697
 20
1424470.5707103123
 10
731583.4652721611
 20
1424470.1203033088
 10
731583.0698105925
 20
1424469.1984957804
 10
731582.8954442276
 20
1424468.7282552952
 10
731582.5250384782
 20
1424467.5303821526
 10
731581.0831939761
 20
1424461.9932395464
 10
731580.6048006747
 20
1424461.74386177
 10
731580.1775252614
 20
1424461.4934726693
 10
731579.3488233639
 20
1424460.9509884892
 10
731578.9484137364
 20
1424460.6595590638
 10
731578.1774424096
 20
1424460.037755933
 10
731577.8078267294
 20
1424459.70814521
 10
731577.1021494789
 20
1424459.0131232403
 10
731576.7669538079
 20
1424458.6485648183
 10
731576.1334935811
 20
1424457.8871424247
 10
731575.8360063107
 20
1424457.4912127543
 10
731575.2809775798
 20
1424456.670859764
 10
731575.0241171663
 20
1424456.247443057
 10
731574.5529649627
 20
1424455.3762074278
 10
731574.3392512989
 20
1424454.929457554
 10
731573.9565977948
 20
1424454.0158864202
 10
731573.7881274886
 20
1424453.5501861558
 10
731573.430992056
 20
1424452.364707118
 10
731566.7383911879
 20
1424425.910541049
 10
731566.5405034504
 20
1424424.922158474
 10
731566.4665925155
 20
1424424.4236084842
 10
731566.3692122418
 20
1424423.4203254965
 10
731566.3458666619
 20
1424422.916867553
 10
731566.3499832934
 20
1424421.9088781066
 10
731566.3774402733
 20
1424421.4056276397
 10
731566.4830119829
 20
1424420.4031735086
 10
731566.5609925434
 20
1424419.9052438454
 10
731566.7669466592
 20
1424418.9185105618
 10
731566.8946584711
 20
1424418.4309609635
 10
731567.0504485684
 20
1424417.9388814212
 10
731552.28033888
 20
1424390.627046042
 10
731551.739395141
 20
1424389.510227094
 10
731551.5477324841
 20
1424389.0523580103
 10
731551.2103337564
 20
1424388.1187216844
 10
731551.0650135817
 20
1424387.6441052924
 10
731550.821848128
 20
1424386.6816162001
 10
731550.7243025876
 20
1424386.1949299145
 10
731550.5777668393
 20
1424385.2130735274
 10
731550.5289572591
 20
1424384.7191137145
 10
731550.4804953473
 20
1424383.7275663714
 10
731550.4809027525
 20
1424383.2312010753
 10
731550.5309922766
 20
1424382.239734621
 10
731550.5806126524
 20
1424381.7458555968
 10
731550.7287599726
 20
1424380.7642410789
 10
731550.8271043029
 20
1424380.2777155754
 10
731551.0718494059
 20
1424379.315626949
 10
731551.2179484927
 20
1424378.8412497477
 10
731551.5568793793
 20
1424377.9081685375
 10
731551.749293395
 20
1424377.4506146943
 10
731552.1790698516
 20
1424376.555736553
 10
731552.5731162684
 20
1424375.861385815
 10
731523.570258856
 20
1424318.1976695764
 10
731523.0541920305
 20
1424317.0435622388
 10
731522.8737645192
 20
1424316.5711582166
 10
731522.561148924
 20
1424315.6093109956
 10
731522.4293608055
 20
1424315.1210983999
 10
731522.2154983743
 20
1424314.1325937475
 10
731522.1336976809
 20
1424313.6335664003
 10
731522.0207759667
 20
1424312.6285155192
 10
731521.9897994199
 20
1424312.1237778643
 10
731521.9789734747
 20
1424311.1124612044
 10
731521.9991379272
 20
1424310.607176095
 10
731522.0905184874
 20
1424309.5999381985
 10
731522.1616176814
 20
1424309.0992740877
 10
731522.3542700348
 20
1424308.106417775
 10
731522.4755767115
 20
1424307.6154958499
 10
731522.7675302583
 20
1424306.6471768355
 10
731522.937803598
 20
1424306.1710186303
 10
731523.326072008
 20
1424305.237141642
 10
731523.5435703214
 20
1424304.7806176764
 10
731524.0241820802
 20
1424303.8907351424
 10
731524.286680623
 20
1424303.4585151041
 10
731524.8547196557
 20
1424302.621729442
 10
731525.1595333868
 20
1424302.2182344159
 10
731525.8091893438
 20
1424301.443104927
 10
731526.153200389
 20
1424301.0724621778
 10
731526.8778280788
 20
1424300.3669174956
 10
731527.2575176232
 20
1424300.0329182479
 10
731528.0497049842
 20
1424299.4041752382
 10
731528.4611892629
 20
1424299.1102359004
 10
731529.3128331802
 20
1424298.5647258405
 10
731533.9101184782
 20
1424295.9305931996
 10
731514.455242556
 20
1424258.910378332
 97
0
 75
1
 76
1
 52
0.0
 41
1.0
 77
0
 78
1
 53
45.0
 43
0.0
 44
0.0
 45
-0.0883883476
 46
0.0883883476
 79
0
 98
0
  0
HATCH
  5
41
330
17
100
AcDbEntity
  8
BOUNDARY
 62
7
420
14474460
100
AcDbHatch
 10
0.0
 20
0.0
 30
0.0
210
0.0
220
0.0
230
1.0
  2
SOLID
 70
0
 71
0
 91
1
 92
3
 72
0
 73
1
 93
139
 10
730809.3168150717
 20
1425890.6758731583
 10
731200.1585300239
 20
1425659.7267376464
 10
731122.0737621855
 20
1425531.7706997332
 10
731121.4790322405
 20
1425530.6911336472
 10
731121.2649098358
 20
1425530.247047683
 10
731120.8809737248
 20
1425529.3388428309
 10
731120.7116269011
 20
1425528.8758283583
 10
731120.4189994506
 20
1425527.9342275055
 10
731120.2960746714
 20
1425527.4567861527
 10
731120.0976009312
 20
1425526.4909439476
 10
731120.0222933231
 20
1425526.003717602
 10
731119.9199029402
 20
1425525.0230243779
 10
731119.8929446765
 20
1425524.5307500646
 10
731119.8876331341
 20
1425523.5447405423
 10
731119.9092863146
 20
1425523.052204363
 10
731120.0011052542
 20
1425522.070464951
 10
731120.0711593574
 20
1425521.5824555552
 10
731120.2592160755
 20
1425520.6145311464
 10
731120.3769900053
 20
1425520.1357931711
 10
731120.6594561336
 20
1425519.1910943424
 10
731120.8238048413
 20
1425518.7262822834
 10
731121.1979341229
 20
1425517.813993803
 10
731121.4072597394
 20
1425517.3676267639
 10
731121.8694147283
 20
1425516.4966182928
 10
731122.1216821001
 20
1425516.073036045
 10
731122.667369527
 20
1425515.2517759018
 10
731122.9601260029
 20
1425514.8550966936
 10
731123.5840404601
 20
1425514.0915695226
 10
731123.9144397352
 20
1425513.7256500407
 10
731124.610515258
 20
1425513.0272791814
 10
731124.9753450471
 20
1425512.6956770536
 10
731125.7368140899
 20
1425512.0692523674
 10
731126.1325273645
 20
1425511.7751915688
 10
731127.1602329857
 20
1425511.0947595027
 10
731168.5581968635
 20
1425486.2549232012
 10
731123.8543881027
 20
1425353.906973332
 10
731123.5829056414
 20
1425353.0030173264
 10
731123.4894224828
 20
1425352.6372398855
 10
731123.2938890249
 20
1425351.7138732988
 10
731095.6406013223
 20
1425195.0308744572
 10
731082.8155041774
 20
1425122.6865524757
 10
731082.765913956
 20
1425122.3343490276
 10
731082.6178806366
 20
1425120.9202666911
 10
731082.5934541982
 20
1425120.5654289708
 10
731074.2951939985
 20
1424870.3677332238
 10
731073.6593474356
 20
1424790.0725370313
 10
731073.7023885389
 20
1424788.8654108832
 10
731073.7452403876
 20
1424788.3841633007
 10
731073.8773471077
 20
1424787.4269329838
 10
731073.966447697
 20
1424786.9520681594
 10
731074.1903271064
 20
1424786.012057481
 10
731074.3248444666
 20
1424785.548009428
 10
731074.638406109
 20
1424784.6339956634
 10
731074.8170841952
 20
1424784.1850973917
 10
731075.2174002136
 20
1424783.3056150721
 10
731075.438570633
 20
1424782.8760581354
 10
731075.9219031084
 20
1424782.039319357
 10
731076.1835006996
 20
1424781.633114709
 10
731076.7453365533
 20
1424780.8469324536
 10
731077.0449186702
 20
1424780.4678729968
 10
731077.8431860583
 20
1424779.561354794
 10
731139.9597519481
 20
1424714.9202984024
 10
731245.9954449096
 20
1424604.8898516966
 10
731234.4640165727
 20
1424320.586569891
 10
731207.1004395594
 20
1423779.2450552976
 10
731090.3115267308
 20
1423843.0107789456
 10
731033.8200339079
 20
1423871.6917407073
 10
730751.345990482
 20
1424003.553612676
 10
730737.8979173892
 20
1424009.6875008075
 10
730592.2549793542
 20
1424086.0489898243
 10
730315.2532244959
 20
1424238.6537580444
 10
730198.103622781
 20
1424311.9970795189
 10
730177.7124773226
 20
1424325.243773629
 10
729880.339653829
 20
1424509.2945589926
 10
729584.4786184757
 20
1424693.172331836
 10
729619.1936796485
 20
1424733.8414868556
 10
729681.4626789219
 20
1424777.192526771
 10
729822.87941993
 20
1424880.5282941032
 10
730002.0265242412
 20
1425011.3909837247
 10
730124.468325143
 20
1425075.5874915964
 10
730125.0790347547
 20
1425075.9275491142
 10
730271.7794115532
 20
1425163.628107223
 10
730272.8263084008
 20
1425164.320032958
 10
730273.2291426567
 20
1425164.619497285
 10
730274.0037323156
 20
1425165.2581115228
 10
730274.3745112974
 20
1425165.5964564183
 10
730275.0811679985
 20
1425166.3095157368
 10
730275.4161549308
 20
1425166.683331302
 10
730276.0477568654
 20
1425167.4636493658
 10
730276.3435756912
 20
1425167.8691682215
 10
730276.8937574661
 20
1425168.7088808503
 10
730277.1474268741
 20
1425169.1420161098
 10
730277.7208560919
 20
1425170.2582298731
 10
730368.47110522
 20
1425368.461222186
 10
730368.9035073352
 20
1425369.518436001
 10
730369.0549962118
 20
1425369.9494747221
 10
730369.3182706132
 20
1425370.8244945104
 10
730369.4297812104
 20
1425371.2675618273
 10
730369.6525426207
 20
1425372.3878519647
 10
730405.1821910309
 20
1425599.5503986438
 10
730405.3062875313
 20
1425600.6079970803
 10
730405.3360516203
 20
1425601.0328936654
 10
730405.3593298716
 20
1425601.8844511549
 10
730405.3528229083
 20
1425602.310339248
 10
730405.2866897694
 20
1425603.373137819
 10
730400.4723060848
 20
1425651.120498501
 10
730463.1085244686
 20
1425792.3813098995
 10
730676.0039681061
 20
1425685.3563860182
 10
730677.1570900712
 20
1425684.840982245
 10
730677.6290765303
 20
1425684.66077328
 10
730678.590052955
 20
1425684.3485069503
 10
730679.077815708
 20
1425684.2168483643
 10
730680.0653987132
 20
1425684.0031528869
 10
730680.5639577731
 20
1425683.921388895
 10
730681.5680642754
 20
1425683.8084460706
 10
730682.0723294263
 20
1425683.7774114716
 10
730683.0827076393
 20
1425683.766374431
 10
730683.587530401
 20
1425683.7863860843
 10
730684.593864505
 20
1425683.877367514
 10
730685.0940907096
 20
1425683.9482211028
 10
730686.0861061749
 20
1425684.140292095
 10
730686.5766285849
 20
1425684.2612642148
 10
730687.5441970729
 20
1425684.552463752
 10
730688.0200075202
 20
1425684.7223192938
 10
730688.9532502927
 20
1425685.1096742693
 10
730689.4094908212
 20
1425685.3266790318
 10
730690.2988796005
 20
1425685.8062346058
 10
730690.7308920587
 20
1425686.0681730015
 10
730691.5673463105
 20
1425686.635032979
 10
730691.9707199119
 20
1425686.9392306537
 10
730692.7456995556
 20
1425687.587607474
 10
730693.1163159125
 20
1425687.9309586121
 10
730693.8219085148
 20
1425688.6542324391
 10
730694.1559836853
 20
1425689.033231473
 10
730694.7849852451
 20
1425689.8240177825
 10
730695.0791083691
 20
1425690.2347951857
 10
730695.7562211879
 20
1425691.301026656
 10
730736.8829111907
 20
1425763.0793030162
 10
730809.3168150717
 20
1425890.6758731583
 97
0
 75
1
 76
1
 52
0.0
 41
1.0
 77
0
 78
1
 53
45.0
 43
0.0
 44
0.0
 45
-0.0883883476
 46
0.0883883476
 79
0
 98
0
  0
HATCH
  5
42
330
17
100
AcDbEntity
  8
BOUNDARY
 62
7
420
14474460
100
AcDbHatch
 10
0.0
 20
0.0
 30
0.0
210
0.0
220
0.0
230
1.0
  2
SOLID
 70
0
 71
0
 91
1
 92
3
 72
0
 73
1
 93
135
 10
729928.8345825202
 20
1425252.2620055685
 10
729929.8908114842
 20
1425251.6500742345
 10
729930.3258339075
 20
1425251.428347974
 10
729931.2164934411
 20
1425251.0279060109
 10
729931.67106822
 20
1425250.8496679338
 10
729932.5965390359
 20
1425250.538007959
 10
729933.0663312214
 20
1425250.4049577927
 10
729934.0177877691
 20
1425250.1850518843
 10
729934.4983172854
 20
1425250.0984584338
 10
729935.4666862073
 20
1425249.9724036758
 10
729935.9533705934
 20
1425249.9330927199
 10
729936.9294172506
 20
1425249.9020912063
 10
729937.4176153451
 20
1425249.9104376256
 10
729938.3920318817
 20
1425249.9747849954
 10
729938.8770880917
 20
1425250.0307091959
 10
729939.8405821971
 20
1425250.1897918147
 10
729940.3178708886
 20
1425250.2927604876
 10
729941.2612544118
 20
1425250.5450612986
 10
729941.7262240263
 20
1425250.694092506
 10
729942.6405005959
 20
1425251.0372054977
 10
729943.0887170505
 20
1425251.230878035
 10
729943.9651678678
 20
1425251.661531185
 10
729944.3923568471
 20
1425251.8979981379
 10
729945.2226238301
 20
1425252.4120846167
 10
729945.624711536
 20
1425252.6890909676
 10
729946.400877025
 20
1425253.2817083015
 10
729946.7740290388
 20
1425253.5966124418
 10
729947.4886913011
 20
1425254.2621092652
 10
729947.8293491385
 20
1425254.6119081792
 10
729948.4756929532
 20
1425255.3439381267
 10
729948.7806080062
 20
1425255.7252960342
 10
729949.4906008685
 20
1425256.7182661837
 10
729952.204043119
 20
1425260.889149044
 10
729952.8309426502
 20
1425261.953502984
 10
729953.0581913892
 20
1425262.392238004
 10
729953.4687783406
 20
1425263.2910928198
 10
729953.6516150634
 20
1425263.750114757
 10
729953.9714817373
 20
1425264.6851050968
 10
729954.1081210038
 20
1425265.159931503
 10
729954.3341438333
 20
1425266.1219269838
 10
729954.4232513321
 20
1425266.6079210793
 10
729954.5532231549
 20
1425267.5875276073
 10
729954.5939287315
 20
1425268.0799435508
 10
729954.626580345
 20
1425269.0675950565
 10
729954.618486501
 20
1425269.561624303
 10
729954.5534990549
 20
1425270.5476761558
 10
729954.4966848283
 20
1425271.0384944007
 10
729954.3346929392
 20
1425272.0133175908
 10
729954.2297131331
 20
1425272.4961318893
 10
729953.9722986866
 20
1425273.4502070579
 10
729953.8201784517
 20
1425273.920302623
 10
729953.4698551558
 20
1425274.8443130194
 10
729953.2720799793
 20
1425275.2970992657
 10
729952.8322688168
 20
1425276.182021729
 10
729952.5907700149
 20
1425276.6130771032
 10
729952.0657658366
 20
1425277.4502701736
 10
729951.7829016992
 20
1425277.8553853242
 10
729951.1778312846
 20
1425278.636673631
 10
729950.8563640395
 20
1425279.0118925227
 10
729950.1771360321
 20
1425279.729646616
 10
729949.8202048775
 20
1425280.0713051541
 10
729949.0734520856
 20
1425280.7185160103
 10
729948.6845425301
 20
1425281.0232778266
 10
729947.6722860838
 20
1425281.7312250133
 10
729878.0360259273
 20
1425325.9563893694
 10
729879.4138769776
 20
1425328.0284499035
 10
729908.8251262795
 20
1425309.6500967238
 10
729925.1541714472
 20
1425299.6697645371
 10
729926.2392357304
 20
1425299.0713982487
 10
729926.6856588743
 20
1425298.8560719662
 10
729927.5987526746
 20
1425298.47020173
 10
729928.0643010933
 20
1425298.3001320302
 10
729929.0111122336
 20
1425298.0065595654
 10
729929.4912112765
 20
1425297.8834176157
 10
729930.4624360484
 20
1425297.685027671
 10
729930.9523680924
 20
1425297.6100235076
 10
729931.9384628902
 20
1425297.5087655347
 10
729932.4334136843
 20
1425297.4826361763
 10
729933.4246887845
 20
1425297.4795051725
 10
729933.9197947641
 20
1425297.5025073753
 10
729934.9065095393
 20
1425297.597534107
 10
729935.3969056122
 20
1425297.6694418432
 10
729936.3693642467
 20
1425297.8616925431
 10
729936.8502316071
 20
1425297.9817992214
 10
729937.798878371
 20
1425298.269384765
 10
729938.2654918405
 20
1425298.4365101736
 10
729939.1810049879
 20
1425298.8166046415
 10
729939.6287794544
 20
1425299.0291065457
 10
729940.5021628223
 20
1425299.4979749923
 10
729940.926698291
 20
1425299.753765271
 10
729941.9516091152
 20
1425300.4501592093
 10
729982.7791493488
 20
1425330.9393788443
 10
730029.3387639731
 20
1425317.0007177612
 10
730063.4836333529
 20
1425305.6867156962
 10
730106.8471650012
 20
1425288.6768543604
 10
730150.8162204395
 20
1425258.7741053796
 10
730215.9555747748
 20
1425207.636579518
 10
730215.2433244396
 20
1425207.0593149536
 10
730214.8781628188
 20
1425206.7324417224
 10
730214.1807567023
 20
1425206.0436883648
 10
730213.8493502571
 20
1425205.6826358908
 10
730213.0706870572
 20
1425204.7366434387
 10
730187.6920680839
 20
1425170.972615111
 10
730142.7294863989
 20
1425148.1454659402
 10
730061.7201277297
 20
1425120.229653387
 10
730060.7009843491
 20
1425119.8145155604
 10
730060.2036055746
 20
1425119.5792231539
 10
730059.236247752
 20
1425119.0546171223
 10
730058.7677341434
 20
1425118.766098217
 10
730057.8638765108
 20
1425118.1383769214
 10
730049.3814638183
 20
1425111.5365627583
 10
730048.6731797315
 20
1425111.9036592853
 10
730047.7594174256
 20
1425112.3003928924
 10
730047.2932229876
 20
1425112.4757568634
 10
730046.3445221382
 20
1425112.7796084802
 10
730045.8631932724
 20
1425112.9077189795
 10
730044.8889683988
 20
1425113.1156733066
 10
730044.3972816179
 20
1425113.1952590176
 10
730043.4072005292
 20
1425113.3052524016
 10
730042.9100351295
 20
1425113.3355235485
 10
730041.9139229858
 20
1425113.3464644598
 10
730041.4162126344
 20
1425113.327120644
 10
730040.423954445
 20
1425113.2389005094
 10
730039.9306382168
 20
1425113.1701336913
 10
730038.9520807463
 20
1425112.9836279715
 10
730038.4680541096
 20
1425112.8661205648
 10
730037.5129081622
 20
1425112.5831800664
 10
730037.0429743966
 20
1425112.4180981657
 10
730035.8925004579
 20
1425111.9416431997
 10
730009.6728273417
 20
1425099.6778983013
 10
729983.6779576736
 20
1425086.5321301883
 10
729823.5456362836
 20
1425249.3563581635
 10
729837.9774858247
 20
1425273.7204247755
 10
729854.203343337
 20
1425299.9995433628
 10
729928.8345825202
 20
1425252.2620055685
 97
0
 75
1
 76
1
 52
0.0
 41
1.0
 77
0
 78
1
 53
45.0
 43
0.0
 44
0.0
 45
-0.0883883476
 46
0.0883883476
 79
0
 98
0
  0
HATCH
  5
43
330
17
100
AcDbEntity
  8
ROADS_MAIN
 62
7
420
16711680
100
AcDbHatch
 10
0.0
 20
0.0
 30
0.0
210
0.0
220
0.0
230
1.0
  2
SOLID
 70
0
 71
0
 91
1
 92
3
 72
0
 73
1
 93
8
 10
731227.3509530618
 20
1425582.1769080167
 10
731227.8728909316
 20
1425581.9043634522
 10
732414.3101733665
 20
1424886.2409498831
 10
732430.3659615974
 20
1424890.4276341156
 10
732418.6723896024
 20
1424869.77762617
 10
731222.9181899952
 20
1425570.898836923
 10
731226.7136033853
 20
1425582.4236923482
 10
731227.3509530618
 20
1425582.1769080167
 97
0
 75
1
 76
1
 52
0.0
 41
1.0
 77
0
 78
1
 53
45.0
 43
0.0
 44
0.0
 45
-0.0883883476
 46
0.0883883476
 79
0
 98
0
  0
LWPOLYLINE
  5
44
330
17
100
AcDbEntity
  8
ROADS_MAIN
370
50
420
16711680
100
AcDbPolyline
 90
10
 70
1
 10
731227.3509530618
 20
1425582.1769080167
 10
731227.8728909316
 20
1425581.9043634522
 10
732414.3101733665
 20
1424886.2409498831
 10
732430.3659615974
 20
1424890.4276341156
 10
732418.6723896024
 20
1424869.77762617
 10
732418.5922082812
 20
1424869.819495106
 10
731222.9181899952
 20
1425570.898836923
 10
731226.7136033853
 20
1425582.4236923482
 10
731226.8048144267
 20
1425582.3969813474
 10
731227.3509530618
 20
1425582.1769080167
  0
HATCH
  5
45
330
17
100
AcDbEntity
  8
ROADS_MAIN
 62
7
420
16711680
100
AcDbHatch
 10
0.0
 20
0.0
 30
0.0
210
0.0
220
0.0
230
1.0
  2
SOLID
 70
0
 71
0
 91
1
 92
3
 72
0
 73
1
 93
4
 10
732418.5922082812
 20
1424869.819495106
 10
732412.52249835
 20
1424859.4677502604
 10
732408.2404634354
 20
1424875.8892050372
 10
732418.5922082812
 20
1424869.819495106
 97
0
 75
1
 76
1
 52
0.0
 41
1.0
 77
0
 78
1
 53
45.0
 43
0.0
 44
0.0
 45
-0.0883883476
 46
0.0883883476
 79
0
 98
0
  0
LWPOLYLINE
  5
46
330
17
100
AcDbEntity
  8
ROADS_MAIN
370
50
420
16711680
100
AcDbPolyline
 90
4
 70
1
 10
732418.5922082812
 20
1424869.819495106
 10
732412.52249835
 20
1424859.4677502604
 10
732408.2404634354
 20
1424875.8892050372
 10
732418.5922082812
 20
1424869.819495106
  0
HATCH
  5
47
330
17
100
AcDbEntity
  8
ROADS_MAIN
 62
7
420
16711680
100
AcDbHatch
 10
0.0
 20
0.0
 30
0.0
210
0.0
220
0.0
230
1.0
  2
SOLID
 70
0
 71
0
 91
1
 92
3
 72
0
 73
1
 93
4
 10
730074.5774032468
 20
1424371.6044507055
 10
730080.6471131779
 20
1424381.9561955512
 10
730084.9291480925
 20
1424365.5347407744
 10
730074.5774032468
 20
1424371.6044507055
 97
0
 75
1
 76
1
 52
0.0
 41
1.0
 77
0
 78
1
 53
45.0
 43
0.0
 44
0.0
 45
-0.0883883476
 46
0.0883883476
 79
0
 98
0
  0
LWPOLYLINE
  5
48
330
17
100
AcDbEntity
  8
ROADS_MAIN
370
50
420
16711680
100
AcDbPolyline
 90
4
 70
1
 10
730074.5774032468
 20
1424371.6044507055
 10
730080.6471131779
 20
1424381.9561955512
 10
730084.9291480925
 20
1424365.5347407744
 10
730074.5774032468
 20
1424371.6044507055
  0
HATCH
  5
49
330
17
100
AcDbEntity
  8
ROADS_MAIN
 62
7
420
16711680
100
AcDbHatch
 10
0.0
 20
0.0
 30
0.0
210
0.0
220
0.0
230
1.0
  2
SOLID
 70
0
 71
0
 91
1
 92
3
 72
0
 73
1
 93
24
 10
730891.6651028795
 20
1425765.1279434673
 10
730074.4988786498
 20
1424371.4844414853
 10
730054.4489282293
 20
1424383.8938105663
 10
730070.2953683321
 20
1424388.0259054822
 10
730884.3482129994
 20
1425776.3735258214
 10
730884.6706040448
 20
1425776.866236379
 10
730885.0397367692
 20
1425777.324974552
 10
730885.4520562224
 20
1425777.7453224412
 10
730885.9035915429
 20
1425778.1232318669
 10
730886.3899941985
 20
1425778.4550633545
 10
730886.9065798658
 20
1425778.7376211856
 10
730887.4483735426
 20
1425778.9681841733
 10
730888.0101574595
 20
1425779.1445318707
 10
730888.5865213303
 20
1425779.2649659526
 10
730889.1719144558
 20
1425779.3283265731
 10
730889.7606991802
 20
1425779.3340035346
 10
730890.3472051849
 20
1425779.2819421652
 10
730890.9257840961
 20
1425779.172643844
 10
730891.4908638829
 20
1425779.007161174
 10
730892.0370025181
 20
1425778.7870878433
 10
730892.5589403878
 20
1425778.5145432788
 10
731185.4249811257
 20
1425606.7875398344
 10
731179.1757605195
 20
1425596.5470597642
 10
730891.6651028795
 20
1425765.1279434673
 97
0
 75
1
 76
1
 52
0.0
 41
1.0
 77
0
 78
1
 53
45.0
 43
0.0
 44
0.0
 45
-0.0883883476
 46
0.0883883476
 79
0
 98
0
  0
LWPOLYLINE
  5
4A
330
17
100
AcDbEntity
  8
ROADS_MAIN
370
50
420
16711680
100
AcDbPolyline
 90
39
 70
1
 10
730074.5774032468
 20
1424371.6044507055
 10
730074.4988786498
 20
1424371.4844414853
 10
730054.4489282293
 20
1424383.8938105663
 10
730070.2953683321
 20
1424388.0259054822
 10
730296.3809451156
 20
1424773.6094392498
 10
730371.9960024336
 20
1424902.5691076263
 10
730376.0424757211
 20
1424909.470270857
 10
730491.0959246889
 20
1425105.691171174
 10
730583.3625384797
 20
1425263.0496701123
 10
730786.636127951
 20
1425609.727906137
 10
730884.3482129994
 20
1425776.3735258214
 10
730884.6706040448
 20
1425776.866236379
 10
730885.0397367692
 20
1425777.324974552
 10
730885.4520562224
 20
1425777.7453224412
 10
730885.9035915429
 20
1425778.1232318669
 10
730886.3899941985
 20
1425778.4550633545
 10
730886.9065798658
 20
1425778.7376211856
 10
730887.4483735426
 20
1425778.9681841733
 10
730888.0101574595
 20
1425779.1445318707
 10
730888.5865213303
 20
1425779.2649659526
 10
730889.1719144558
 20
1425779.3283265731
 10
730889.7606991802
 20
1425779.3340035346
 10
730890.3472051849
 20
1425779.2819421652
 10
730890.9257840961
 20
1425779.172643844
 10
730891.4908638829
 20
1425779.007161174
 10
730892.0370025181
 20
1425778.7870878433
 10
730892.5589403878
 20
1425778.5145432788
 10
731185.336576178
 20
1425606.8453850807
 10
731185.4249811257
 20
1425606.7875398344
 10
731179.1757605195
 20
1425596.5470597642
 10
730891.6651028795
 20
1425765.1279434673
 10
730801.0343460841
 20
1425610.5593594366
 10
730796.9878727966
 20
1425603.658196206
 10
730621.726366234
 20
1425304.7538963596
 10
730589.667810038
 20
1425250.0787969506
 10
730386.3942205667
 20
1424903.400560926
 10
730379.7875817304
 20
1424892.133096698
 10
730179.0741578081
 20
1424549.8211616706
 10
730074.5774032468
 20
1424371.6044507055
  0
HATCH
  5
4B
330
17
100
AcDbEntity
  8
ROADS_LOCAL
 62
7
420
16711935
100
AcDbHatch
 10
0.0
 20
0.0
 30
0.0
210
0.0
220
0.0
230
1.0
  2
SOLID
 70
0
 71
0
 91
1
 92
3
 72
0
 73
1
 93
67
 10
731198.2249685692
 20
1425370.089488844
 10
731198.1827281556
 20
1425370.4797509275
 10
731198.1789435145
 20
1425370.872274077
 10
731198.2136510941
 20
1425371.2632780802
 10
731198.2865166415
 20
1425371.6489973543
 10
731198.3968384216
 20
1425372.0257172124
 10
731198.5435539754
 20
1425372.3898096357
 10
731198.7252503518
 20
1425372.7377682156
 10
731198.9401777154
 20
1425373.0662419205
 10
731199.1862661983
 20
1425373.3720673693
 10
731199.4611458338
 20
1425373.6522992954
 10
731199.7621693807
 20
1425373.9042389125
 10
731200.0864378178
 20
1425374.1254599043
 10
731200.4308282628
 20
1425374.3138317915
 10
731200.7920240473
 20
1425374.4675404502
 10
731201.1665466585
 20
1425374.5851055817
 10
731201.550789239
 20
1425374.6653949698
 10
731201.9410513227
 20
1425374.7076353834
 10
731202.3335744723
 20
1425374.7114200243
 10
731202.7245784753
 20
1425374.6767124448
 10
731203.1102977496
 20
1425374.6038468974
 10
731203.4870176074
 20
1425374.4935251172
 10
731203.8511100309
 20
1425374.3468095635
 10
731204.1990686108
 20
1425374.1651131872
 10
731890.3207930359
 20
1424971.8600035922
 10
731890.6492667408
 20
1424971.6450762285
 10
731890.9550921895
 20
1424971.3989877456
 10
731891.2353241157
 20
1424971.12410811
 10
731891.4872637328
 20
1424970.8230845632
 10
731891.7084847246
 20
1424970.498816126
 10
731891.896856612
 20
1424970.154425681
 10
731892.0505652706
 20
1424969.7932298966
 10
731892.168130402
 20
1424969.4187072853
 10
731892.24841979
 20
1424969.0344647048
 10
731892.2906602036
 20
1424968.6442026212
 10
731892.2944448447
 20
1424968.2516794717
 10
731892.2597372651
 20
1424967.8606754686
 10
731892.1868717177
 20
1424967.4749561944
 10
731892.0765499376
 20
1424967.0982363364
 10
731891.9298343838
 20
1424966.734143913
 10
731891.7481380074
 20
1424966.3861853331
 10
731891.5332106438
 20
1424966.0577116283
 10
731891.2871221609
 20
1424965.7518861794
 10
731891.0122425254
 20
1424965.4716542533
 10
731890.7112189785
 20
1424965.2197146362
 10
731890.3869505414
 20
1424964.9984936444
 10
731890.0425600964
 20
1424964.8101217572
 10
731889.6813643118
 20
1424964.6564130986
 10
731889.3068417007
 20
1424964.538847967
 10
731888.9225991202
 20
1424964.458558579
 10
731888.5323370364
 20
1424964.4163181654
 10
731888.1398138868
 20
1424964.4125335244
 10
731887.7488098838
 20
1424964.447241104
 10
731887.3630906095
 20
1424964.5201066514
 10
731886.9863707518
 20
1424964.6304284316
 10
731886.6222783283
 20
1424964.7771439853
 10
731886.2743197484
 20
1424964.9588403616
 10
731200.1525953233
 20
1425367.2639499565
 10
731199.8241216184
 20
1425367.4788773202
 10
731199.5182961697
 20
1425367.724965803
 10
731199.2380642435
 20
1425367.9998454386
 10
731198.9861246264
 20
1425368.3008689855
 10
731198.7649036346
 20
1425368.6251374227
 10
731198.5765317472
 20
1425368.9695278676
 10
731198.4228230886
 20
1425369.3307236522
 10
731198.3052579572
 20
1425369.7052462634
 10
731198.2249685692
 20
1425370.089488844
 97
0
 75
1
 76
1
 52
0.0
 41
1.0
 77
0
 78
1
 53
45.0
 43
0.0
 44
0.0
 45
-0.0883883476
 46
0.0883883476
 79
0
 98
0
  0
LWPOLYLINE
  5
4C
330
17
100
AcDbEntity
  8
ROADS_LOCAL
370
40
420
16711935
100
AcDbPolyline
 90
67
 70
1
 10
731198.2249685692
 20
1425370.089488844
 10
731198.1827281556
 20
1425370.4797509275
 10
731198.1789435145
 20
1425370.872274077
 10
731198.2136510941
 20
1425371.2632780802
 10
731198.2865166415
 20
1425371.6489973543
 10
731198.3968384216
 20
1425372.0257172124
 10
731198.5435539754
 20
1425372.3898096357
 10
731198.7252503518
 20
1425372.7377682156
 10
731198.9401777154
 20
1425373.0662419205
 10
731199.1862661983
 20
1425373.3720673693
 10
731199.4611458338
 20
1425373.6522992954
 10
731199.7621693807
 20
1425373.9042389125
 10
731200.0864378178
 20
1425374.1254599043
 10
731200.4308282628
 20
1425374.3138317915
 10
731200.7920240473
 20
1425374.4675404502
 10
731201.1665466585
 20
1425374.5851055817
 10
731201.550789239
 20
1425374.6653949698
 10
731201.9410513227
 20
1425374.7076353834
 10
731202.3335744723
 20
1425374.7114200243
 10
731202.7245784753
 20
1425374.6767124448
 10
731203.1102977496
 20
1425374.6038468974
 10
731203.4870176074
 20
1425374.4935251172
 10
731203.8511100309
 20
1425374.3468095635
 10
731204.1990686108
 20
1425374.1651131872
 10
731890.3207930359
 20
1424971.8600035922
 10
731890.6492667408
 20
1424971.6450762285
 10
731890.9550921895
 20
1424971.3989877456
 10
731891.2353241157
 20
1424971.12410811
 10
731891.4872637328
 20
1424970.8230845632
 10
731891.7084847246
 20
1424970.498816126
 10
731891.896856612
 20
1424970.154425681
 10
731892.0505652706
 20
1424969.7932298966
 10
731892.168130402
 20
1424969.4187072853
 10
731892.24841979
 20
1424969.0344647048
 10
731892.2906602036
 20
1424968.6442026212
 10
731892.2944448447
 20
1424968.2516794717
 10
731892.2597372651
 20
1424967.8606754686
 10
731892.1868717177
 20
1424967.4749561944
 10
731892.0765499376
 20
1424967.0982363364
 10
731891.9298343838
 20
1424966.734143913
 10
731891.7481380074
 20
1424966.3861853331
 10
731891.5332106438
 20
1424966.0577116283
 10
731891.2871221609
 20
1424965.7518861794
 10
731891.0122425254
 20
1424965.4716542533
 10
731890.7112189785
 20
1424965.2197146362
 10
731890.3869505414
 20
1424964.9984936444
 10
731890.0425600964
 20
1424964.8101217572
 10
731889.6813643118
 20
1424964.6564130986
 10
731889.3068417007
 20
1424964.538847967
 10
731888.9225991202
 20
1424964.458558579
 10
731888.5323370364
 20
1424964.4163181654
 10
731888.1398138868
 20
1424964.4125335244
 10
731887.7488098838
 20
1424964.447241104
 10
731887.3630906095
 20
1424964.5201066514
 10
731886.9863707518
 20
1424964.6304284316
 10
731886.6222783283
 20
1424964.7771439853
 10
731886.2743197484
 20
1424964.9588403616
 10
731200.1525953233
 20
1425367.2639499565
 10
731199.8241216184
 20
1425367.4788773202
 10
731199.5182961697
 20
1425367.724965803
 10
731199.2380642435
 20
1425367.9998454386
 10
731198.9861246264
 20
1425368.3008689855
 10
731198.7649036346
 20
1425368.6251374227
 10
731198.5765317472
 20
1425368.9695278676
 10
731198.4228230886
 20
1425369.3307236522
 10
731198.3052579572
 20
1425369.7052462634
 10
731198.2249685692
 20
1425370.089488844
  0
HATCH
  5
4D
330
17
100
AcDbEntity
  8
ROADS_LOCAL
 62
7
420
16711935
100
AcDbHatch
 10
0.0
 20
0.0
 30
0.0
210
0.0
220
0.0
230
1.0
  2
SOLID
 70
0
 71
0
 91
1
 92
3
 72
0
 73
1
 93
67
 10
731494.1995108675
 20
1424721.0678664658
 10
731494.1192214795
 20
1424721.4521090463
 10
731494.0769810659
 20
1424721.84237113
 10
731494.0731964248
 20
1424722.2348942794
 10
731494.1079040044
 20
1424722.6258982825
 10
731494.1807695518
 20
1424723.0116175567
 10
731494.2910913319
 20
1424723.3883374147
 10
731494.4378068857
 20
1424723.752429838
 10
731494.6195032621
 20
1424724.100388418
 10
731494.8344306257
 20
1424724.4288621228
 10
731495.0805191086
 20
1424724.7346875716
 10
731495.3553987441
 20
1424725.0149194978
 10
731495.656422291
 20
1424725.2668591149
 10
731495.980690728
 20
1424725.4880801067
 10
731496.3250811731
 20
1424725.6764519939
 10
731496.6862769576
 20
1424725.8301606525
 10
731497.0607995688
 20
1424725.947725784
 10
731497.4450421493
 20
1424726.028015172
 10
731497.835304233
 20
1424726.0702555857
 10
731498.2278273826
 20
1424726.0740402266
 10
731498.6188313856
 20
1424726.039332647
 10
731499.0045506599
 20
1424725.9664670997
 10
731499.3812705177
 20
1424725.8561453195
 10
731499.7453629412
 20
1424725.7094297658
 10
731500.0933215211
 20
1424725.5277333895
 10
731691.2299428
 20
1424613.4554339217
 10
731691.5584165049
 20
1424613.240506558
 10
731691.8642419536
 20
1424612.994418075
 10
731692.1444738798
 20
1424612.7195384395
 10
731692.3964134969
 20
1424612.4185148927
 10
731692.6176344887
 20
1424612.0942464555
 10
731692.806006376
 20
1424611.7498560105
 10
731692.9597150347
 20
1424611.388660226
 10
731693.0772801661
 20
1424611.0141376148
 10
731693.157569554
 20
1424610.6298950342
 10
731693.1998099677
 20
1424610.2396329506
 10
731693.2035946088
 20
1424609.8471098011
 10
731693.1688870292
 20
1424609.456105798
 10
731693.0960214818
 20
1424609.0703865238
 10
731692.9856997017
 20
1424608.6936666658
 10
731692.8389841479
 20
1424608.3295742425
 10
731692.6572877715
 20
1424607.9816156626
 10
731692.4423604079
 20
1424607.6531419577
 10
731692.196271925
 20
1424607.3473165089
 10
731691.9213922895
 20
1424607.0670845828
 10
731691.6203687426
 20
1424606.8151449657
 10
731691.2961003055
 20
1424606.5939239739
 10
731690.9517098605
 20
1424606.4055520867
 10
731690.590514076
 20
1424606.251843428
 10
731690.2159914648
 20
1424606.1342782965
 10
731689.8317488843
 20
1424606.0539889084
 10
731689.4414868006
 20
1424606.0117484948
 10
731689.048963651
 20
1424606.007963854
 10
731688.657959648
 20
1424606.0426714334
 10
731688.2722403737
 20
1424606.1155369808
 10
731687.8955205159
 20
1424606.225858761
 10
731687.5314280924
 20
1424606.3725743147
 10
731687.1834695125
 20
1424606.554270691
 10
731496.0468482336
 20
1424718.6265701589
 10
731495.7183745287
 20
1424718.8414975225
 10
731495.41254908
 20
1424719.0875860055
 10
731495.1323171537
 20
1424719.362465641
 10
731494.8803775366
 20
1424719.6634891878
 10
731494.6591565448
 20
1424719.987757625
 10
731494.4707846575
 20
1424720.33214807
 10
731494.3170759989
 20
1424720.6933438545
 10
731494.1995108675
 20
1424721.0678664658
 97
0
 75
1
 76
1
 52
0.0
 41
1.0
 77
0
 78
1
 53
45.0
 43
0.0
 44
0.0
 45
-0.0883883476
 46
0.0883883476
 79
0
 98
0
  0
LWPOLYLINE
  5
4E
330
17
100
AcDbEntity
  8
ROADS_LOCAL
370
40
420
16711935
100
AcDbPolyline
 90
67
 70
1
 10
731494.1995108675
 20
1424721.0678664658
 10
731494.1192214795
 20
1424721.4521090463
 10
731494.0769810659
 20
1424721.84237113
 10
731494.0731964248
 20
1424722.2348942794
 10
731494.1079040044
 20
1424722.6258982825
 10
731494.1807695518
 20
1424723.0116175567
 10
731494.2910913319
 20
1424723.3883374147
 10
731494.4378068857
 20
1424723.752429838
 10
731494.6195032621
 20
1424724.100388418
 10
731494.8344306257
 20
1424724.4288621228
 10
731495.0805191086
 20
1424724.7346875716
 10
731495.3553987441
 20
1424725.0149194978
 10
731495.656422291
 20
1424725.2668591149
 10
731495.980690728
 20
1424725.4880801067
 10
731496.3250811731
 20
1424725.6764519939
 10
731496.6862769576
 20
1424725.8301606525
 10
731497.0607995688
 20
1424725.947725784
 10
731497.4450421493
 20
1424726.028015172
 10
731497.835304233
 20
1424726.0702555857
 10
731498.2278273826
 20
1424726.0740402266
 10
731498.6188313856
 20
1424726.039332647
 10
731499.0045506599
 20
1424725.9664670997
 10
731499.3812705177
 20
1424725.8561453195
 10
731499.7453629412
 20
1424725.7094297658
 10
731500.0933215211
 20
1424725.5277333895
 10
731691.2299428
 20
1424613.4554339217
 10
731691.5584165049
 20
1424613.240506558
 10
731691.8642419536
 20
1424612.994418075
 10
731692.1444738798
 20
1424612.7195384395
 10
731692.3964134969
 20
1424612.4185148927
 10
731692.6176344887
 20
1424612.0942464555
 10
731692.806006376
 20
1424611.7498560105
 10
731692.9597150347
 20
1424611.388660226
 10
731693.0772801661
 20
1424611.0141376148
 10
731693.157569554
 20
1424610.6298950342
 10
731693.1998099677
 20
1424610.2396329506
 10
731693.2035946088
 20
1424609.8471098011
 10
731693.1688870292
 20
1424609.456105798
 10
731693.0960214818
 20
1424609.0703865238
 10
731692.9856997017
 20
1424608.6936666658
 10
731692.8389841479
 20
1424608.3295742425
 10
731692.6572877715
 20
1424607.9816156626
 10
731692.4423604079
 20
1424607.6531419577
 10
731692.196271925
 20
1424607.3473165089
 10
731691.9213922895
 20
1424607.0670845828
 10
731691.6203687426
 20
1424606.8151449657
 10
731691.2961003055
 20
1424606.5939239739
 10
731690.9517098605
 20
1424606.4055520867
 10
731690.590514076
 20
1424606.251843428
 10
731690.2159914648
 20
1424606.1342782965
 10
731689.8317488843
 20
1424606.0539889084
 10
731689.4414868006
 20
1424606.0117484948
 10
731689.048963651
 20
1424606.007963854
 10
731688.657959648
 20
1424606.0426714334
 10
731688.2722403737
 20
1424606.1155369808
 10
731687.8955205159
 20
1424606.225858761
 10
731687.5314280924
 20
1424606.3725743147
 10
731687.1834695125
 20
1424606.554270691
 10
731496.0468482336
 20
1424718.6265701589
 10
731495.7183745287
 20
1424718.8414975225
 10
731495.41254908
 20
1424719.0875860055
 10
731495.1323171537
 20
1424719.362465641
 10
731494.8803775366
 20
1424719.6634891878
 10
731494.6591565448
 20
1424719.987757625
 10
731494.4707846575
 20
1424720.33214807
 10
731494.3170759989
 20
1424720.6933438545
 10
731494.1995108675
 20
1424721.0678664658
  0
HATCH
  5
4F
330
17
100
AcDbEntity
  8
ROADS_LOCAL
 62
7
420
16711935
100
AcDbHatch
 10
0.0
 20
0.0
 30
0.0
210
0.0
220
0.0
230
1.0
  2
SOLID
 70
0
 71
0
 91
1
 92
3
 72
0
 73
1
 93
67
 10
731361.8290406718
 20
1425749.3016086293
 10
731361.7868002582
 20
1425749.691870713
 10
731361.783015617
 20
1425750.0843938624
 10
731361.8177231967
 20
1425750.4753978655
 10
731361.8905887441
 20
1425750.8611171397
 10
731362.0009105242
 20
1425751.2378369977
 10
731362.147626078
 20
1425751.601929421
 10
731362.3293224544
 20
1425751.949888001
 10
731362.544249818
 20
1425752.2783617058
 10
731362.7903383009
 20
1425752.5841871547
 10
731363.0652179364
 20
1425752.8644190808
 10
731363.3662414833
 20
1425753.1163586979
 10
731363.6905099204
 20
1425753.3375796897
 10
731364.0349003654
 20
1425753.525951577
 10
731364.3960961498
 20
1425753.6796602355
 10
731364.7706187611
 20
1425753.797225367
 10
731365.1548613416
 20
1425753.8775147551
 10
731365.5451234253
 20
1425753.9197551687
 10
731365.9376465749
 20
1425753.9235398096
 10
731366.3286505779
 20
1425753.8888322301
 10
731366.7143698522
 20
1425753.8159666827
 10
731367.09108971
 20
1425753.7056449025
 10
731367.4551821335
 20
1425753.5589293488
 10
731367.8031407133
 20
1425753.3772329725
 10
731501.5162202496
 20
1425674.9750293954
 10
731501.8446939546
 20
1425674.7601020318
 10
731502.1505194033
 20
1425674.5140135488
 10
731502.4307513295
 20
1425674.2391339133
 10
731502.6826909466
 20
1425673.9381103665
 10
731502.9039119384
 20
1425673.6138419292
 10
731503.0922838257
 20
1425673.2694514843
 10
731503.2459924844
 20
1425672.9082556998
 10
731503.3635576158
 20
1425672.5337330885
 10
731503.4438470037
 20
1425672.149490508
 10
731503.4860874173
 20
1425671.7592284244
 10
731503.4898720585
 20
1425671.366705275
 10
731503.4551644789
 20
1425670.9757012718
 10
731503.3822989315
 20
1425670.5899819976
 10
731503.2719771514
 20
1425670.2132621396
 10
731503.1252615976
 20
1425669.8491697162
 10
731502.9435652212
 20
1425669.5012111363
 10
731502.7286378576
 20
1425669.1727374315
 10
731502.4825493747
 20
1425668.8669119827
 10
731502.2076697391
 20
1425668.5866800565
 10
731501.9066461923
 20
1425668.3347404394
 10
731501.5823777552
 20
1425668.1135194476
 10
731501.2379873102
 20
1425667.9251475604
 10
731500.8767915257
 20
1425667.7714389018
 10
731500.5022689145
 20
1425667.6538737703
 10
731500.118026334
 20
1425667.5735843822
 10
731499.7277642502
 20
1425667.5313439686
 10
731499.3352411006
 20
1425667.5275593277
 10
731498.9442370976
 20
1425667.5622669072
 10
731498.5585178233
 20
1425667.6351324546
 10
731498.1817979655
 20
1425667.7454542348
 10
731497.8177055421
 20
1425667.8921697885
 10
731497.4697469623
 20
1425668.0738661648
 10
731363.756667426
 20
1425746.4760697419
 10
731363.428193721
 20
1425746.6909971056
 10
731363.1223682723
 20
1425746.9370855885
 10
731362.842136346
 20
1425747.211965224
 10
731362.5901967289
 20
1425747.5129887708
 10
731362.3689757371
 20
1425747.837257208
 10
731362.1806038498
 20
1425748.181647653
 10
731362.0268951912
 20
1425748.5428434375
 10
731361.9093300598
 20
1425748.9173660488
 10
731361.8290406718
 20
1425749.3016086293
 97
0
 75
1
 76
1
 52
0.0
 41
1.0
 77
0
 78
1
 53
45.0
 43
0.0
 44
0.0
 45
-0.0883883476
 46
0.0883883476
 79
0
 98
0
  0
LWPOLYLINE
  5
50
330
17
100
AcDbEntity
  8
ROADS_LOCAL
370
40
420
16711935
100
AcDbPolyline
 90
67
 70
1
 10
731361.8290406718
 20
1425749.3016086293
 10
731361.7868002582
 20
1425749.691870713
 10
731361.783015617
 20
1425750.0843938624
 10
731361.8177231967
 20
1425750.4753978655
 10
731361.8905887441
 20
1425750.8611171397
 10
731362.0009105242
 20
1425751.2378369977
 10
731362.147626078
 20
1425751.601929421
 10
731362.3293224544
 20
1425751.949888001
 10
731362.544249818
 20
1425752.2783617058
 10
731362.7903383009
 20
1425752.5841871547
 10
731363.0652179364
 20
1425752.8644190808
 10
731363.3662414833
 20
1425753.1163586979
 10
731363.6905099204
 20
1425753.3375796897
 10
731364.0349003654
 20
1425753.525951577
 10
731364.3960961498
 20
1425753.6796602355
 10
731364.7706187611
 20
1425753.797225367
 10
731365.1548613416
 20
1425753.8775147551
 10
731365.5451234253
 20
1425753.9197551687
 10
731365.9376465749
 20
1425753.9235398096
 10
731366.3286505779
 20
1425753.8888322301
 10
731366.7143698522
 20
1425753.8159666827
 10
731367.09108971
 20
1425753.7056449025
 10
731367.4551821335
 20
1425753.5589293488
 10
731367.8031407133
 20
1425753.3772329725
 10
731501.5162202496
 20
1425674.9750293954
 10
731501.8446939546
 20
1425674.7601020318
 10
731502.1505194033
 20
1425674.5140135488
 10
731502.4307513295
 20
1425674.2391339133
 10
731502.6826909466
 20
1425673.9381103665
 10
731502.9039119384
 20
1425673.6138419292
 10
731503.0922838257
 20
1425673.2694514843
 10
731503.2459924844
 20
1425672.9082556998
 10
731503.3635576158
 20
1425672.5337330885
 10
731503.4438470037
 20
1425672.149490508
 10
731503.4860874173
 20
1425671.7592284244
 10
731503.4898720585
 20
1425671.366705275
 10
731503.4551644789
 20
1425670.9757012718
 10
731503.3822989315
 20
1425670.5899819976
 10
731503.2719771514
 20
1425670.2132621396
 10
731503.1252615976
 20
1425669.8491697162
 10
731502.9435652212
 20
1425669.5012111363
 10
731502.7286378576
 20
1425669.1727374315
 10
731502.4825493747
 20
1425668.8669119827
 10
731502.2076697391
 20
1425668.5866800565
 10
731501.9066461923
 20
1425668.3347404394
 10
731501.5823777552
 20
1425668.1135194476
 10
731501.2379873102
 20
1425667.9251475604
 10
731500.8767915257
 20
1425667.7714389018
 10
731500.5022689145
 20
1425667.6538737703
 10
731500.118026334
 20
1425667.5735843822
 10
731499.7277642502
 20
1425667.5313439686
 10
731499.3352411006
 20
1425667.5275593277
 10
731498.9442370976
 20
1425667.5622669072
 10
731498.5585178233
 20
1425667.6351324546
 10
731498.1817979655
 20
1425667.7454542348
 10
731497.8177055421
 20
1425667.8921697885
 10
731497.4697469623
 20
1425668.0738661648
 10
731363.756667426
 20
1425746.4760697419
 10
731363.428193721
 20
1425746.6909971056
 10
731363.1223682723
 20
1425746.9370855885
 10
731362.842136346
 20
1425747.211965224
 10
731362.5901967289
 20
1425747.5129887708
 10
731362.3689757371
 20
1425747.837257208
 10
731362.1806038498
 20
1425748.181647653
 10
731362.0268951912
 20
1425748.5428434375
 10
731361.9093300598
 20
1425748.9173660488
 10
731361.8290406718
 20
1425749.3016086293
  0
HATCH
  5
51
330
17
100
AcDbEntity
  8
ROADS_LOCAL
 62
7
420
16711935
100
AcDbHatch
 10
0.0
 20
0.0
 30
0.0
210
0.0
220
0.0
230
1.0
  2
SOLID
 70
0
 71
0
 91
1
 92
3
 72
0
 73
1
 93
37
 10
731239.6929230564
 20
1424403.0718061267
 10
731240.0213967613
 20
1424402.856878763
 10
731240.32722221
 20
1424402.6107902802
 10
731240.6074541362
 20
1424402.3359106446
 10
731240.8593937533
 20
1424402.0348870978
 10
731241.0806147452
 20
1424401.7106186606
 10
731241.2689866325
 20
1424401.3662282156
 10
731241.4226952911
 20
1424401.005032431
 10
731241.5402604225
 20
1424400.6305098198
 10
731241.6205498105
 20
1424400.2462672393
 10
731241.6627902241
 20
1424399.8560051557
 10
731241.6665748652
 20
1424399.4634820062
 10
731241.6318672856
 20
1424399.072478003
 10
731241.5590017382
 20
1424398.686758729
 10
731241.4486799581
 20
1424398.310038871
 10
731241.3019644043
 20
1424397.9459464476
 10
731241.1202680279
 20
1424397.5979878677
 10
731240.9053406643
 20
1424397.2695141628
 10
731240.6592521814
 20
1424396.963688714
 10
731240.3843725459
 20
1424396.6834567878
 10
731240.083348999
 20
1424396.4315171707
 10
731239.7590805619
 20
1424396.210296179
 10
731239.4146901169
 20
1424396.0219242917
 10
731239.0534943324
 20
1424395.868215633
 10
731238.6789717212
 20
1424395.7506505016
 10
731238.2947291407
 20
1424395.6703611135
 10
731237.904467057
 20
1424395.6281207
 10
731237.5119439074
 20
1424395.624336059
 10
731237.1209399044
 20
1424395.6590436385
 10
731236.7352206301
 20
1424395.7319091859
 10
731236.3585007723
 20
1424395.842230966
 10
731235.9944083488
 20
1424395.9889465198
 10
731235.6464497689
 20
1424396.170642896
 10
730382.3477472793
 20
1424896.4993976953
 10
730379.7875817304
 20
1424892.133096698
 10
730386.3942205667
 20
1424903.400560926
 10
731239.6929230564
 20
1424403.0718061267
 97
0
 75
1
 76
1
 52
0.0
 41
1.0
 77
0
 78
1
 53
45.0
 43
0.0
 44
0.0
 45
-0.0883883476
 46
0.0883883476
 79
0
 98
0
  0
LWPOLYLINE
  5
52
330
17
100
AcDbEntity
  8
ROADS_LOCAL
370
40
420
16711935
100
AcDbPolyline
 90
37
 70
1
 10
731239.6929230564
 20
1424403.0718061267
 10
731240.0213967613
 20
1424402.856878763
 10
731240.32722221
 20
1424402.6107902802
 10
731240.6074541362
 20
1424402.3359106446
 10
731240.8593937533
 20
1424402.0348870978
 10
731241.0806147452
 20
1424401.7106186606
 10
731241.2689866325
 20
1424401.3662282156
 10
731241.4226952911
 20
1424401.005032431
 10
731241.5402604225
 20
1424400.6305098198
 10
731241.6205498105
 20
1424400.2462672393
 10
731241.6627902241
 20
1424399.8560051557
 10
731241.6665748652
 20
1424399.4634820062
 10
731241.6318672856
 20
1424399.072478003
 10
731241.5590017382
 20
1424398.686758729
 10
731241.4486799581
 20
1424398.310038871
 10
731241.3019644043
 20
1424397.9459464476
 10
731241.1202680279
 20
1424397.5979878677
 10
731240.9053406643
 20
1424397.2695141628
 10
731240.6592521814
 20
1424396.963688714
 10
731240.3843725459
 20
1424396.6834567878
 10
731240.083348999
 20
1424396.4315171707
 10
731239.7590805619
 20
1424396.210296179
 10
731239.4146901169
 20
1424396.0219242917
 10
731239.0534943324
 20
1424395.868215633
 10
731238.6789717212
 20
1424395.7506505016
 10
731238.2947291407
 20
1424395.6703611135
 10
731237.904467057
 20
1424395.6281207
 10
731237.5119439074
 20
1424395.624336059
 10
731237.1209399044
 20
1424395.6590436385
 10
731236.7352206301
 20
1424395.7319091859
 10
731236.3585007723
 20
1424395.842230966
 10
731235.9944083488
 20
1424395.9889465198
 10
731235.6464497689
 20
1424396.170642896
 10
730382.3477472793
 20
1424896.4993976953
 10
730379.7875817304
 20
1424892.133096698
 10
730386.3942205667
 20
1424903.400560926
 10
731239.6929230564
 20
1424403.0718061267
  0
HATCH
  5
53
330
17
100
AcDbEntity
  8
ROADS_LOCAL
 62
7
420
16711935
100
AcDbHatch
 10
0.0
 20
0.0
 30
0.0
210
0.0
220
0.0
230
1.0
  2
SOLID
 70
0
 71
0
 91
1
 92
3
 72
0
 73
1
 93
37
 10
731217.1336157261
 20
1423941.1585743816
 10
731217.462089431
 20
1423940.943647018
 10
731217.7679148797
 20
1423940.697558535
 10
731218.048146806
 20
1423940.4226788995
 10
731218.300086423
 20
1423940.1216553526
 10
731218.5213074149
 20
1423939.7973869154
 10
731218.7096793022
 20
1423939.4529964705
 10
731218.8633879608
 20
1423939.091800686
 10
731218.9809530922
 20
1423938.7172780747
 10
731219.0612424802
 20
1423938.3330354942
 10
731219.1034828938
 20
1423937.9427734106
 10
731219.107267535
 20
1423937.550250261
 10
731219.0725599553
 20
1423937.159246258
 10
731218.9996944079
 20
1423936.7735269838
 10
731218.8893726278
 20
1423936.3968071258
 10
731218.742657074
 20
1423936.0327147024
 10
731218.5609606976
 20
1423935.6847561225
 10
731218.346033334
 20
1423935.3562824177
 10
731218.0999448511
 20
1423935.0504569688
 10
731217.8250652156
 20
1423934.7702250427
 10
731217.5240416687
 20
1423934.5182854256
 10
731217.1997732316
 20
1423934.2970644338
 10
731216.8553827866
 20
1423934.1086925466
 10
731216.4941870021
 20
1423933.954983888
 10
731216.1196643909
 20
1423933.8374187564
 10
731215.7354218104
 20
1423933.7571293684
 10
731215.3451597267
 20
1423933.7148889548
 10
731214.9526365771
 20
1423933.7111043138
 10
731214.5616325741
 20
1423933.7458118934
 10
731214.1759132998
 20
1423933.8186774408
 10
731213.799193442
 20
1423933.928999221
 10
731213.4351010185
 20
1423934.0757147747
 10
731213.0871424386
 20
1423934.257411151
 10
730175.0276845207
 20
1424542.91999844
 10
730074.5774032468
 20
1424371.6044507055
 10
730179.0741578081
 20
1424549.8211616706
 10
731217.1336157261
 20
1423941.1585743816
 97
0
 75
1
 76
1
 52
0.0
 41
1.0
 77
0
 78
1
 53
45.0
 43
0.0
 44
0.0
 45
-0.0883883476
 46
0.0883883476
 79
0
 98
0
  0
LWPOLYLINE
  5
54
330
17
100
AcDbEntity
  8
ROADS_LOCAL
370
40
420
16711935
100
AcDbPolyline
 90
37
 70
1
 10
731217.1336157261
 20
1423941.1585743816
 10
731217.462089431
 20
1423940.943647018
 10
731217.7679148797
 20
1423940.697558535
 10
731218.048146806
 20
1423940.4226788995
 10
731218.300086423
 20
1423940.1216553526
 10
731218.5213074149
 20
1423939.7973869154
 10
731218.7096793022
 20
1423939.4529964705
 10
731218.8633879608
 20
1423939.091800686
 10
731218.9809530922
 20
1423938.7172780747
 10
731219.0612424802
 20
1423938.3330354942
 10
731219.1034828938
 20
1423937.9427734106
 10
731219.107267535
 20
1423937.550250261
 10
731219.0725599553
 20
1423937.159246258
 10
731218.9996944079
 20
1423936.7735269838
 10
731218.8893726278
 20
1423936.3968071258
 10
731218.742657074
 20
1423936.0327147024
 10
731218.5609606976
 20
1423935.6847561225
 10
731218.346033334
 20
1423935.3562824177
 10
731218.0999448511
 20
1423935.0504569688
 10
731217.8250652156
 20
1423934.7702250427
 10
731217.5240416687
 20
1423934.5182854256
 10
731217.1997732316
 20
1423934.2970644338
 10
731216.8553827866
 20
1423934.1086925466
 10
731216.4941870021
 20
1423933.954983888
 10
731216.1196643909
 20
1423933.8374187564
 10
731215.7354218104
 20
1423933.7571293684
 10
731215.3451597267
 20
1423933.7148889548
 10
731214.9526365771
 20
1423933.7111043138
 10
731214.5616325741
 20
1423933.7458118934
 10
731214.1759132998
 20
1423933.8186774408
 10
731213.799193442
 20
1423933.928999221
 10
731213.4351010185
 20
1423934.0757147747
 10
731213.0871424386
 20
1423934.257411151
 10
730175.0276845207
 20
1424542.91999844
 10
730074.5774032468
 20
1424371.6044507055
 10
730179.0741578081
 20
1424549.8211616706
 10
731217.1336157261
 20
1423941.1585743816
  0
HATCH
  5
55
330
17
100
AcDbEntity
  8
ROADS_LOCAL
 62
7
420
16711935
100
AcDbHatch
 10
0.0
 20
0.0
 30
0.0
210
0.0
220
0.0
230
1.0
  2
SOLID
 70
0
 71
0
 91
1
 92
3
 72
0
 73
1
 93
36
 10
731143.5637993854
 20
1425409.7183944236
 10
731143.8922730903
 20
1425409.50346706
 10
731144.198098539
 20
1425409.257378577
 10
731144.4783304653
 20
1425408.9824989415
 10
731144.7302700824
 20
1425408.6814753946
 10
731144.9514910742
 20
1425408.3572069574
 10
731145.1398629615
 20
1425408.0128165125
 10
731145.2935716201
 20
1425407.651620728
 10
731145.4111367515
 20
1425407.2770981167
 10
731145.4914261395
 20
1425406.8928555362
 10
731145.5336665531
 20
1425406.5025934526
 10
731145.5374511943
 20
1425406.110070303
 10
731145.5027436146
 20
1425405.7190663
 10
731145.4298780672
 20
1425405.3333470258
 10
731145.3195562871
 20
1425404.9566271678
 10
731145.1728407333
 20
1425404.5925347444
 10
731144.9911443569
 20
1425404.2445761645
 10
731144.7762169933
 20
1425403.9161024597
 10
731144.5301285104
 20
1425403.6102770108
 10
731144.2552488749
 20
1425403.3300450847
 10
731143.954225328
 20
1425403.0781054676
 10
731143.629956891
 20
1425402.8568844758
 10
731143.2855664459
 20
1425402.6685125886
 10
731142.9243706614
 20
1425402.51480393
 10
731142.5498480502
 20
1425402.3972387984
 10
731142.1656054697
 20
1425402.3169494104
 10
731141.775343386
 20
1425402.2747089968
 10
731141.3828202364
 20
1425402.2709243558
 10
731140.9918162334
 20
1425402.3056319354
 10
731140.6060969591
 20
1425402.3784974827
 10
731140.2293771013
 20
1425402.488819263
 10
731139.8652846778
 20
1425402.6355348167
 10
731139.5173260979
 20
1425402.817231193
 10
730796.9878727966
 20
1425603.658196206
 10
730801.0343460841
 20
1425610.5593594366
 10
731143.5637993854
 20
1425409.7183944236
 97
0
 75
1
 76
1
 52
0.0
 41
1.0
 77
0
 78
1
 53
45.0
 43
0.0
 44
0.0
 45
-0.0883883476
 46
0.0883883476
 79
0
 98
0
  0
LWPOLYLINE
  5
56
330
17
100
AcDbEntity
  8
ROADS_LOCAL
370
40
420
16711935
100
AcDbPolyline
 90
36
 70
1
 10
731143.5637993854
 20
1425409.7183944236
 10
731143.8922730903
 20
1425409.50346706
 10
731144.198098539
 20
1425409.257378577
 10
731144.4783304653
 20
1425408.9824989415
 10
731144.7302700824
 20
1425408.6814753946
 10
731144.9514910742
 20
1425408.3572069574
 10
731145.1398629615
 20
1425408.0128165125
 10
731145.2935716201
 20
1425407.651620728
 10
731145.4111367515
 20
1425407.2770981167
 10
731145.4914261395
 20
1425406.8928555362
 10
731145.5336665531
 20
1425406.5025934526
 10
731145.5374511943
 20
1425406.110070303
 10
731145.5027436146
 20
1425405.7190663
 10
731145.4298780672
 20
1425405.3333470258
 10
731145.3195562871
 20
1425404.9566271678
 10
731145.1728407333
 20
1425404.5925347444
 10
731144.9911443569
 20
1425404.2445761645
 10
731144.7762169933
 20
1425403.9161024597
 10
731144.5301285104
 20
1425403.6102770108
 10
731144.2552488749
 20
1425403.3300450847
 10
731143.954225328
 20
1425403.0781054676
 10
731143.629956891
 20
1425402.8568844758
 10
731143.2855664459
 20
1425402.6685125886
 10
731142.9243706614
 20
1425402.51480393
 10
731142.5498480502
 20
1425402.3972387984
 10
731142.1656054697
 20
1425402.3169494104
 10
731141.775343386
 20
1425402.2747089968
 10
731141.3828202364
 20
1425402.2709243558
 10
731140.9918162334
 20
1425402.3056319354
 10
731140.6060969591
 20
1425402.3784974827
 10
731140.2293771013
 20
1425402.488819263
 10
731139.8652846778
 20
1425402.6355348167
 10
731139.5173260979
 20
1425402.817231193
 10
730796.9878727966
 20
1425603.658196206
 10
730801.0343460841
 20
1425610.5593594366
 10
731143.5637993854
 20
1425409.7183944236
  0
HATCH
  5
57
330
17
100
AcDbEntity
  8
ROADS_LOCAL
 62
7
420
16711935
100
AcDbHatch
 10
0.0
 20
0.0
 30
0.0
210
0.0
220
0.0
230
1.0
  2
SOLID
 70
0
 71
0
 91
1
 92
3
 72
0
 73
1
 93
37
 10
730593.7142833255
 20
1425256.9799601813
 10
731079.5779703745
 20
1424972.0954609618
 10
731079.9064440794
 20
1424971.8805335981
 10
731080.2122695281
 20
1424971.6344451152
 10
731080.4925014543
 20
1424971.3595654797
 10
731080.7444410714
 20
1424971.0585419328
 10
731080.9656620632
 20
1424970.7342734956
 10
731081.1540339505
 20
1424970.3898830507
 10
731081.3077426092
 20
1424970.0286872662
 10
731081.4253077406
 20
1424969.654164655
 10
731081.5055971285
 20
1424969.2699220744
 10
731081.5478375421
 20
1424968.8796599908
 10
731081.5516221833
 20
1424968.4871368413
 10
731081.5169146036
 20
1424968.0961328382
 10
731081.4440490563
 20
1424967.710413564
 10
731081.3337272762
 20
1424967.333693706
 10
731081.1870117224
 20
1424966.9696012826
 10
731081.005315346
 20
1424966.6216427027
 10
731080.7903879824
 20
1424966.2931689979
 10
731080.5442994995
 20
1424965.987343549
 10
731080.2694198639
 20
1424965.707111623
 10
731079.9683963171
 20
1424965.4551720058
 10
731079.64412788
 20
1424965.233951014
 10
731079.299737435
 20
1424965.0455791268
 10
731078.9385416504
 20
1424964.8918704682
 10
731078.5640190393
 20
1424964.7743053366
 10
731078.1797764588
 20
1424964.6940159486
 10
731077.789514375
 20
1424964.651775535
 10
731077.3969912254
 20
1424964.647990894
 10
731077.0059872224
 20
1424964.6826984736
 10
731076.6202679481
 20
1424964.755564021
 10
731076.2435480903
 20
1424964.8658858011
 10
731075.8794556669
 20
1424965.0126013549
 10
731075.531497087
 20
1424965.1942977312
 10
730589.667810038
 20
1425250.0787969506
 10
730621.726366234
 20
1425304.7538963596
 10
730593.7142833255
 20
1425256.9799601813
 97
0
 75
1
 76
1
 52
0.0
 41
1.0
 77
0
 78
1
 53
45.0
 43
0.0
 44
0.0
 45
-0.0883883476
 46
0.0883883476
 79
0
 98
0
  0
LWPOLYLINE
  5
58
330
17
100
AcDbEntity
  8
ROADS_LOCAL
370
40
420
16711935
100
AcDbPolyline
 90
37
 70
1
 10
730593.7142833255
 20
1425256.9799601813
 10
731079.5779703745
 20
1424972.0954609618
 10
731079.9064440794
 20
1424971.8805335981
 10
731080.2122695281
 20
1424971.6344451152
 10
731080.4925014543
 20
1424971.3595654797
 10
731080.7444410714
 20
1424971.0585419328
 10
731080.9656620632
 20
1424970.7342734956
 10
731081.1540339505
 20
1424970.3898830507
 10
731081.3077426092
 20
1424970.0286872662
 10
731081.4253077406
 20
1424969.654164655
 10
731081.5055971285
 20
1424969.2699220744
 10
731081.5478375421
 20
1424968.8796599908
 10
731081.5516221833
 20
1424968.4871368413
 10
731081.5169146036
 20
1424968.0961328382
 10
731081.4440490563
 20
1424967.710413564
 10
731081.3337272762
 20
1424967.333693706
 10
731081.1870117224
 20
1424966.9696012826
 10
731081.005315346
 20
1424966.6216427027
 10
731080.7903879824
 20
1424966.2931689979
 10
731080.5442994995
 20
1424965.987343549
 10
731080.2694198639
 20
1424965.707111623
 10
731079.9683963171
 20
1424965.4551720058
 10
731079.64412788
 20
1424965.233951014
 10
731079.299737435
 20
1424965.0455791268
 10
731078.9385416504
 20
1424964.8918704682
 10
731078.5640190393
 20
1424964.7743053366
 10
731078.1797764588
 20
1424964.6940159486
 10
731077.789514375
 20
1424964.651775535
 10
731077.3969912254
 20
1424964.647990894
 10
731077.0059872224
 20
1424964.6826984736
 10
731076.6202679481
 20
1424964.755564021
 10
731076.2435480903
 20
1424964.8658858011
 10
731075.8794556669
 20
1424965.0126013549
 10
731075.531497087
 20
1424965.1942977312
 10
730589.667810038
 20
1425250.0787969506
 10
730621.726366234
 20
1425304.7538963596
 10
730593.7142833255
 20
1425256.9799601813
  0
HATCH
  5
59
330
17
100
AcDbEntity
  8
ROADS_LOCAL
 62
7
420
16711935
100
AcDbHatch
 10
0.0
 20
0.0
 30
0.0
210
0.0
220
0.0
230
1.0
  2
SOLID
 70
0
 71
0
 91
1
 92
3
 72
0
 73
1
 93
37
 10
730600.7725222615
 20
1425718.7083910783
 10
730600.4440485566
 20
1425718.923318442
 10
730600.1382231079
 20
1425719.1694069249
 10
730599.8579911817
 20
1425719.4442865604
 10
730599.6060515646
 20
1425719.7453101072
 10
730599.3848305728
 20
1425720.0695785445
 10
730599.1964586854
 20
1425720.4139689894
 10
730599.0427500268
 20
1425720.775164774
 10
730598.9251848954
 20
1425721.1496873852
 10
730598.8448955074
 20
1425721.5339299657
 10
730598.8026550938
 20
1425721.9241920493
 10
730598.7988704527
 20
1425722.3167151988
 10
730598.8335780323
 20
1425722.707719202
 10
730598.9064435797
 20
1425723.093438476
 10
730599.0167653598
 20
1425723.4701583341
 10
730599.1634809136
 20
1425723.8342507575
 10
730599.34517729
 20
1425724.1822093374
 10
730599.5601046536
 20
1425724.5106830422
 10
730599.8061931365
 20
1425724.816508491
 10
730600.081072772
 20
1425725.0967404172
 10
730600.3820963189
 20
1425725.3486800343
 10
730600.706364756
 20
1425725.569901026
 10
730601.050755201
 20
1425725.7582729133
 10
730601.4119509856
 20
1425725.911981572
 10
730601.7864735967
 20
1425726.0295467034
 10
730602.1707161772
 20
1425726.1098360915
 10
730602.5609782609
 20
1425726.1520765051
 10
730602.9535014105
 20
1425726.155861146
 10
730603.3445054136
 20
1425726.1211535665
 10
730603.7302246878
 20
1425726.0482880191
 10
730604.1069445456
 20
1425725.937966239
 10
730604.4710369691
 20
1425725.7912506852
 10
730604.818995549
 20
1425725.609554309
 10
730790.6826012384
 20
1425616.6290693677
 10
730884.3482129994
 20
1425776.3735258214
 10
730786.636127951
 20
1425609.727906137
 10
730600.7725222615
 20
1425718.7083910783
 97
0
 75
1
 76
1
 52
0.0
 41
1.0
 77
0
 78
1
 53
45.0
 43
0.0
 44
0.0
 45
-0.0883883476
 46
0.0883883476
 79
0
 98
0
  0
LWPOLYLINE
  5
5A
330
17
100
AcDbEntity
  8
ROADS_LOCAL
370
40
420
16711935
100
AcDbPolyline
 90
37
 70
1
 10
730600.7725222615
 20
1425718.7083910783
 10
730600.4440485566
 20
1425718.923318442
 10
730600.1382231079
 20
1425719.1694069249
 10
730599.8579911817
 20
1425719.4442865604
 10
730599.6060515646
 20
1425719.7453101072
 10
730599.3848305728
 20
1425720.0695785445
 10
730599.1964586854
 20
1425720.4139689894
 10
730599.0427500268
 20
1425720.775164774
 10
730598.9251848954
 20
1425721.1496873852
 10
730598.8448955074
 20
1425721.5339299657
 10
730598.8026550938
 20
1425721.9241920493
 10
730598.7988704527
 20
1425722.3167151988
 10
730598.8335780323
 20
1425722.707719202
 10
730598.9064435797
 20
1425723.093438476
 10
730599.0167653598
 20
1425723.4701583341
 10
730599.1634809136
 20
1425723.8342507575
 10
730599.34517729
 20
1425724.1822093374
 10
730599.5601046536
 20
1425724.5106830422
 10
730599.8061931365
 20
1425724.816508491
 10
730600.081072772
 20
1425725.0967404172
 10
730600.3820963189
 20
1425725.3486800343
 10
730600.706364756
 20
1425725.569901026
 10
730601.050755201
 20
1425725.7582729133
 10
730601.4119509856
 20
1425725.911981572
 10
730601.7864735967
 20
1425726.0295467034
 10
730602.1707161772
 20
1425726.1098360915
 10
730602.5609782609
 20
1425726.1520765051
 10
730602.9535014105
 20
1425726.155861146
 10
730603.3445054136
 20
1425726.1211535665
 10
730603.7302246878
 20
1425726.0482880191
 10
730604.1069445456
 20
1425725.937966239
 10
730604.4710369691
 20
1425725.7912506852
 10
730604.818995549
 20
1425725.609554309
 10
730790.6826012384
 20
1425616.6290693677
 10
730884.3482129994
 20
1425776.3735258214
 10
730786.636127951
 20
1425609.727906137
 10
730600.7725222615
 20
1425718.7083910783
  0
HATCH
  5
5B
330
17
100
AcDbEntity
  8
ROADS_LOCAL
 62
7
420
16711935
100
AcDbHatch
 10
0.0
 20
0.0
 30
0.0
210
0.0
220
0.0
230
1.0
  2
SOLID
 70
0
 71
0
 91
1
 92
3
 72
0
 73
1
 93
37
 10
730579.3160651922
 20
1425256.1485068817
 10
730369.2529616843
 20
1425379.3182840075
 10
730368.9244879794
 20
1425379.5332113712
 10
730368.6186625307
 20
1425379.779299854
 10
730368.3384306044
 20
1425380.0541794896
 10
730368.0864909873
 20
1425380.3552030365
 10
730367.8652699955
 20
1425380.6794714737
 10
730367.6768981082
 20
1425381.0238619186
 10
730367.5231894496
 20
1425381.3850577031
 10
730367.4056243182
 20
1425381.7595803144
 10
730367.3253349302
 20
1425382.143822895
 10
730367.2830945166
 20
1425382.5340849785
 10
730367.2793098754
 20
1425382.926608128
 10
730367.3140174551
 20
1425383.3176121311
 10
730367.3868830025
 20
1425383.7033314053
 10
730367.4972047826
 20
1425384.0800512633
 10
730367.6439203364
 20
1425384.4441436867
 10
730367.8256167128
 20
1425384.7921022666
 10
730368.0405440764
 20
1425385.1205759714
 10
730368.2866325593
 20
1425385.4264014203
 10
730368.5615121948
 20
1425385.7066333464
 10
730368.8625357416
 20
1425385.9585729635
 10
730369.1868041788
 20
1425386.1797939553
 10
730369.5311946238
 20
1425386.3681658425
 10
730369.8923904083
 20
1425386.5218745011
 10
730370.2669130195
 20
1425386.6394396327
 10
730370.6511556
 20
1425386.7197290207
 10
730371.0414176837
 20
1425386.7619694343
 10
730371.4339408333
 20
1425386.7657540753
 10
730371.8249448363
 20
1425386.7310464957
 10
730372.2106641106
 20
1425386.6581809483
 10
730372.5873839684
 20
1425386.5478591681
 10
730372.9514763919
 20
1425386.4011436144
 10
730373.2994349718
 20
1425386.2194472381
 10
730583.3625384797
 20
1425263.0496701123
 10
730491.0959246889
 20
1425105.691171174
 10
730579.3160651922
 20
1425256.1485068817
 97
0
 75
1
 76
1
 52
0.0
 41
1.0
 77
0
 78
1
 53
45.0
 43
0.0
 44
0.0
 45
-0.0883883476
 46
0.0883883476
 79
0
 98
0
  0
LWPOLYLINE
  5
5C
330
17
100
AcDbEntity
  8
ROADS_LOCAL
370
40
420
16711935
100
AcDbPolyline
 90
37
 70
1
 10
730579.3160651922
 20
1425256.1485068817
 10
730369.2529616843
 20
1425379.3182840075
 10
730368.9244879794
 20
1425379.5332113712
 10
730368.6186625307
 20
1425379.779299854
 10
730368.3384306044
 20
1425380.0541794896
 10
730368.0864909873
 20
1425380.3552030365
 10
730367.8652699955
 20
1425380.6794714737
 10
730367.6768981082
 20
1425381.0238619186
 10
730367.5231894496
 20
1425381.3850577031
 10
730367.4056243182
 20
1425381.7595803144
 10
730367.3253349302
 20
1425382.143822895
 10
730367.2830945166
 20
1425382.5340849785
 10
730367.2793098754
 20
1425382.926608128
 10
730367.3140174551
 20
1425383.3176121311
 10
730367.3868830025
 20
1425383.7033314053
 10
730367.4972047826
 20
1425384.0800512633
 10
730367.6439203364
 20
1425384.4441436867
 10
730367.8256167128
 20
1425384.7921022666
 10
730368.0405440764
 20
1425385.1205759714
 10
730368.2866325593
 20
1425385.4264014203
 10
730368.5615121948
 20
1425385.7066333464
 10
730368.8625357416
 20
1425385.9585729635
 10
730369.1868041788
 20
1425386.1797939553
 10
730369.5311946238
 20
1425386.3681658425
 10
730369.8923904083
 20
1425386.5218745011
 10
730370.2669130195
 20
1425386.6394396327
 10
730370.6511556
 20
1425386.7197290207
 10
730371.0414176837
 20
1425386.7619694343
 10
730371.4339408333
 20
1425386.7657540753
 10
730371.8249448363
 20
1425386.7310464957
 10
730372.2106641106
 20
1425386.6581809483
 10
730372.5873839684
 20
1425386.5478591681
 10
730372.9514763919
 20
1425386.4011436144
 10
730373.2994349718
 20
1425386.2194472381
 10
730583.3625384797
 20
1425263.0496701123
 10
730491.0959246889
 20
1425105.691171174
 10
730579.3160651922
 20
1425256.1485068817
  0
HATCH
  5
5D
330
17
100
AcDbEntity
  8
ROADS_LOCAL
 62
7
420
16711935
100
AcDbHatch
 10
0.0
 20
0.0
 30
0.0
210
0.0
220
0.0
230
1.0
  2
SOLID
 70
0
 71
0
 91
1
 92
3
 72
0
 73
1
 93
36
 10
730101.5163447262
 20
1425061.1639231867
 10
730101.1878710213
 20
1425061.3788505504
 10
730100.8820455726
 20
1425061.6249390333
 10
730100.6018136464
 20
1425061.8998186688
 10
730100.3498740293
 20
1425062.2008422157
 10
730100.1286530375
 20
1425062.525110653
 10
730099.9402811502
 20
1425062.8695010978
 10
730099.7865724915
 20
1425063.2306968824
 10
730099.6690073601
 20
1425063.6052194936
 10
730099.5887179722
 20
1425063.9894620741
 10
730099.5464775586
 20
1425064.3797241577
 10
730099.5426929174
 20
1425064.7722473072
 10
730099.577400497
 20
1425065.1632513104
 10
730099.6502660444
 20
1425065.5489705845
 10
730099.7605878245
 20
1425065.9256904426
 10
730099.9073033783
 20
1425066.289782866
 10
730100.0889997547
 20
1425066.6377414458
 10
730100.3039271183
 20
1425066.9662151507
 10
730100.5500156012
 20
1425067.2720405995
 10
730100.8248952368
 20
1425067.5522725256
 10
730101.1259187836
 20
1425067.8042121427
 10
730101.4501872207
 20
1425068.0254331345
 10
730101.7945776657
 20
1425068.2138050217
 10
730102.1557734503
 20
1425068.3675136804
 10
730102.5302960614
 20
1425068.4850788119
 10
730102.9145386419
 20
1425068.5653682
 10
730103.3048007257
 20
1425068.6076086136
 10
730103.6973238753
 20
1425068.6113932545
 10
730104.0883278783
 20
1425068.576685675
 10
730104.4740471526
 20
1425068.5038201276
 10
730104.8507670104
 20
1425068.3934983474
 10
730105.2148594338
 20
1425068.2467827937
 10
730105.5628180137
 20
1425068.0650864174
 10
730376.0424757211
 20
1424909.470270857
 10
730371.9960024336
 20
1424902.5691076263
 10
730101.5163447262
 20
1425061.1639231867
 97
0
 75
1
 76
1
 52
0.0
 41
1.0
 77
0
 78
1
 53
45.0
 43
0.0
 44
0.0
 45
-0.0883883476
 46
0.0883883476
 79
0
 98
0
  0
LWPOLYLINE
  5
5E
330
17
100
AcDbEntity
  8
ROADS_LOCAL
370
40
420
16711935
100
AcDbPolyline
 90
36
 70
1
 10
730101.5163447262
 20
1425061.1639231867
 10
730101.1878710213
 20
1425061.3788505504
 10
730100.8820455726
 20
1425061.6249390333
 10
730100.6018136464
 20
1425061.8998186688
 10
730100.3498740293
 20
1425062.2008422157
 10
730100.1286530375
 20
1425062.525110653
 10
730099.9402811502
 20
1425062.8695010978
 10
730099.7865724915
 20
1425063.2306968824
 10
730099.6690073601
 20
1425063.6052194936
 10
730099.5887179722
 20
1425063.9894620741
 10
730099.5464775586
 20
1425064.3797241577
 10
730099.5426929174
 20
1425064.7722473072
 10
730099.577400497
 20
1425065.1632513104
 10
730099.6502660444
 20
1425065.5489705845
 10
730099.7605878245
 20
1425065.9256904426
 10
730099.9073033783
 20
1425066.289782866
 10
730100.0889997547
 20
1425066.6377414458
 10
730100.3039271183
 20
1425066.9662151507
 10
730100.5500156012
 20
1425067.2720405995
 10
730100.8248952368
 20
1425067.5522725256
 10
730101.1259187836
 20
1425067.8042121427
 10
730101.4501872207
 20
1425068.0254331345
 10
730101.7945776657
 20
1425068.2138050217
 10
730102.1557734503
 20
1425068.3675136804
 10
730102.5302960614
 20
1425068.4850788119
 10
730102.9145386419
 20
1425068.5653682
 10
730103.3048007257
 20
1425068.6076086136
 10
730103.6973238753
 20
1425068.6113932545
 10
730104.0883278783
 20
1425068.576685675
 10
730104.4740471526
 20
1425068.5038201276
 10
730104.8507670104
 20
1425068.3934983474
 10
730105.2148594338
 20
1425068.2467827937
 10
730105.5628180137
 20
1425068.0650864174
 10
730376.0424757211
 20
1424909.470270857
 10
730371.9960024336
 20
1424902.5691076263
 10
730101.5163447262
 20
1425061.1639231867
  0
HATCH
  5
5F
330
17
100
AcDbEntity
  8
ROADS_LOCAL
 62
7
420
16711935
100
AcDbHatch
 10
0.0
 20
0.0
 30
0.0
210
0.0
220
0.0
230
1.0
  2
SOLID
 70
0
 71
0
 91
1
 92
3
 72
0
 73
1
 93
38
 10
729722.8880307438
 20
1424809.7258085017
 10
729722.8457903302
 20
1424810.1160705853
 10
729722.842005689
 20
1424810.5085937348
 10
729722.8767132687
 20
1424810.899597738
 10
729722.9495788161
 20
1424811.285317012
 10
729723.0599005962
 20
1424811.6620368701
 10
729723.20661615
 20
1424812.0261292935
 10
729723.3883125264
 20
1424812.3740878734
 10
729723.60323989
 20
1424812.7025615782
 10
729723.8493283729
 20
1424813.008387027
 10
729724.1242080084
 20
1424813.2886189532
 10
729724.4252315552
 20
1424813.5405585703
 10
729724.7494999924
 20
1424813.761779562
 10
729725.0938904374
 20
1424813.9501514493
 10
729725.4550862219
 20
1424814.103860108
 10
729725.8296088331
 20
1424814.2214252395
 10
729726.2138514136
 20
1424814.3017146275
 10
729726.6041134973
 20
1424814.3439550411
 10
729726.9966366469
 20
1424814.347739682
 10
729727.3876406499
 20
1424814.3130321025
 10
729727.7733599242
 20
1424814.2401665552
 10
729728.150079782
 20
1424814.129844775
 10
729728.5141722055
 20
1424813.9831292212
 10
729728.8621307854
 20
1424813.801432845
 10
730168.7224129624
 20
1424555.8908716016
 10
730296.3809451156
 20
1424773.6094392498
 10
730070.2953683321
 20
1424388.0259054822
 10
730164.6759396748
 20
1424548.989708371
 10
729724.8156574978
 20
1424806.9002696143
 10
729724.487183793
 20
1424807.115196978
 10
729724.1813583443
 20
1424807.3612854609
 10
729723.901126418
 20
1424807.6361650964
 10
729723.6491868009
 20
1424807.9371886433
 10
729723.4279658091
 20
1424808.2614570805
 10
729723.2395939218
 20
1424808.6058475254
 10
729723.0858852632
 20
1424808.96704331
 10
729722.9683201318
 20
1424809.3415659212
 10
729722.8880307438
 20
1424809.7258085017
 97
0
 75
1
 76
1
 52
0.0
 41
1.0
 77
0
 78
1
 53
45.0
 43
0.0
 44
0.0
 45
-0.0883883476
 46
0.0883883476
 79
0
 98
0
  0
LWPOLYLINE
  5
60
330
17
100
AcDbEntity
  8
ROADS_LOCAL
370
40
420
16711935
100
AcDbPolyline
 90
38
 70
1
 10
729722.8880307438
 20
1424809.7258085017
 10
729722.8457903302
 20
1424810.1160705853
 10
729722.842005689
 20
1424810.5085937348
 10
729722.8767132687
 20
1424810.899597738
 10
729722.9495788161
 20
1424811.285317012
 10
729723.0599005962
 20
1424811.6620368701
 10
729723.20661615
 20
1424812.0261292935
 10
729723.3883125264
 20
1424812.3740878734
 10
729723.60323989
 20
1424812.7025615782
 10
729723.8493283729
 20
1424813.008387027
 10
729724.1242080084
 20
1424813.2886189532
 10
729724.4252315552
 20
1424813.5405585703
 10
729724.7494999924
 20
1424813.761779562
 10
729725.0938904374
 20
1424813.9501514493
 10
729725.4550862219
 20
1424814.103860108
 10
729725.8296088331
 20
1424814.2214252395
 10
729726.2138514136
 20
1424814.3017146275
 10
729726.6041134973
 20
1424814.3439550411
 10
729726.9966366469
 20
1424814.347739682
 10
729727.3876406499
 20
1424814.3130321025
 10
729727.7733599242
 20
1424814.2401665552
 10
729728.150079782
 20
1424814.129844775
 10
729728.5141722055
 20
1424813.9831292212
 10
729728.8621307854
 20
1424813.801432845
 10
730168.7224129624
 20
1424555.8908716016
 10
730296.3809451156
 20
1424773.6094392498
 10
730070.2953683321
 20
1424388.0259054822
 10
730164.6759396748
 20
1424548.989708371
 10
729724.8156574978
 20
1424806.9002696143
 10
729724.487183793
 20
1424807.115196978
 10
729724.1813583443
 20
1424807.3612854609
 10
729723.901126418
 20
1424807.6361650964
 10
729723.6491868009
 20
1424807.9371886433
 10
729723.4279658091
 20
1424808.2614570805
 10
729723.2395939218
 20
1424808.6058475254
 10
729723.0858852632
 20
1424808.96704331
 10
729722.9683201318
 20
1424809.3415659212
 10
729722.8880307438
 20
1424809.7258085017
  0
HATCH
  5
61
330
17
100
AcDbEntity
  8
ROADS_LOCAL
 62
7
420
16711935
100
AcDbHatch
 10
0.0
 20
0.0
 30
0.0
210
0.0
220
0.0
230
1.0
  2
SOLID
 70
0
 71
0
 91
1
 92
3
 72
0
 73
1
 93
67
 10
729867.3766318917
 20
1425200.1462188335
 10
729867.3343914781
 20
1425200.5364809171
 10
729867.330606837
 20
1425200.9290040666
 10
729867.3653144166
 20
1425201.3200080697
 10
729867.438179964
 20
1425201.705727344
 10
729867.548501744
 20
1425202.082447202
 10
729867.6952172979
 20
1425202.4465396253
 10
729867.8769136743
 20
1425202.7944982052
 10
729868.0918410379
 20
1425203.12297191
 10
729868.3379295208
 20
1425203.4287973589
 10
729868.6128091563
 20
1425203.709029285
 10
729868.9138327031
 20
1425203.960968902
 10
729869.2381011402
 20
1425204.182189894
 10
729869.5824915853
 20
1425204.370561781
 10
729869.9436873698
 20
1425204.5242704398
 10
729870.318209981
 20
1425204.6418355713
 10
729870.7024525615
 20
1425204.7221249593
 10
729871.0927146452
 20
1425204.764365373
 10
729871.4852377948
 20
1425204.7681500139
 10
729871.8762417978
 20
1425204.7334424343
 10
729872.2619610721
 20
1425204.660576887
 10
729872.6386809299
 20
1425204.5502551068
 10
729873.0027733534
 20
1425204.403539553
 10
729873.3507319333
 20
1425204.2218431768
 10
730030.6461669168
 20
1425111.9922067185
 10
730030.9746406217
 20
1425111.7772793549
 10
730031.2804660704
 20
1425111.531190872
 10
730031.5606979966
 20
1425111.2563112364
 10
730031.8126376137
 20
1425110.9552876896
 10
730032.0338586055
 20
1425110.6310192524
 10
730032.2222304929
 20
1425110.2866288074
 10
730032.3759391515
 20
1425109.925433023
 10
730032.4935042829
 20
1425109.5509104116
 10
730032.5737936709
 20
1425109.1666678311
 10
730032.6160340845
 20
1425108.7764057475
 10
730032.6198187256
 20
1425108.383882598
 10
730032.585111146
 20
1425107.992878595
 10
730032.5122455986
 20
1425107.6071593207
 10
730032.4019238185
 20
1425107.2304394627
 10
730032.2552082647
 20
1425106.8663470394
 10
730032.0735118883
 20
1425106.5183884595
 10
730031.8585845247
 20
1425106.1899147546
 10
730031.6124960418
 20
1425105.8840893058
 10
730031.3376164063
 20
1425105.6038573796
 10
730031.0365928594
 20
1425105.3519177625
 10
730030.7123244223
 20
1425105.1306967707
 10
730030.3679339773
 20
1425104.9423248835
 10
730030.0067381928
 20
1425104.788616225
 10
730029.6322155816
 20
1425104.6710510934
 10
730029.2479730011
 20
1425104.5907617053
 10
730028.8577109174
 20
1425104.5485212917
 10
730028.4651877678
 20
1425104.5447366508
 10
730028.0741837648
 20
1425104.5794442303
 10
730027.6884644905
 20
1425104.6523097777
 10
730027.3117446327
 20
1425104.7626315579
 10
730026.9476522092
 20
1425104.9093471116
 10
730026.5996936293
 20
1425105.091043488
 10
729869.3042586457
 20
1425197.320679946
 10
729868.9757849409
 20
1425197.5356073098
 10
729868.6699594922
 20
1425197.7816957927
 10
729868.3897275659
 20
1425198.0565754282
 10
729868.1377879488
 20
1425198.357598975
 10
729867.916566957
 20
1425198.6818674123
 10
729867.7281950697
 20
1425199.0262578572
 10
729867.5744864111
 20
1425199.3874536417
 10
729867.4569212797
 20
1425199.761976253
 10
729867.3766318917
 20
1425200.1462188335
 97
0
 75
1
 76
1
 52
0.0
 41
1.0
 77
0
 78
1
 53
45.0
 43
0.0
 44
0.0
 45
-0.0883883476
 46
0.0883883476
 79
0
 98
0
  0
LWPOLYLINE
  5
62
330
17
100
AcDbEntity
  8
ROADS_LOCAL
370
40
420
16711935
100
AcDbPolyline
 90
67
 70
1
 10
729867.3766318917
 20
1425200.1462188335
 10
729867.3343914781
 20
1425200.5364809171
 10
729867.330606837
 20
1425200.9290040666
 10
729867.3653144166
 20
1425201.3200080697
 10
729867.438179964
 20
1425201.705727344
 10
729867.548501744
 20
1425202.082447202
 10
729867.6952172979
 20
1425202.4465396253
 10
729867.8769136743
 20
1425202.7944982052
 10
729868.0918410379
 20
1425203.12297191
 10
729868.3379295208
 20
1425203.4287973589
 10
729868.6128091563
 20
1425203.709029285
 10
729868.9138327031
 20
1425203.960968902
 10
729869.2381011402
 20
1425204.182189894
 10
729869.5824915853
 20
1425204.370561781
 10
729869.9436873698
 20
1425204.5242704398
 10
729870.318209981
 20
1425204.6418355713
 10
729870.7024525615
 20
1425204.7221249593
 10
729871.0927146452
 20
1425204.764365373
 10
729871.4852377948
 20
1425204.7681500139
 10
729871.8762417978
 20
1425204.7334424343
 10
729872.2619610721
 20
1425204.660576887
 10
729872.6386809299
 20
1425204.5502551068
 10
729873.0027733534
 20
1425204.403539553
 10
729873.3507319333
 20
1425204.2218431768
 10
730030.6461669168
 20
1425111.9922067185
 10
730030.9746406217
 20
1425111.7772793549
 10
730031.2804660704
 20
1425111.531190872
 10
730031.5606979966
 20
1425111.2563112364
 10
730031.8126376137
 20
1425110.9552876896
 10
730032.0338586055
 20
1425110.6310192524
 10
730032.2222304929
 20
1425110.2866288074
 10
730032.3759391515
 20
1425109.925433023
 10
730032.4935042829
 20
1425109.5509104116
 10
730032.5737936709
 20
1425109.1666678311
 10
730032.6160340845
 20
1425108.7764057475
 10
730032.6198187256
 20
1425108.383882598
 10
730032.585111146
 20
1425107.992878595
 10
730032.5122455986
 20
1425107.6071593207
 10
730032.4019238185
 20
1425107.2304394627
 10
730032.2552082647
 20
1425106.8663470394
 10
730032.0735118883
 20
1425106.5183884595
 10
730031.8585845247
 20
1425106.1899147546
 10
730031.6124960418
 20
1425105.8840893058
 10
730031.3376164063
 20
1425105.6038573796
 10
730031.0365928594
 20
1425105.3519177625
 10
730030.7123244223
 20
1425105.1306967707
 10
730030.3679339773
 20
1425104.9423248835
 10
730030.0067381928
 20
1425104.788616225
 10
730029.6322155816
 20
1425104.6710510934
 10
730029.2479730011
 20
1425104.5907617053
 10
730028.8577109174
 20
1425104.5485212917
 10
730028.4651877678
 20
1425104.5447366508
 10
730028.0741837648
 20
1425104.5794442303
 10
730027.6884644905
 20
1425104.6523097777
 10
730027.3117446327
 20
1425104.7626315579
 10
730026.9476522092
 20
1425104.9093471116
 10
730026.5996936293
 20
1425105.091043488
 10
729869.3042586457
 20
1425197.320679946
 10
729868.9757849409
 20
1425197.5356073098
 10
729868.6699594922
 20
1425197.7816957927
 10
729868.3897275659
 20
1425198.0565754282
 10
729868.1377879488
 20
1425198.357598975
 10
729867.916566957
 20
1425198.6818674123
 10
729867.7281950697
 20
1425199.0262578572
 10
729867.5744864111
 20
1425199.3874536417
 10
729867.4569212797
 20
1425199.761976253
 10
729867.3766318917
 20
1425200.1462188335
  0
HATCH
  5
63
330
17
100
AcDbEntity
  8
UTILITY_WTP
 62
7
420
65535
100
AcDbHatch
 10
0.0
 20
0.0
 30
0.0
210
0.0
220
0.0
230
1.0
  2
SOLID
 70
0
 71
0
 91
1
 92
3
 72
0
 73
1
 93
147
 10
730214.0773858551
 20
1425205.9310704584
 10
730213.8493502573
 20
1425205.6826358908
 10
730213.0706870572
 20
1425204.7366434385
 10
730187.6920680839
 20
1425170.972615111
 10
730142.7294863989
 20
1425148.1454659402
 10
730061.7201277297
 20
1425120.229653387
 10
730060.7009843492
 20
1425119.8145155602
 10
730060.2036055743
 20
1425119.5792231539
 10
730059.2362477517
 20
1425119.054617122
 10
730058.7677341437
 20
1425118.7660982169
 10
730057.8638765108
 20
1425118.1383769216
 10
730049.3814638183
 20
1425111.5365627583
 10
730048.6731797312
 20
1425111.903659285
 10
730047.7594174255
 20
1425112.3003928924
 10
730047.2932229873
 20
1425112.4757568634
 10
730046.344522138
 20
1425112.77960848
 10
730045.8631932721
 20
1425112.9077189795
 10
730044.8889683986
 20
1425113.1156733066
 10
730044.3972816179
 20
1425113.1952590176
 10
730043.4072005292
 20
1425113.3052524016
 10
730042.9100351296
 20
1425113.3355235483
 10
730041.9139229858
 20
1425113.3464644598
 10
730041.4162126344
 20
1425113.3271206438
 10
730040.4239544449
 20
1425113.2389005097
 10
730039.9306382164
 20
1425113.170133691
 10
730038.9520807462
 20
1425112.9836279715
 10
730038.4680541097
 20
1425112.866120565
 10
730037.5129081623
 20
1425112.5831800664
 10
730037.0429743963
 20
1425112.4180981657
 10
730035.892500458
 20
1425111.9416431997
 10
730032.2440900903
 20
1425110.235261535
 10
730032.0338586057
 20
1425110.6310192521
 10
730031.8126376139
 20
1425110.9552876896
 10
730031.5606979964
 20
1425111.2563112364
 10
730031.2804660705
 20
1425111.5311908722
 10
730030.9746406216
 20
1425111.7772793549
 10
730030.6461669166
 20
1425111.9922067185
 10
729873.3507319334
 20
1425204.2218431765
 10
729873.0027733531
 20
1425204.403539553
 10
729872.6386809299
 20
1425204.5502551065
 10
729872.261961072
 20
1425204.6605768867
 10
729871.8762417976
 20
1425204.7334424343
 10
729871.4852377949
 20
1425204.7681500139
 10
729871.0927146453
 20
1425204.764365373
 10
729870.7024525615
 20
1425204.722124959
 10
729870.3182099808
 20
1425204.641835571
 10
729869.94368737
 20
1425204.5242704398
 10
729869.5824915852
 20
1425204.3705617809
 10
729869.2381011402
 20
1425204.1821898937
 10
729868.9138327029
 20
1425203.960968902
 10
729868.5256668404
 20
1425203.6201901862
 10
729838.2168381588
 20
1425234.438525848
 10
729870.5335910667
 20
1425289.5539735623
 10
729928.8345825202
 20
1425252.2620055685
 10
729929.8908114841
 20
1425251.6500742345
 10
729930.3258339071
 20
1425251.428347974
 10
729931.2164934408
 20
1425251.0279060106
 10
729931.6710682202
 20
1425250.849667934
 10
729932.5965390359
 20
1425250.538007959
 10
729933.0663312214
 20
1425250.4049577925
 10
729934.017787769
 20
1425250.1850518843
 10
729934.4983172852
 20
1425250.0984584338
 10
729935.4666862073
 20
1425249.9724036756
 10
729935.9533705931
 20
1425249.9330927196
 10
729936.9294172507
 20
1425249.9020912063
 10
729937.4176153451
 20
1425249.9104376254
 10
729938.3920318818
 20
1425249.9747849952
 10
729938.8770880918
 20
1425250.0307091956
 10
729939.8405821968
 20
1425250.1897918147
 10
729940.3178708886
 20
1425250.2927604879
 10
729941.2612544115
 20
1425250.5450612989
 10
729941.7262240262
 20
1425250.6940925063
 10
729942.6405005961
 20
1425251.0372054975
 10
729943.0887170505
 20
1425251.230878035
 10
729943.9651678675
 20
1425251.6615311848
 10
729944.392356847
 20
1425251.897998138
 10
729945.2226238301
 20
1425252.412084617
 10
729945.624711536
 20
1425252.6890909676
 10
729946.4008770251
 20
1425253.2817083015
 10
729946.7740290391
 20
1425253.596612442
 10
729947.4886913009
 20
1425254.2621092652
 10
729947.8293491385
 20
1425254.6119081795
 10
729948.475692953
 20
1425255.343938127
 10
729948.7806080063
 20
1425255.7252960342
 10
729949.4906008684
 20
1425256.7182661837
 10
729952.204043119
 20
1425260.889149044
 10
729952.8309426502
 20
1425261.953502984
 10
729953.0581913893
 20
1425262.392238004
 10
729953.4687783404
 20
1425263.2910928195
 10
729953.6516150632
 20
1425263.7501147569
 10
729953.9714817376
 20
1425264.6851050968
 10
729954.108121004
 20
1425265.159931503
 10
729954.3341438333
 20
1425266.1219269838
 10
729954.4232513319
 20
1425266.6079210793
 10
729954.5532231547
 20
1425267.5875276073
 10
729954.5939287314
 20
1425268.079943551
 10
729954.6265803447
 20
1425269.0675950565
 10
729954.618486501
 20
1425269.5616243028
 10
729954.5534990547
 20
1425270.5476761556
 10
729954.4966848283
 20
1425271.0384944007
 10
729954.3346929394
 20
1425272.0133175908
 10
729954.2297131328
 20
1425272.4961318893
 10
729953.9722986865
 20
1425273.4502070579
 10
729953.8201784516
 20
1425273.9203026227
 10
729953.4698551556
 20
1425274.8443130192
 10
729953.2720799793
 20
1425275.2970992655
 10
729952.8322688167
 20
1425276.182021729
 10
729952.5907700147
 20
1425276.613077103
 10
729952.0657658367
 20
1425277.4502701734
 10
729951.782901699
 20
1425277.8553853242
 10
729951.1778312845
 20
1425278.636673631
 10
729950.8563640395
 20
1425279.0118925225
 10
729950.1771360321
 20
1425279.729646616
 10
729949.8202048774
 20
1425280.0713051541
 10
729949.0734520856
 20
1425280.71851601
 10
729948.6845425299
 20
1425281.0232778264
 10
729947.6722860838
 20
1425281.731225013
 10
729888.1221380451
 20
1425319.550818979
 10
729889.424959786
 20
1425321.77275024
 10
729908.9095553963
 20
1425309.597919664
 10
729925.154171447
 20
1425299.6697645371
 10
729926.2392357305
 20
1425299.0713982487
 10
729926.6856588743
 20
1425298.8560719662
 10
729927.5987526746
 20
1425298.47020173
 10
729928.0643010933
 20
1425298.3001320302
 10
729929.0111122335
 20
1425298.0065595654
 10
729929.4912112765
 20
1425297.8834176157
 10
729930.4624360482
 20
1425297.685027671
 10
729930.9523680924
 20
1425297.6100235076
 10
729931.9384628901
 20
1425297.5087655347
 10
729932.4334136844
 20
1425297.4826361763
 10
729933.4246887846
 20
1425297.4795051727
 10
729933.9197947639
 20
1425297.5025073753
 10
729934.9065095391
 20
1425297.5975341068
 10
729935.3969056121
 20
1425297.6694418432
 10
729936.3693642467
 20
1425297.861692543
 10
729936.8502316069
 20
1425297.9817992214
 10
729937.798878371
 20
1425298.2693847648
 10
729938.2654918405
 20
1425298.4365101736
 10
729939.1810049879
 20
1425298.8166046413
 10
729939.6287794544
 20
1425299.0291065455
 10
729940.502162822
 20
1425299.497974992
 10
729940.926698291
 20
1425299.753765271
 10
729941.749369699
 20
1425300.3068004253
 10
729982.7791493488
 20
1425330.9393788443
 10
730019.7602281393
 20
1425319.86826651
 10
730214.0773858551
 20
1425205.9310704584
 97
0
 75
1
 76
1
 52
0.0
 41
1.0
 77
0
 78
1
 53
45.0
 43
0.0
 44
0.0
 45
-0.0883883476
 46
0.0883883476
 79
0
 98
0
  0
LWPOLYLINE
  5
64
330
17
100
AcDbEntity
  8
PARCEL_BORDER
370
50
420
3302450
100
AcDbPolyline
 90
165
 70
1
 10
730214.0773858551
 20
1425205.9310704584
 10
730213.8493502573
 20
1425205.6826358908
 10
730213.2227235575
 20
1425204.928914816
 10
730213.0706870572
 20
1425204.7366434385
 10
730187.6920680839
 20
1425170.972615111
 10
730142.7294863989
 20
1425148.1454659402
 10
730061.9777709825
 20
1425120.3264230464
 10
730061.7201277297
 20
1425120.229653387
 10
730060.7009843492
 20
1425119.8145155602
 10
730060.2036055743
 20
1425119.5792231539
 10
730059.2362477517
 20
1425119.054617122
 10
730058.7677341437
 20
1425118.7660982169
 10
730057.8638765108
 20
1425118.1383769216
 10
730057.6422327283
 20
1425117.9752253154
 10
730049.3814638183
 20
1425111.5365627583
 10
730049.1196134196
 20
1425111.6827820826
 10
730048.6731797312
 20
1425111.903659285
 10
730047.7594174255
 20
1425112.3003928924
 10
730047.2932229873
 20
1425112.4757568634
 10
730046.344522138
 20
1425112.77960848
 10
730045.8631932721
 20
1425112.9077189795
 10
730044.8889683986
 20
1425113.1156733066
 10
730044.3972816179
 20
1425113.1952590176
 10
730043.4072005292
 20
1425113.3052524016
 10
730042.9100351296
 20
1425113.3355235483
 10
730041.9139229858
 20
1425113.3464644598
 10
730041.4162126344
 20
1425113.3271206438
 10
730040.4239544449
 20
1425113.2389005097
 10
730039.9306382164
 20
1425113.170133691
 10
730038.9520807462
 20
1425112.9836279715
 10
730038.4680541097
 20
1425112.866120565
 10
730037.5129081623
 20
1425112.5831800664
 10
730037.0429743963
 20
1425112.4180981657
 10
730036.1207184503
 20
1425112.041530674
 10
730035.892500458
 20
1425111.9416431997
 10
730032.2440900903
 20
1425110.235261535
 10
730032.2222304927
 20
1425110.2866288074
 10
730032.0338586057
 20
1425110.6310192521
 10
730031.8126376139
 20
1425110.9552876896
 10
730031.5606979964
 20
1425111.2563112364
 10
730031.2804660705
 20
1425111.5311908722
 10
730030.9746406216
 20
1425111.7772793549
 10
730030.6461669166
 20
1425111.9922067185
 10
729980.4168107955
 20
1425141.4440166522
 10
729873.3507319334
 20
1425204.2218431765
 10
729873.0027733531
 20
1425204.403539553
 10
729872.6386809299
 20
1425204.5502551065
 10
729872.261961072
 20
1425204.6605768867
 10
729871.8762417976
 20
1425204.7334424343
 10
729871.4852377949
 20
1425204.7681500139
 10
729871.0927146453
 20
1425204.764365373
 10
729870.7024525615
 20
1425204.722124959
 10
729870.3182099808
 20
1425204.641835571
 10
729869.94368737
 20
1425204.5242704398
 10
729869.5824915852
 20
1425204.3705617809
 10
729869.2381011402
 20
1425204.1821898937
 10
729868.9138327029
 20
1425203.960968902
 10
729868.6128091562
 20
1425203.709029285
 10
729868.5256668404
 20
1425203.6201901862
 10
729838.2168381588
 20
1425234.438525848
 10
729870.5335910667
 20
1425289.5539735623
 10
729928.8345825202
 20
1425252.2620055685
 10
729929.0434568129
 20
1425252.1354794593
 10
729929.8908114841
 20
1425251.6500742345
 10
729930.3258339071
 20
1425251.428347974
 10
729931.2164934408
 20
1425251.0279060106
 10
729931.6710682202
 20
1425250.849667934
 10
729932.5965390359
 20
1425250.538007959
 10
729933.0663312214
 20
1425250.4049577925
 10
729934.017787769
 20
1425250.1850518843
 10
729934.4983172852
 20
1425250.0984584338
 10
729935.4666862073
 20
1425249.9724036756
 10
729935.9533705931
 20
1425249.9330927196
 10
729936.9294172507
 20
1425249.9020912063
 10
729937.4176153451
 20
1425249.9104376254
 10
729938.3920318818
 20
1425249.9747849952
 10
729938.8770880918
 20
1425250.0307091956
 10
729939.8405821968
 20
1425250.1897918147
 10
729940.3178708886
 20
1425250.2927604879
 10
729941.2612544115
 20
1425250.5450612989
 10
729941.7262240262
 20
1425250.6940925063
 10
729942.6405005961
 20
1425251.0372054975
 10
729943.0887170505
 20
1425251.230878035
 10
729943.9651678675
 20
1425251.6615311848
 10
729944.392356847
 20
1425251.897998138
 10
729945.2226238301
 20
1425252.412084617
 10
729945.624711536
 20
1425252.6890909676
 10
729946.4008770251
 20
1425253.2817083015
 10
729946.7740290391
 20
1425253.596612442
 10
729947.4886913009
 20
1425254.2621092652
 10
729947.8293491385
 20
1425254.6119081795
 10
729948.475692953
 20
1425255.343938127
 10
729948.7806080063
 20
1425255.7252960342
 10
729949.3524696566
 20
1425256.5168782622
 10
729949.4906008684
 20
1425256.7182661837
 10
729952.204043119
 20
1425260.889149044
 10
729952.3336448916
 20
1425261.099561204
 10
729952.8309426502
 20
1425261.953502984
 10
729953.0581913893
 20
1425262.392238004
 10
729953.4687783404
 20
1425263.2910928195
 10
729953.6516150632
 20
1425263.7501147569
 10
729953.9714817376
 20
1425264.6851050968
 10
729954.108121004
 20
1425265.159931503
 10
729954.3341438333
 20
1425266.1219269838
 10
729954.4232513319
 20
1425266.6079210793
 10
729954.5532231547
 20
1425267.5875276073
 10
729954.5939287314
 20
1425268.079943551
 10
729954.6265803447
 20
1425269.0675950565
 10
729954.618486501
 20
1425269.5616243028
 10
729954.5534990547
 20
1425270.5476761556
 10
729954.4966848283
 20
1425271.0384944007
 10
729954.3346929394
 20
1425272.0133175908
 10
729954.2297131328
 20
1425272.4961318893
 10
729953.9722986865
 20
1425273.4502070579
 10
729953.8201784516
 20
1425273.9203026227
 10
729953.4698551556
 20
1425274.8443130192
 10
729953.2720799793
 20
1425275.2970992655
 10
729952.8322688167
 20
1425276.182021729
 10
729952.5907700147
 20
1425276.613077103
 10
729952.0657658367
 20
1425277.4502701734
 10
729951.782901699
 20
1425277.8553853242
 10
729951.1778312845
 20
1425278.636673631
 10
729950.8563640395
 20
1425279.0118925225
 10
729950.1771360321
 20
1425279.729646616
 10
729949.8202048774
 20
1425280.0713051541
 10
729949.0734520856
 20
1425280.71851601
 10
729948.6845425299
 20
1425281.0232778264
 10
729947.8775571561
 20
1425281.5936252915
 10
729947.6722860838
 20
1425281.731225013
 10
729888.1221380451
 20
1425319.550818979
 10
729889.424959786
 20
1425321.77275024
 10
729908.8040513694
 20
1425309.6631933602
 10
729908.8251262794
 20
1425309.6500967236
 10
729908.9095553963
 20
1425309.597919664
 10
729908.9306950452
 20
1425309.584927771
 10
729925.154171447
 20
1425299.6697645371
 10
729925.3688316592
 20
1425299.5457745558
 10
729926.2392357305
 20
1425299.0713982487
 10
729926.6856588743
 20
1425298.8560719662
 10
729927.5987526746
 20
1425298.47020173
 10
729928.0643010933
 20
1425298.3001320302
 10
729929.0111122335
 20
1425298.0065595654
 10
729929.4912112765
 20
1425297.8834176157
 10
729930.4624360482
 20
1425297.685027671
 10
729930.9523680924
 20
1425297.6100235076
 10
729931.9384628901
 20
1425297.5087655347
 10
729932.4334136844
 20
1425297.4826361763
 10
729933.4246887846
 20
1425297.4795051727
 10
729933.9197947639
 20
1425297.5025073753
 10
729934.9065095391
 20
1425297.5975341068
 10
729935.3969056121
 20
1425297.6694418432
 10
729936.3693642467
 20
1425297.861692543
 10
729936.8502316069
 20
1425297.9817992214
 10
729937.798878371
 20
1425298.2693847648
 10
729938.2654918405
 20
1425298.4365101736
 10
729939.1810049879
 20
1425298.8166046413
 10
729939.6287794544
 20
1425299.0291065455
 10
729940.502162822
 20
1425299.497974992
 10
729940.926698291
 20
1425299.753765271
 10
729941.749369699
 20
1425300.3068004253
 10
729941.9516091151
 20
1425300.4501592093
 10
729982.7791493488
 20
1425330.9393788443
 10
730019.7602281393
 20
1425319.86826651
 10
730068.3351024089
 20
1425291.3865563108
 10
730214.0773858551
 20
1425205.9310704584
  0
TEXT
  5
65
330
17
100
AcDbEntity
  8
TEXT_LABELS
100
AcDbText
 10
730025.0911572159
 20
1425217.0452029803
 30
0.0
 40
12.0
  1
WTP
 72
1
 11
730025.0911572159
 21
1425217.0452029803
 31
0.0
100
AcDbText
 73
2
  0
HATCH
  5
66
330
17
100
AcDbEntity
  8
UTILITY_POND
 62
7
420
25855
100
AcDbHatch
 10
0.0
 20
0.0
 30
0.0
210
0.0
220
0.0
230
1.0
  2
SOLID
 70
0
 71
0
 91
1
 92
3
 72
0
 73
1
 93
6
 10
731116.9068923426
 20
1423934.706928826
 10
731135.993614646
 20
1423967.2588763607
 10
731204.4619175094
 20
1423927.1127228332
 10
731203.2063193332
 20
1423902.2728629638
 10
731195.2793070391
 20
1423888.7535334425
 10
731116.9068923426
 20
1423934.706928826
 97
0
 75
1
 76
1
 52
0.0
 41
1.0
 77
0
 78
1
 53
45.0
 43
0.0
 44
0.0
 45
-0.0883883476
 46
0.0883883476
 79
0
 98
0
  0
LWPOLYLINE
  5
67
330
17
100
AcDbEntity
  8
PARCEL_BORDER
370
50
420
3302450
100
AcDbPolyline
 90
8
 70
1
 10
731116.9068923426
 20
1423934.706928826
 10
731135.993614646
 20
1423967.2588763607
 10
731175.1798219943
 20
1423944.282178669
 10
731204.4619175094
 20
1423927.1127228332
 10
731203.2063193332
 20
1423902.2728629638
 10
731195.2793070391
 20
1423888.7535334425
 10
731156.093099691
 20
1423911.7302311342
 10
731116.9068923426
 20
1423934.706928826
  0
TEXT
  5
68
330
17
100
AcDbEntity
  8
TEXT_LABELS
100
AcDbText
 10
731164.0364801006
 20
1423928.4323666156
 30
0.0
 40
12.0
  1
Retention Pond
 72
1
 11
731164.0364801006
 21
1423928.4323666156
 31
0.0
100
AcDbText
 73
2
  0
HATCH
  5
69
330
17
100
AcDbEntity
  8
GREEN_AREA
 62
7
420
9881750
100
AcDbHatch
 10
0.0
 20
0.0
 30
0.0
210
0.0
220
0.0
230
1.0
  2
SOLID
 70
0
 71
0
 91
2
 92
3
 72
0
 73
1
 93
6
 10
731132.425252217
 20
1423980.943422008
 10
731214.7555585423
 20
1423932.669330502
 10
731213.0700769274
 20
1423899.3249629214
 10
731198.847669468
 20
1423875.0689877952
 10
731103.2223466951
 20
1423931.1385663971
 10
731132.425252217
 20
1423980.943422008
 97
0
 92
3
 72
0
 73
1
 93
6
 10
731116.9068923426
 20
1423934.706928826
 10
731195.2793070391
 20
1423888.7535334425
 10
731203.2063193332
 20
1423902.2728629638
 10
731204.4619175094
 20
1423927.1127228332
 10
731135.993614646
 20
1423967.2588763607
 10
731116.9068923426
 20
1423934.706928826
 97
0
 75
1
 76
1
 52
0.0
 41
1.0
 77
0
 78
1
 53
45.0
 43
0.0
 44
0.0
 45
-0.0883883476
 46
0.0883883476
 79
0
 98
0
  0
LWPOLYLINE
  5
6A
330
17
100
AcDbEntity
  8
PARCEL_BORDER
370
50
420
3302450
100
AcDbPolyline
 90
8
 70
1
 10
731132.425252217
 20
1423980.943422008
 10
731180.2379136035
 20
1423952.908632707
 10
731214.7555585423
 20
1423932.669330502
 10
731213.0700769274
 20
1423899.3249629214
 10
731198.847669468
 20
1423875.0689877952
 10
731151.0350080817
 20
1423903.1037770961
 10
731103.2223466951
 20
1423931.1385663971
 10
731132.425252217
 20
1423980.943422008
  0
HATCH
  5
6B
330
17
100
AcDbEntity
  8
UTILITY_POND
 62
7
420
25855
100
AcDbHatch
 10
0.0
 20
0.0
 30
0.0
210
0.0
220
0.0
230
1.0
  2
SOLID
 70
0
 71
0
 91
1
 92
3
 72
0
 73
1
 93
240
 10
731430.979072577
 20
1424507.0306915294
 10
731476.1015265863
 20
1424509.0627630083
 10
731476.8119855025
 20
1424509.111680198
 10
731478.2287401062
 20
1424509.254401456
 10
731479.1671386978
 20
1424509.3979902766
 10
731480.5639776388
 20
1424509.6744029128
 10
731481.4845334904
 20
1424509.9063222522
 10
731482.3961849282
 20
1424510.17084882
 10
731483.2979045226
 20
1424510.4676844943
 10
731484.6257503305
 20
1424510.9818717248
 10
731485.4952618275
 20
1424511.3628696373
 10
731486.7683707278
 20
1424512.0006444452
 10
731487.5978391082
 20
1424512.4623714893
 10
731488.8047393404
 20
1424513.2179869963
 10
731489.1989649485
 20
1424513.4825315978
 10
731489.9679157296
 20
1424514.0392400976
 10
731491.0838725683
 20
1424514.9236626716
 10
731491.7965727076
 20
1424515.550773651
 10
731492.4864465265
 20
1424516.2028141124
 10
731493.1527165455
 20
1424516.8790492124
 10
731494.0986098715
 20
1424517.943402917
 10
731494.6977585395
 20
1424518.6797659467
 10
731494.984094517
 20
1424519.0584602652
 10
731495.8065093444
 20
1424520.220870188
 10
731496.3142371438
 20
1424521.023006172
 10
731497.0227288106
 20
1424522.2581590093
 10
731497.4521118439
 20
1424523.1048229788
 10
731498.0402962518
 20
1424524.401588977
 10
731498.3874654188
 20
1424525.2851517822
 10
731498.8500425463
 20
1424526.631846019
 10
731499.1118695674
 20
1424527.5443460324
 10
731499.4446712105
 20
1424528.9288336793
 10
731499.6187968063
 20
1424529.8620485165
 10
731499.7919971816
 20
1424531.0359778013
 10
731503.3971037411
 20
1424566.3921424039
 10
731508.7876633942
 20
1424607.7096865934
 10
731508.9423071243
 20
1424609.3878779071
 10
731508.9699771195
 20
1424609.8687111156
 10
731508.9905415842
 20
1424610.8315394188
 10
731508.957612338
 20
1424612.2756776798
 10
731508.8854707382
 20
1424613.2360197194
 10
731508.7787001937
 20
1424614.1930603534
 10
731508.637424541
 20
1424615.1456895731
 10
731508.5496094467
 20
1424615.6192449694
 10
731508.351279937
 20
1424616.5615783124
 10
731508.119029619
 20
1424617.4962017967
 10
731507.6980229281
 20
1424618.878002427
 10
731507.5429309964
 20
1424619.3339768741
 10
731507.2000849509
 20
1424620.233931226
 10
731506.8249869937
 20
1424621.12085188
 10
731506.6267557563
 20
1424621.5597944483
 10
731506.1989362494
 20
1424622.422599011
 10
731505.5007357391
 20
1424623.6871683823
 10
731504.9919100548
 20
1424624.5048221403
 10
731504.4539249288
 20
1424625.3035077658
 10
731503.8874043337
 20
1424626.0822989175
 10
731503.59019944
 20
1424626.461291607
 10
731502.9778862856
 20
1424627.2045273199
 10
731502.3390835486
 20
1424627.9252160806
 10
731501.325839814
 20
1424628.9547581114
 10
731500.9771574689
 20
1424629.2870032385
 10
731500.256403541
 20
1424629.9257324615
 10
731499.1340823645
 20
1424630.8351360264
 10
731498.3552334236
 20
1424631.4015771758
 10
731497.5564929222
 20
1424631.939480825
 10
731497.1506440574
 20
1424632.198812445
 10
731496.35646312
 20
1424632.6673435066
 10
731528.72608746
 20
1424687.8729621812
 10
731673.7575716854
 20
1424602.8342510036
 10
731666.8083442491
 20
1424589.30413558
 10
731622.1747814841
 20
1424608.2413405585
 10
731620.8281495909
 20
1424608.7472212627
 10
731620.3743187682
 20
1424608.9023515822
 10
731619.4562829337
 20
1424609.1797045586
 10
731618.528932748
 20
1424609.423843497
 10
731617.5933347999
 20
1424609.634487602
 10
731617.1219485957
 20
1424609.7229346347
 10
731615.7003926951
 20
1424609.9428687703
 10
731614.7463142617
 20
1424610.0400738108
 10
731613.7894259228
 20
1424610.1028981311
 10
731613.3102282451
 20
1424610.1228336089
 10
731612.3512258554
 20
1424610.1282057299
 10
731611.3927196043
 20
1424610.0990860655
 10
731610.4358119129
 20
1424610.0355081055
 10
731609.007398257
 20
1424609.865724077
 10
731608.5331920922
 20
1424609.7939163647
 10
731607.5907623768
 20
1424609.6163193802
 10
731606.6553968834
 20
1424609.4049581217
 10
731606.1902491483
 20
1424609.2880589487
 10
731605.2691636803
 20
1424609.0210083255
 10
731604.3583440584
 20
1424608.7210253186
 10
731603.4588378554
 20
1424608.3884549523
 10
731602.1373630847
 20
1424607.8202149966
 10
731601.2738478279
 20
1424607.403014953
 10
731600.8497811115
 20
1424607.1789719914
 10
731600.0128776963
 20
1424606.710810842
 10
731599.1932941338
 20
1424606.212817627
 10
731598.0044242889
 20
1424605.4030147423
 10
731597.616868526
 20
1424605.120475606
 10
731596.8627461608
 20
1424604.5280113304
 10
731596.1304722398
 20
1424603.9088529553
 10
731595.7717613115
 20
1424603.5904910543
 10
731595.0778552577
 20
1424602.928517598
 10
731594.408254077
 20
1424602.2420655258
 10
731593.7637279069
 20
1424601.531924357
 10
731592.8536070122
 20
1424600.4179799338
 10
731592.5621860892
 20
1424600.0370577972
 10
731592.0072433593
 20
1424599.2549113727
 10
731591.4808273074
 20
1424598.4533701523
 10
731590.9835433848
 20
1424597.6333560178
 10
731590.7497591608
 20
1424597.2145807035
 10
731590.0865273502
 20
1424595.9380791334
 10
731582.5738856688
 20
1424579.8708776555
 10
731582.2722895629
 20
1424579.180951006
 10
731581.8934959973
 20
1424578.2515385118
 10
731581.5499282212
 20
1424577.3084520625
 10
731581.1122573393
 20
1424575.8679624577
 10
731580.9824806047
 20
1424575.3830503193
 10
731580.759673173
 20
1424574.4043738064
 10
731580.5738770546
 20
1424573.4180817846
 10
731580.4253263383
 20
1424572.4254168982
 10
731580.2837782043
 20
1424570.9265739464
 10
731580.2354779002
 20
1424569.9240182268
 10
731580.2448829324
 20
1424568.4185357043
 10
731580.2973195654
 20
1424567.4161878207
 10
731580.3423968278
 20
1424566.9162380074
 10
731580.5276919634
 20
1424565.4221724875
 10
731580.7051923568
 20
1424564.4342734518
 10
731581.0393156484
 20
1424562.9663062498
 10
731581.3149465935
 20
1424562.0011749258
 10
731581.6266865542
 20
1424561.047177889
 10
731581.9741427653
 20
1424560.1055170903
 10
731582.5713136945
 20
1424558.7235066167
 10
731583.0114096799
 20
1424557.821416589
 10
731583.4330275428
 20
1424557.0537790575
 10
731578.9951408046
 20
1424548.202812532
 10
731578.3007517235
 20
1424546.6771831207
 10
731577.9446339833
 20
1424545.7879839968
 10
731577.4803889693
 20
1424544.4283238836
 10
731577.2109736347
 20
1424543.5091338512
 10
731576.87893561
 20
1424542.111296302
 10
731576.6986942021
 20
1424541.170547687
 10
731576.6255140693
 20
1424540.6971375737
 10
731576.4514843856
 20
1424539.2709844457
 10
731576.3849414391
 20
1424538.3154390696
 10
731576.3527683232
 20
1424537.3581887453
 10
731576.3550019521
 20
1424536.400331795
 10
731576.3733274398
 20
1424535.9216495934
 10
731576.4328812599
 20
1424534.9657120246
 10
731576.5267420437
 20
1424534.0124622742
 10
731576.7415130448
 20
1424532.5918734977
 10
731576.926139938
 20
1424531.6519757155
 10
731577.0353001432
 20
1424531.1855461712
 10
731577.2758324031
 20
1424530.2584498841
 10
731577.5495317079
 20
1424529.3405263424
 10
731578.0309376854
 20
1424527.986847157
 10
731578.3911985817
 20
1424527.0993185584
 10
731578.9999018332
 20
1424525.7979041648
 10
731579.4434194241
 20
1424524.9489123614
 10
731580.1738359221
 20
1424523.7117014725
 10
731580.6965415371
 20
1424522.9090348084
 10
731581.5419707195
 20
1424521.7473771258
 10
731582.139069247
 20
1424520.9983989734
 10
731583.0917554493
 20
1424519.922951129
 10
731583.7577693335
 20
1424519.2345323304
 10
731584.808972957
 20
1424518.255160092
 10
731585.5377924358
 20
1424517.6336159462
 10
731586.6778701278
 20
1424516.7593037111
 10
731587.4628092573
 20
1424516.2103360526
 10
731588.6813023791
 20
1424515.4491044288
 10
731589.0954683915
 20
1424515.208399251
 10
731589.9403785046
 20
1424514.757154494
 10
731591.2361853353
 20
1424514.1366033538
 10
731592.1203902239
 20
1424513.7682602392
 10
731593.0171915371
 20
1424513.4319409002
 10
731593.9255603146
 20
1424513.1280312182
 10
731595.5419005067
 20
1424512.6839885882
 10
731609.5523158169
 20
1424509.6146911923
 10
731623.1850265323
 20
1424506.3122975163
 10
731612.7190057966
 20
1424483.7210122196
 10
731608.8109964988
 20
1424485.806492875
 10
731608.1384083761
 20
1424486.1440183823
 10
731607.2309032697
 20
1424486.5712811286
 10
731606.3078945224
 20
1424486.9641324636
 10
731605.8392160734
 20
1424487.1430979192
 10
731604.4164091551
 20
1424487.6325328199
 10
731603.4515030413
 20
1424487.9068201198
 10
731602.4770380869
 20
1424488.1445952752
 10
731601.4942406012
 20
1424488.3455590585
 10
731600.005909548
 20
1424488.5664588695
 10
731599.0079237149
 20
1424488.6679557671
 10
731597.5049502737
 20
1424488.738644427
 10
731597.0033110344
 20
1424488.7454406267
 10
731596.0004682207
 20
1424488.7212823234
 10
731594.49952636
 20
1424488.6159277214
 10
731593.5041486032
 20
1424488.4914269042
 10
731592.0213117215
 20
1424488.2362390643
 10
731591.0434137036
 20
1424488.0126483594
 10
731589.5936008918
 20
1424487.6101947716
 10
731588.6430214342
 20
1424487.2897637675
 10
731587.2408195547
 20
1424486.7440935995
 10
731586.3271226163
 20
1424486.3300462146
 10
731585.4297193235
 20
1424485.8819543694
 10
731584.549739002
 20
1424485.4003819583
 10
731583.2710186113
 20
1424484.607412723
 10
731582.443708683
 20
1424484.0401071385
 10
731582.040923531
 20
1424483.7410214746
 10
731580.8635817835
 20
1424482.8041156987
 10
731580.1137475404
 20
1424482.1377629638
 10
731579.0361870422
 20
1424481.0876251624
 10
731578.3568796339
 20
1424480.3495067463
 10
731577.705871958
 20
1424479.586415678
 10
731577.083983268
 20
1424478.7993122626
 10
731576.2167091642
 20
1424477.5697750775
 10
731575.676800374
 20
1424476.7243309114
 10
731575.4228814455
 20
1424476.291649403
 10
731574.7051640694
 20
1424474.9692244227
 10
731574.2752706764
 20
1424474.0628751488
 10
731573.8798091076
 20
1424473.1410676204
 10
731573.5192770277
 20
1424472.2049618745
 10
731572.9832800574
 20
1424470.5333420704
 10
731572.3651904167
 20
1424468.19713753
 10
731571.8995994176
 20
1424467.8216294781
 10
731571.152201287
 20
1424467.1715660053
 10
731570.0850751265
 20
1424466.1377753392
 10
731569.7408467846
 20
1424465.7815220642
 10
731569.0794881164
 20
1424465.0441000764
 10
731568.1387306574
 20
1424463.894118852
 10
731567.5535660768
 20
1424463.0948886701
 10
731566.9985373457
 20
1424462.27453568
 10
731566.4743255137
 20
1424461.4340664959
 10
731565.7568039009
 20
1424460.1330499286
 10
731565.3183074446
 20
1424459.244845367
 10
731565.1156629086
 20
1424458.7928003045
 10
731564.7330094047
 20
1424457.879229171
 10
731564.384530131
 20
1424456.9520028383
 10
731564.2275984865
 20
1424456.4821283794
 10
731563.8007738151
 20
1424455.058941077
 10
731558.0854492954
 20
1424432.5023053912
 10
731430.979072577
 20
1424507.0306915294
 97
0
 75
1
 76
1
 52
0.0
 41
1.0
 77
0
 78
1
 53
45.0
 43
0.0
 44
0.0
 45
-0.0883883476
 46
0.0883883476
 79
0
 98
0
  0
LWPOLYLINE
  5
6C
330
17
100
AcDbEntity
  8
PARCEL_BORDER
370
50
420
3302450
100
AcDbPolyline
 90
420
 70
1
 10
731430.979072577
 20
1424507.0306915294
 10
731476.1015265863
 20
1424509.0627630083
 10
731476.3385397936
 20
1424509.0762575266
 10
731476.5753594323
 20
1424509.0925632566
 10
731476.8119855025
 20
1424509.111680198
 10
731477.7571824441
 20
1424509.199346557
 10
731478.2287401062
 20
1424509.254401456
 10
731478.6987255239
 20
1424509.3206160292
 10
731479.1671386978
 20
1424509.3979902766
 10
731480.0997647531
 20
1424509.574883718
 10
731480.5639776388
 20
1424509.6744029128
 10
731481.0255672185
 20
1424509.7848824244
 10
731481.4845334904
 20
1424509.9063222522
 10
731482.3961849282
 20
1424510.17084882
 10
731482.8488700851
 20
1424510.313935557
 10
731483.2979045226
 20
1424510.4676844943
 10
731483.7432882434
 20
1424510.6320956338
 10
731484.6257503305
 20
1424510.9818717248
 10
731485.0628287029
 20
1424511.167236678
 10
731485.4952618275
 20
1424511.3628696373
 10
731485.9230497039
 20
1424511.5687706026
 10
731486.7683707278
 20
1424512.0006444452
 10
731487.1859038767
 20
1424512.2266173232
 10
731487.5978391082
 20
1424512.4623714893
 10
731488.004176421
 20
1424512.7079069426
 10
731488.8047393404
 20
1424513.2179869963
 10
731489.1989649485
 20
1424513.4825315978
 10
731489.5866904116
 20
1424513.7562826318
 10
731489.9679157296
 20
1424514.0392400976
 10
731490.716506811
 20
1424514.62293012
 10
731491.0838725683
 20
1424514.9236626716
 10
731491.4438945332
 20
1424515.2329438478
 10
731491.7965727076
 20
1424515.550773651
 10
731492.4864465265
 20
1424516.2028141124
 10
731492.8236421722
 20
1424516.5370247709
 10
731493.1527165455
 20
1424516.8790492124
 10
731493.4736696484
 20
1424517.22888744
 10
731494.0986098715
 20
1424517.943402917
 10
731494.4025969898
 20
1424518.3080801629
 10
731494.6977585395
 20
1424518.6797659467
 10
731494.984094517
 20
1424519.0584602652
 10
731495.5384699169
 20
1424519.8290123825
 10
731495.8065093444
 20
1424520.220870188
 10
731496.0650984199
 20
1424520.6188681177
 10
731496.3142371438
 20
1424521.023006172
 10
731496.7930523397
 20
1424521.8426516184
 10
731497.0227288106
 20
1424522.2581590093
 10
731497.2424153113
 20
1424522.6788827947
 10
731497.4521118439
 20
1424523.1048229788
 10
731497.8510523145
 20
1424523.9661760717
 10
731498.0402962518
 20
1424524.401588977
 10
731498.2191006204
 20
1424524.841247548
 10
731498.3874654188
 20
1424525.2851517822
 10
731498.7029363816
 20
1424526.1804510173
 10
731498.8500425463
 20
1424526.631846019
 10
731498.9863536084
 20
1424527.0864776913
 10
731499.1118695674
 20
1424527.5443460324
 10
731499.341028368
 20
1424528.4655240243
 10
731499.4446712105
 20
1424528.9288336793
 10
731499.5372606897
 20
1424529.3943418423
 10
731499.6187968063
 20
1424529.8620485165
 10
731499.7595785344
 20
1424530.8008046907
 10
731499.7919971816
 20
1424531.0359778013
 10
731499.8216199871
 20
1424531.271502551
 10
731499.8484469511
 20
1424531.5073789381
 10
731503.3971037411
 20
1424566.3921424039
 10
731508.7876633942
 20
1424607.7096865934
 10
731508.8159419699
 20
1424607.9488524026
 10
731508.8413367168
 20
1424608.188324024
 10
731508.8638476352
 20
1424608.4281014581
 10
731508.9423071243
 20
1424609.3878779071
 10
731508.9699771195
 20
1424609.8687111156
 10
731508.9860552727
 20
1424610.3499316203
 10
731508.9905415842
 20
1424610.8315394188
 10
731508.9763201169
 20
1424611.79441245
 10
731508.957612338
 20
1424612.2756776798
 10
731508.9273292117
 20
1424612.7562134364
 10
731508.8854707382
 20
1424613.2360197194
 10
731508.7787001937
 20
1424614.1930603534
 10
731508.7137881233
 20
1424614.6702947011
 10
731508.637424541
 20
1424615.1456895731
 10
731508.5496094467
 20
1424615.6192449694
 10
731508.351279937
 20
1424616.5615783124
 10
731508.2407655183
 20
1424617.0303562728
 10
731508.119029619
 20
1424617.4962017967
 10
731507.9860722406
 20
1424617.9591148833
 10
731507.6980229281
 20
1424618.878002427
 10
731507.5429309964
 20
1424619.3339768741
 10
731507.3769516709
 20
1424619.78595314
 10
731507.2000849509
 20
1424620.233931226
 10
731506.8249869937
 20
1424621.12085188
 10
731506.6267557563
 20
1424621.5597944483
 10
731506.418072175
 20
1424621.9937101584
 10
731506.1989362494
 20
1424622.422599011
 10
731505.7402680313
 20
1424623.2693281234
 10
731505.5007357391
 20
1424623.6871683823
 10
731505.2512830801
 20
1424624.0989997217
 10
731504.9919100548
 20
1424624.5048221403
 10
731504.4539249288
 20
1424625.3035077658
 10
731504.1753128293
 20
1424625.696370971
 10
731503.8874043337
 20
1424626.0822989175
 10
731503.59019944
 20
1424626.461291607
 10
731502.9778862856
 20
1424627.2045273199
 10
731502.6627780267
 20
1424627.568770342
 10
731502.3390835486
 20
1424627.9252160806
 10
731502.0068028527
 20
1424628.2738645338
 10
731501.325839814
 20
1424628.9547581114
 10
731500.9771574689
 20
1424629.2870032385
 10
731500.6206787105
 20
1424629.6106613558
 10
731500.256403541
 20
1424629.9257324615
 10
731499.5131053701
 20
1424630.5379697953
 10
731499.1340823645
 20
1424630.8351360264
 10
731498.7481250509
 20
1424631.1230051517
 10
731498.3552334236
 20
1424631.4015771758
 10
731497.5564929222
 20
1424631.939480825
 10
731497.1506440574
 20
1424632.198812445
 10
731496.738787275
 20
1424632.4482230914
 10
731496.35646312
 20
1424632.6673435066
 10
731528.72608746
 20
1424687.8729621812
 10
731673.7575716854
 20
1424602.8342510036
 10
731666.8083442491
 20
1424589.30413558
 10
731622.396657292
 20
1424608.1503111536
 10
731622.1747814841
 20
1424608.2413405585
 10
731621.9518461081
 20
1424608.3296965165
 10
731621.7278511634
 20
1424608.4153790278
 10
731620.8281495909
 20
1424608.7472212627
 10
731620.3743187682
 20
1424608.9023515822
 10
731619.9170298823
 20
1424609.0465126808
 10
731619.4562829337
 20
1424609.1797045586
 10
731618.528932748
 20
1424609.423843497
 10
731618.0623295172
 20
1424609.534790556
 10
731617.5933347999
 20
1424609.634487602
 10
731617.1219485957
 20
1424609.7229346347
 10
731616.1754775437
 20
1424609.8771252187
 10
731615.7003926951
 20
1424609.9428687703
 10
731615.2240049337
 20
1424609.9971849679
 10
731614.7463142617
 20
1424610.0400738108
 10
731613.7894259228
 20
1424610.1028981311
 10
731613.3102282451
 20
1424610.1228336089
 10
731612.8308282227
 20
1424610.1312694747
 10
731612.3512258554
 20
1424610.1282057299
 10
731611.3927196043
 20
1424610.0990860655
 10
731610.9138157251
 20
1424610.0730301451
 10
731610.4358119129
 20
1424610.0355081055
 10
731609.9587081672
 20
1424609.9865199472
 10
731609.007398257
 20
1424609.865724077
 10
731608.5331920922
 20
1424609.7939163647
 10
731608.060980132
 20
1424609.7107814655
 10
731607.5907623768
 20
1424609.6163193802
 10
731606.6553968834
 20
1424609.4049581217
 10
731606.1902491483
 20
1424609.2880589487
 10
731605.7281714153
 20
1424609.1600756836
 10
731605.2691636803
 20
1424609.0210083255
 10
731604.3583440584
 20
1424608.7210253186
 10
731603.9065321756
 20
1424608.5601096717
 10
731603.4588378554
 20
1424608.3884549523
 10
731603.0152611003
 20
1424608.206061161
 10
731602.1373630847
 20
1424607.8202149966
 10
731601.7030418189
 20
1424607.6167626213
 10
731601.2738478279
 20
1424607.403014953
 10
731600.8497811115
 20
1424607.1789719914
 10
731600.0128776963
 20
1424606.710810842
 10
731599.6000410024
 20
1424606.4666926572
 10
731599.1932941338
 20
1424606.212817627
 10
731598.7926370895
 20
1424605.9491857504
 10
731598.0044242889
 20
1424605.4030147423
 10
731597.616868526
 20
1424605.120475606
 10
731597.2363091494
 20
1424604.8288078015
 10
731596.8627461608
 20
1424604.5280113304
 10
731596.1304722398
 20
1424603.9088529553
 10
731595.7717613115
 20
1424603.5904910543
 10
731595.4208889852
 20
1424603.263712603
 10
731595.0778552577
 20
1424602.928517598
 10
731594.408254077
 20
1424602.2420655258
 10
731594.0816866262
 20
1424601.8908084615
 10
731593.7637279069
 20
1424601.531924357
 10
731593.4543779193
 20
1424601.1654132118
 10
731592.8536070122
 20
1424600.4179799338
 10
731592.5621860892
 20
1424600.0370577972
 10
731592.2800648707
 20
1424599.6493682754
 10
731592.0072433593
 20
1424599.2549113727
 10
731591.4808273074
 20
1424598.4533701523
 10
731591.2272327663
 20
1424598.046285833
 10
731590.9835433848
 20
1424597.6333560178
 10
731590.7497591608
 20
1424597.2145807035
 10
731590.3025387927
 20
1424596.36630237
 10
731590.1932454221
 20
1424596.152830642
 10
731590.0865273502
 20
1424595.9380791334
 10
731589.9823845783
 20
1424595.7220478451
 10
731582.5738856688
 20
1424579.8708776555
 10
731582.4704671095
 20
1424579.6421639181
 10
731582.3699350742
 20
1424579.4121883682
 10
731582.2722895629
 20
1424579.180951006
 10
731581.8934959973
 20
1424578.2515385118
 10
731581.7157665056
 20
1424577.7820771262
 10
731581.5499282212
 20
1424577.3084520625
 10
731581.3959811451
 20
1424576.830663321
 10
731581.1122573393
 20
1424575.8679624577
 10
731580.9824806047
 20
1424575.3830503193
 10
731580.8649525493
 20
1424574.8951874347
 10
731580.759673173
 20
1424574.4043738064
 10
731580.5738770546
 20
1424573.4180817846
 10
731580.4933603145
 20
1424572.9226033974
 10
731580.4253263383
 20
1424572.4254168982
 10
731580.3697751253
 20
1424571.9265222845
 10
731580.2837782043
 20
1424570.9265739464
 10
731580.2533324965
 20
1424570.4255202224
 10
731580.2354779002
 20
1424569.9240182268
 10
731580.2302144156
 20
1424569.422067958
 10
731580.2448829324
 20
1424568.4185357043
 10
731580.2648149336
 20
1424567.9169537209
 10
731580.2973195654
 20
1424567.4161878207
 10
731580.3423968278
 20
1424566.9162380074
 10
731580.457583027
 20
1424565.9192303398
 10
731580.5276919634
 20
1424565.4221724875
 10
731580.6102284065
 20
1424564.9271868584
 10
731580.7051923568
 20
1424564.4342734518
 10
731580.9197359772
 20
1424563.4538331504
 10
731581.0393156484
 20
1424562.9663062498
 10
731581.1710525204
 20
1424562.482086842
 10
731581.3149465935
 20
1424562.0011749258
 10
731581.6266865542
 20
1424561.047177889
 10
731581.7945324407
 20
1424560.5740927705
 10
731581.9741427653
 20
1424560.1055170903
 10
731582.1655175263
 20
1424559.6414508524
 10
731582.5713136945
 20
1424558.7235066167
 10
731582.7857351024
 20
1424558.269628618
 10
731583.0114096799
 20
1424557.821416589
 10
731583.2483374268
 20
1424557.3788705296
 10
731583.4330275428
 20
1424557.0537790575
 10
731578.9951408046
 20
1424548.202812532
 10
731578.890350345
 20
1424547.9874168409
 10
731578.7881544544
 20
1424547.770797089
 10
731578.6885531318
 20
1424547.5529532735
 10
731578.3007517235
 20
1424546.6771831207
 10
731578.1173420976
 20
1424546.2346524762
 10
731577.9446339833
 20
1424545.7879839968
 10
731577.7826273824
 20
1424545.3371776864
 10
731577.4803889693
 20
1424544.4283238836
 10
731577.3401571566
 20
1424543.9702763897
 10
731577.2109736347
 20
1424543.5091338512
 10
731577.0928384027
 20
1424543.0448962634
 10
731576.87893561
 20
1424542.111296302
 10
731576.7831680494
 20
1424541.6419339315
 10
731576.6986942021
 20
1424541.170547687
 10
731576.6255140693
 20
1424540.6971375737
 10
731576.5019091615
 20
1424539.747355957
 10
731576.4514843856
 20
1424539.2709844457
 10
731576.4124951451
 20
1424538.7936788169
 10
731576.3849414391
 20
1424538.3154390696
 10
731576.3527683232
 20
1424537.3581887453
 10
731576.3481489135
 20
1424536.8791781778
 10
731576.3550019521
 20
1424536.400331795
 10
731576.3733274398
 20
1424535.9216495934
 10
731576.4328812599
 20
1424534.9657120246
 10
731576.4741095924
 20
1424534.488456653
 10
731576.5267420437
 20
1424534.0124622742
 10
731576.5907786137
 20
1424533.5377288903
 10
731576.7415130448
 20
1424532.5918734977
 10
731576.8282109052
 20
1424532.1207514915
 10
731576.926139938
 20
1424531.6519757155
 10
731577.0353001432
 20
1424531.1855461712
 10
731577.2758324031
 20
1424530.2584498841
 10
731577.4072044586
 20
1424529.7977831378
 10
731577.5495317079
 20
1424529.3405263424
 10
731577.7028141515
 20
1424528.886679496
 10
731578.0309376854
 20
1424527.986847157
 10
731578.2057787738
 20
1424527.5408616688
 10
731578.3911985817
 20
1424527.0993185584
 10
731578.5871971098
 20
1424526.6622178257
 10
731578.9999018332
 20
1424525.7979041648
 10
731579.2166080307
 20
1424525.3706912312
 10
731579.4434194241
 20
1424524.9489123614
 10
731579.6803360115
 20
1424524.5325675586
 10
731580.1738359221
 20
1424523.7117014725
 10
731580.4304192429
 20
1424523.3071801937
 10
731580.6965415371
 20
1424522.9090348084
 10
731580.9722028078
 20
1424522.5172653124
 10
731581.5419707195
 20
1424521.7473771258
 10
731581.8360773602
 20
1424521.3692584343
 10
731582.139069247
 20
1424520.9983989734
 10
731582.4509463791
 20
1424520.6347987447
 10
731583.0917554493
 20
1424519.922951129
 10
731583.4206873899
 20
1424519.5747037388
 10
731583.7577693335
 20
1424519.2345323304
 10
731584.1030012753
 20
1424518.9024369086
 10
731584.808972957
 20
1424518.255160092
 10
731585.1697127024
 20
1424517.9399786931
 10
731585.5377924358
 20
1424517.6336159462
 10
731585.9132121594
 20
1424517.3360718482
 10
731586.6778701278
 20
1424516.7593037111
 10
731587.0671083623
 20
1424516.4800796802
 10
731587.4628092573
 20
1424516.2103360526
 10
731587.8649728152
 20
1424515.9500728273
 10
731588.6813023791
 20
1424515.4491044288
 10
731589.0954683915
 20
1424515.208399251
 10
731589.5151604338
 20
1424514.9777492727
 10
731589.9403785046
 20
1424514.757154494
 10
731590.8008909556
 20
1424514.3365815342
 10
731591.2361853353
 20
1424514.1366033538
 10
731591.6760184246
 20
1424513.9471629222
 10
731592.1203902239
 20
1424513.7682602392
 10
731593.0171915371
 20
1424513.4319409002
 10
731593.4696210454
 20
1424513.274524246
 10
731593.9255603146
 20
1424513.1280312182
 10
731594.3850093469
 20
1424512.9924618164
 10
731595.3098725961
 20
1424512.7434813688
 10
731595.5419005067
 20
1424512.6839885882
 10
731595.7746076182
 20
1424512.627283064
 10
731596.0079939284
 20
1424512.573364797
 10
731609.5523158169
 20
1424509.6146911923
 10
731623.1850265323
 20
1424506.3122975163
 10
731612.7190057966
 20
1424483.7210122196
 10
731608.8109964988
 20
1424485.806492875
 10
731608.5882117784
 20
1424485.9218137152
 10
731608.3640157379
 20
1424486.0343222176
 10
731608.1384083761
 20
1424486.1440183823
 10
731607.2309032697
 20
1424486.5712811286
 10
731606.7717902531
 20
1424486.773526867
 10
731606.3078945224
 20
1424486.9641324636
 10
731605.8392160734
 20
1424487.1430979192
 10
731604.8934733948
 20
1424487.4772980951
 10
731604.4164091551
 20
1424487.6325328199
 10
731603.9357523682
 20
1424487.7757068288
 10
731603.4515030413
 20
1424487.9068201198
 10
731602.4770380869
 20
1424488.1445952752
 10
731601.986822462
 20
1424488.2512571383
 10
731601.4942406012
 20
1424488.3455590585
 10
731600.999292502
 20
1424488.4275010363
 10
731600.005909548
 20
1424488.5664588695
 10
731599.5074746943
 20
1424488.6234747246
 10
731599.0079237149
 20
1424488.6679557671
 10
731598.5072566121
 20
1424488.699901997
 10
731597.5049502737
 20
1424488.738644427
 10
731597.0033110344
 20
1424488.7454406267
 10
731596.5018170176
 20
1424488.7396532588
 10
731596.0004682207
 20
1424488.7212823234
 10
731594.9993228916
 20
1424488.6594195548
 10
731594.49952636
 20
1424488.6159277214
 10
731594.0011349305
 20
1424488.5599301711
 10
731593.5041486032
 20
1424488.4914269042
 10
731592.514236997
 20
1424488.3295813506
 10
731592.0213117215
 20
1424488.2362390643
 10
731591.5310372894
 20
1424488.1305947336
 10
731591.0434137036
 20
1424488.0126483594
 10
731590.074695508
 20
1424487.7524483795
 10
731589.5936008918
 20
1424487.6101947716
 10
731589.1163762014
 20
1424487.4559665676
 10
731588.6430214342
 20
1424487.2897637675
 10
731587.7052431073
 20
1424486.9338272822
 10
731587.2408195547
 20
1424486.7440935995
 10
731586.7814460568
 20
1424486.5428332433
 10
731586.3271226163
 20
1424486.3300462146
 10
731585.4297193235
 20
1424485.8819543694
 10
731584.9866394675
 20
1424485.6466495506
 10
731584.549739002
 20
1424485.4003819583
 10
731584.1190179251
 20
1424485.143151592
 10
731583.2710186113
 20
1424484.607412723
 10
731582.8537403756
 20
1424484.3289042206
 10
731582.443708683
 20
1424484.0401071385
 10
731582.040923531
 20
1424483.7410214746
 10
731581.2508600785
 20
1424483.1230257521
 10
731580.8635817835
 20
1424482.8041156987
 10
731580.4845442709
 20
1424482.4756947698
 10
731580.1137475404
 20
1424482.1377629638
 10
731579.3895689272
 20
1424481.4437281606
 10
731579.0361870422
 20
1424481.0876251624
 10
731578.6919572772
 20
1424480.7228846909
 10
731578.3568796339
 20
1424480.3495067463
 10
731577.705871958
 20
1424479.586415678
 10
731577.3899419244
 20
1424479.1967025537
 10
731577.083983268
 20
1424478.7993122626
 10
731576.7879959906
 20
1424478.3942448064
 10
731576.2167091642
 20
1424477.5697750775
 10
731575.9414096138
 20
1424477.1503728032
 10
731575.676800374
 20
1424476.7243309114
 10
731575.4228814455
 20
1424476.291649403
 10
731574.9370632935
 20
1424475.4140961594
 10
731574.7051640694
 20
1424474.9692244227
 10
731574.4845665304
 20
1424474.5188174192
 10
731574.2752706764
 20
1424474.0628751488
 10
731573.8798091076
 20
1424473.1410676204
 10
731573.6936433923
 20
1424472.6752023597
 10
731573.5192770277
 20
1424472.2049618745
 10
731573.356710013
 20
1424471.7303461637
 10
731573.0555838414
 20
1424470.7735588306
 10
731572.9832800574
 20
1424470.5333420704
 10
731572.9140004796
 20
1424470.292256261
 10
731572.8477451078
 20
1424470.050301402
 10
731572.3651904167
 20
1424468.19713753
 10
731571.8995994176
 20
1424467.8216294781
 10
731571.5218169672
 20
1424467.5011767284
 10
731571.152201287
 20
1424467.1715660053
 10
731570.790752377
 20
1424466.832797309
 10
731570.0850751265
 20
1424466.1377753392
 10
731569.7408467846
 20
1424465.7815220642
 10
731569.4056511137
 20
1424465.4169636422
 10
731569.0794881164
 20
1424465.0441000764
 10
731568.4460278893
 20
1424464.282677683
 10
731568.1387306574
 20
1424463.894118852
 10
731567.8412433873
 20
1424463.4981891816
 10
731567.5535660768
 20
1424463.0948886701
 10
731566.9985373457
 20
1424462.27453568
 10
731566.731185927
 20
1424461.857483203
 10
731566.4743255137
 20
1424461.4340664959
 10
731566.2279561047
 20
1424461.0042855577
 10
731565.7568039009
 20
1424460.1330499286
 10
731565.5320211084
 20
1424459.6915952412
 10
731565.3183074446
 20
1424459.244845367
 10
731565.1156629086
 20
1424458.7928003045
 10
731564.7330094047
 20
1424457.879229171
 10
731564.5530004373
 20
1424457.4177031023
 10
731564.384530131
 20
1424456.9520028383
 10
731564.2275984865
 20
1424456.4821283794
 10
731563.9371976503
 20
1424455.5351842023
 10
731563.8675084111
 20
1424455.297475938
 10
731563.8007738151
 20
1424455.058941077
 10
731563.7369938617
 20
1424454.81957962
 10
731558.0854492954
 20
1424432.5023053912
 10
731430.979072577
 20
1424507.0306915294
  0
TEXT
  5
6D
330
17
100
AcDbEntity
  8
TEXT_LABELS
100
AcDbText
 10
731548.3198256226
 20
1424560.4775484446
 30
0.0
 40
12.0
  1
Retention Pond
 72
1
 11
731548.3198256226
 21
1424560.4775484446
 31
0.0
100
AcDbText
 73
2
  0
HATCH
  5
6E
330
17
100
AcDbEntity
  8
GREEN_AREA
 62
7
420
9881750
100
AcDbHatch
 10
0.0
 20
0.0
 30
0.0
210
0.0
220
0.0
230
1.0
  2
SOLID
 70
0
 71
0
 91
2
 92
3
 72
0
 73
1
 93
243
 10
731685.0051754017
 20
1424602.8407700579
 10
731671.4574965737
 20
1424576.4681369702
 10
731618.4903062158
 20
1424598.9448550937
 10
731617.3676692673
 20
1424599.3650532865
 10
731616.9103803815
 20
1424599.5092143852
 10
731615.9830301958
 20
1424599.7533533236
 10
731615.5140354785
 20
1424599.8530503695
 10
731614.5675644265
 20
1424600.0072409536
 10
731614.091176665
 20
1424600.0615571511
 10
731613.1342883261
 20
1424600.1243814714
 10
731612.6548883037
 20
1424600.1328173373
 10
731611.6963820526
 20
1424600.103697673
 10
731611.2183782404
 20
1424600.0661756333
 10
731610.2670683302
 20
1424599.9453797631
 10
731609.79485637
 20
1424599.862244864
 10
731608.8594908766
 20
1424599.6508836055
 10
731608.3974131435
 20
1424599.5229003404
 10
731607.4865935217
 20
1424599.2229173335
 10
731607.0388992014
 20
1424599.051262614
 10
731606.1610011859
 20
1424598.6654164498
 10
731605.7318071949
 20
1424598.4516687815
 10
731604.8949037797
 20
1424597.983507632
 10
731604.4881569111
 20
1424597.7296326018
 10
731603.6999441105
 20
1424597.1834615937
 10
731603.3193847339
 20
1424596.891793789
 10
731602.5871108129
 20
1424596.272635414
 10
731602.2362384866
 20
1424595.9458569626
 10
731601.5666373059
 20
1424595.2594048905
 10
731601.2486785866
 20
1424594.900520786
 10
731600.6479076794
 20
1424594.153087508
 10
731600.3657864609
 20
1424593.7653979862
 10
731599.839370409
 20
1424592.9638567658
 10
731599.5956810275
 20
1424592.5509269505
 10
731599.0417425876
 20
1424591.4878971085
 10
731591.633243678
 20
1424575.6367269189
 10
731591.1539180772
 20
1424574.4773388747
 10
731590.9880797928
 20
1424574.003713811
 10
731590.704355987
 20
1424573.0410129477
 10
731590.5868279317
 20
1424572.5531500631
 10
731590.4010318134
 20
1424571.5668580413
 10
731590.3329978371
 20
1424571.0696715422
 10
731590.2470009162
 20
1424570.069723204
 10
731590.2291463199
 20
1424569.5682212084
 10
731590.2438148367
 20
1424568.5646889547
 10
731590.2763194685
 20
1424568.0639230546
 10
731590.3915056677
 20
1424567.066915387
 10
731590.4740421108
 20
1424566.571929758
 10
731590.6885857312
 20
1424565.5914894566
 10
731590.8203226032
 20
1424565.1072700487
 10
731591.1320625639
 20
1424564.1532730118
 10
731591.3116728885
 20
1424563.6846973316
 10
731591.7174690566
 20
1424562.766753096
 10
731591.9431436341
 20
1424562.318541067
 10
731592.4389084574
 20
1424561.445896013
 10
731592.7083740849
 20
1424561.0225624416
 10
731593.289113763
 20
1424560.2040066544
 10
731593.5996561353
 20
1424559.8098157446
 10
731594.2595209235
 20
1424559.053594473
 10
731594.6080119694
 20
1424558.692516881
 10
731595.174934526
 20
1424558.161260991
 10
731587.9343962197
 20
1424543.7206576236
 10
731587.4443989208
 20
1424542.628267719
 10
731587.2716908065
 20
1424542.1815992396
 10
731586.9694523934
 20
1424541.2727454368
 10
731586.8402688715
 20
1424540.8116028982
 10
731586.6263660787
 20
1424539.8780029367
 10
731586.5418922314
 20
1424539.4066166922
 10
731586.4182873236
 20
1424538.4568350755
 10
731586.379298083
 20
1424537.9795294467
 10
731586.347124967
 20
1424537.0222791224
 10
731586.3539780057
 20
1424536.5434327396
 10
731586.4135318259
 20
1424535.5874951708
 10
731586.4661642772
 20
1424535.111500792
 10
731586.6168987083
 20
1424534.1656453994
 10
731586.714827741
 20
1424533.6968696234
 10
731586.955360001
 20
1424532.7697733364
 10
731587.0976872502
 20
1424532.312516541
 10
731587.4258107841
 20
1424531.412684202
 10
731587.611230592
 20
1424530.9711410915
 10
731588.0239353154
 20
1424530.1068274307
 10
731588.2507467088
 20
1424529.6850485608
 10
731588.7442466195
 20
1424528.8641824748
 10
731589.0103689136
 20
1424528.4660370895
 10
731589.5801368253
 20
1424527.6961489029
 10
731589.8831287121
 20
1424527.325289442
 10
731590.5239377823
 20
1424526.6134418263
 10
731590.8610197259
 20
1424526.273270418
 10
731591.5669914075
 20
1424525.6259936013
 10
731591.935071141
 20
1424525.3196308543
 10
731592.6997291094
 20
1424524.7428627172
 10
731593.0954300044
 20
1424524.4731190896
 10
731593.9117595684
 20
1424523.972150691
 10
731594.3314516107
 20
1424523.7415007127
 10
731595.1919640617
 20
1424523.3209277529
 10
731595.6317971509
 20
1424523.1314873213
 10
731596.5285984641
 20
1424522.7951679823
 10
731596.9845377333
 20
1424522.6486749544
 10
731598.142108094
 20
1424522.3429889826
 10
731611.7968158685
 20
1424519.3602022617
 10
731637.379790497
 20
1424513.1629715424
 10
731617.831001732
 20
1424470.966202078
 10
731617.3901278637
 20
1424469.893512469
 10
731604.1029893127
 20
1424476.9840970363
 10
731602.9712881658
 20
1424477.523868285
 10
731602.5073924351
 20
1424477.7144738815
 10
731601.5616497565
 20
1424478.0486740575
 10
731601.0809929696
 20
1424478.1918480664
 10
731600.1065280151
 20
1424478.4296232217
 10
731599.6139461544
 20
1424478.523925142
 10
731598.6205632004
 20
1424478.662882975
 10
731598.1210122211
 20
1424478.7073640176
 10
731597.1187058827
 20
1424478.7461064474
 10
731596.6172118658
 20
1424478.7403190795
 10
731595.6160665367
 20
1424478.6784563109
 10
731595.1176751073
 20
1424478.6224587606
 10
731594.1277635011
 20
1424478.460613207
 10
731593.637489069
 20
1424478.3549688763
 10
731592.6687708735
 20
1424478.0947688965
 10
731592.1915461831
 20
1424477.9405406925
 10
731591.2537678562
 20
1424477.5846042072
 10
731590.7943943583
 20
1424477.383343851
 10
731589.8969910655
 20
1424476.9352520057
 10
731589.4600906
 20
1424476.6889844134
 10
731588.6120912861
 20
1424476.1532455443
 10
731588.2020595935
 20
1424475.8644484621
 10
731587.411996141
 20
1424475.2464527397
 10
731587.0329586284
 20
1424474.9180318108
 10
731586.3087800152
 20
1424474.2239970076
 10
731585.9645502502
 20
1424473.859256536
 10
731585.3135425744
 20
1424473.0961654678
 10
731585.007583918
 20
1424472.6987751767
 10
731584.4362970917
 20
1424471.8743054478
 10
731584.1716878519
 20
1424471.448263556
 10
731583.6858696999
 20
1424470.5707103123
 10
731583.465272161
 20
1424470.1203033088
 10
731583.0698105922
 20
1424469.1984957804
 10
731582.8954442276
 20
1424468.7282552952
 10
731582.5250384782
 20
1424467.5303821526
 10
731581.0831939762
 20
1424461.9932395464
 10
731580.604800675
 20
1424461.74386177
 10
731580.1775252613
 20
1424461.4934726695
 10
731579.3488233638
 20
1424460.950988489
 10
731578.9484137364
 20
1424460.6595590638
 10
731578.1774424096
 20
1424460.037755933
 10
731577.8078267294
 20
1424459.7081452098
 10
731577.1021494789
 20
1424459.01312324
 10
731576.766953808
 20
1424458.648564818
 10
731576.1334935809
 20
1424457.8871424247
 10
731575.8360063108
 20
1424457.4912127543
 10
731575.2809775796
 20
1424456.670859764
 10
731575.0241171663
 20
1424456.247443057
 10
731574.5529649626
 20
1424455.3762074278
 10
731574.3392512987
 20
1424454.9294575537
 10
731573.9565977948
 20
1424454.0158864202
 10
731573.7881274885
 20
1424453.550186156
 10
731573.4309920564
 20
1424452.364707118
 10
731566.738391188
 20
1424425.910541049
 10
731566.5405034502
 20
1424424.9221584739
 10
731566.4665925154
 20
1424424.4236084842
 10
731566.3692122416
 20
1424423.4203254965
 10
731566.3458666619
 20
1424422.916867553
 10
731566.3499832932
 20
1424421.9088781066
 10
731566.3774402732
 20
1424421.4056276397
 10
731566.4830119831
 20
1424420.4031735088
 10
731566.5609925431
 20
1424419.9052438454
 10
731566.7669466592
 20
1424418.9185105618
 10
731566.894658471
 20
1424418.4309609632
 10
731567.0504485683
 20
1424417.9388814212
 10
731566.112060469
 20
1424416.20368095
 10
731411.1260394504
 20
1424507.079200485
 10
731416.5869686517
 20
1424516.3926843838
 10
731475.6516366112
 20
1424519.052637833
 10
731476.8336531915
 20
1424519.156609922
 10
731477.3036386091
 20
1424519.222824495
 10
731478.2362646644
 20
1424519.3997179365
 10
731478.6978542442
 20
1424519.510197448
 10
731479.609505682
 20
1424519.7747240157
 10
731480.0585401196
 20
1424519.9284729532
 10
731480.9410022066
 20
1424520.2782490442
 10
731481.3734353313
 20
1424520.4738820035
 10
731482.2187563551
 20
1424520.905755846
 10
731482.6306915866
 20
1424521.141510012
 10
731483.4312545061
 20
1424521.6515900658
 10
731483.8189799691
 20
1424521.9253410997
 10
731484.5675710505
 20
1424522.509031122
 10
731484.9275930154
 20
1424522.8183122983
 10
731485.6174668343
 20
1424523.4703527596
 10
731485.9465412076
 20
1424523.8123772012
 10
731486.5714814307
 20
1424524.526892678
 10
731486.8666429804
 20
1424524.898578462
 10
731487.4210183803
 20
1424525.6691305793
 10
731487.6796074559
 20
1424526.067128509
 10
731488.1584226517
 20
1424526.8867739555
 10
731488.3781091524
 20
1424527.307497741
 10
731488.7770496231
 20
1424528.1688508338
 10
731488.9558539917
 20
1424528.6085094048
 10
731489.2713249545
 20
1424529.50380864
 10
731489.4076360166
 20
1424529.9584403122
 10
731489.6367948172
 20
1424530.879618304
 10
731489.7293842963
 20
1424531.345126467
 10
731489.8701660244
 20
1424532.2838826412
 10
731493.462795842
 20
1424567.5452394725
 10
731498.8716997554
 20
1424609.0033886891
 10
731498.9755539914
 20
1424610.2026367595
 10
731498.9916321447
 20
1424610.6838572642
 10
731498.9774106774
 20
1424611.6467302954
 10
731498.9471275511
 20
1424612.127266052
 10
731498.8403570066
 20
1424613.084306686
 10
731498.7639934244
 20
1424613.559701558
 10
731498.5656639147
 20
1424614.502034901
 10
731498.4439280154
 20
1424614.9678804248
 10
731498.1558787029
 20
1424615.8867679685
 10
731497.9898993773
 20
1424616.3387442343
 10
731497.6148014201
 20
1424617.2256648883
 10
731497.4061178388
 20
1424617.6595805984
 10
731496.9474496207
 20
1424618.5063097107
 10
731496.6979969617
 20
1424618.91814105
 10
731496.1600118356
 20
1424619.7168266755
 10
731495.87210334
 20
1424620.102754622
 10
731495.2597901856
 20
1424620.8459903349
 10
731494.9360957076
 20
1424621.2024360735
 10
731494.2551326689
 20
1424621.883329651
 10
731493.8986539105
 20
1424622.2069877684
 10
731493.1553557396
 20
1424622.8192251022
 10
731492.769398426
 20
1424623.1070942276
 10
731491.9706579247
 20
1424623.6449978768
 10
731491.5588011423
 20
1424623.8944085233
 10
731490.7120252457
 20
1424624.352990365
 10
731490.2780882481
 20
1424624.5616296823
 10
731489.391129335
 20
1424624.936637163
 10
731488.9391361416
 20
1424625.102570381
 10
731488.0202192192
 20
1424625.3905259569
 10
731487.5543612784
 20
1424625.5122143344
 10
731486.6120077088
 20
1424625.710447716
 10
731486.1366050511
 20
1424625.786762803
 10
731485.1795535302
 20
1424625.89343572
 10
731484.6990146856
 20
1424625.923669827
 10
731483.4953365384
 20
1424625.935525352
 10
731480.7633514488
 20
1424625.843967457
 10
731525.157725031
 20
1424701.5575078286
 10
731687.1752259785
 20
1424606.5591042587
 10
731685.3582429676
 20
1424603.4771811704
 10
731685.0051754017
 20
1424602.8407700579
 97
0
 92
3
 72
0
 73
1
 93
240
 10
731558.0854492954
 20
1424432.5023053912
 10
731563.8007738151
 20
1424455.058941077
 10
731564.2275984865
 20
1424456.4821283794
 10
731564.384530131
 20
1424456.9520028383
 10
731564.7330094047
 20
1424457.879229171
 10
731565.1156629086
 20
1424458.7928003045
 10
731565.3183074446
 20
1424459.244845367
 10
731565.7568039009
 20
1424460.1330499286
 10
731566.4743255137
 20
1424461.4340664959
 10
731566.9985373457
 20
1424462.27453568
 10
731567.5535660768
 20
1424463.0948886701
 10
731568.1387306574
 20
1424463.894118852
 10
731569.0794881164
 20
1424465.0441000764
 10
731569.7408467846
 20
1424465.7815220642
 10
731570.0850751265
 20
1424466.1377753392
 10
731571.152201287
 20
1424467.1715660053
 10
731571.8995994176
 20
1424467.8216294781
 10
731572.3651904167
 20
1424468.19713753
 10
731572.9832800574
 20
1424470.5333420704
 10
731573.5192770277
 20
1424472.2049618745
 10
731573.8798091076
 20
1424473.1410676204
 10
731574.2752706764
 20
1424474.0628751488
 10
731574.7051640694
 20
1424474.9692244227
 10
731575.4228814455
 20
1424476.291649403
 10
731575.676800374
 20
1424476.7243309114
 10
731576.2167091642
 20
1424477.5697750775
 10
731577.083983268
 20
1424478.7993122626
 10
731577.705871958
 20
1424479.586415678
 10
731578.3568796339
 20
1424480.3495067463
 10
731579.0361870422
 20
1424481.0876251624
 10
731580.1137475404
 20
1424482.1377629638
 10
731580.8635817835
 20
1424482.8041156987
 10
731582.040923531
 20
1424483.7410214746
 10
731582.443708683
 20
1424484.0401071385
 10
731583.2710186113
 20
1424484.607412723
 10
731584.549739002
 20
1424485.4003819583
 10
731585.4297193235
 20
1424485.8819543694
 10
731586.3271226163
 20
1424486.3300462146
 10
731587.2408195547
 20
1424486.7440935995
 10
731588.6430214342
 20
1424487.2897637675
 10
731589.5936008918
 20
1424487.6101947716
 10
731591.0434137036
 20
1424488.0126483594
 10
731592.0213117215
 20
1424488.2362390643
 10
731593.5041486032
 20
1424488.4914269042
 10
731594.49952636
 20
1424488.6159277214
 10
731596.0004682207
 20
1424488.7212823234
 10
731597.0033110344
 20
1424488.7454406267
 10
731597.5049502737
 20
1424488.738644427
 10
731599.0079237149
 20
1424488.6679557671
 10
731600.005909548
 20
1424488.5664588695
 10
731601.4942406012
 20
1424488.3455590585
 10
731602.4770380869
 20
1424488.1445952752
 10
731603.4515030413
 20
1424487.9068201198
 10
731604.4164091551
 20
1424487.6325328199
 10
731605.8392160734
 20
1424487.1430979192
 10
731606.3078945224
 20
1424486.9641324636
 10
731607.2309032697
 20
1424486.5712811286
 10
731608.1384083761
 20
1424486.1440183823
 10
731608.8109964988
 20
1424485.806492875
 10
731612.7190057966
 20
1424483.7210122196
 10
731623.1850265323
 20
1424506.3122975163
 10
731609.5523158169
 20
1424509.6146911923
 10
731595.5419005067
 20
1424512.6839885882
 10
731593.9255603146
 20
1424513.1280312182
 10
731593.0171915371
 20
1424513.4319409002
 10
731592.1203902239
 20
1424513.7682602392
 10
731591.2361853353
 20
1424514.1366033538
 10
731589.9403785046
 20
1424514.757154494
 10
731589.0954683915
 20
1424515.208399251
 10
731588.6813023791
 20
1424515.4491044288
 10
731587.4628092573
 20
1424516.2103360526
 10
731586.6778701278
 20
1424516.7593037111
 10
731585.5377924358
 20
1424517.6336159462
 10
731584.808972957
 20
1424518.255160092
 10
731583.7577693335
 20
1424519.2345323304
 10
731583.0917554493
 20
1424519.922951129
 10
731582.139069247
 20
1424520.9983989734
 10
731581.5419707195
 20
1424521.7473771258
 10
731580.6965415371
 20
1424522.9090348084
 10
731580.1738359221
 20
1424523.7117014725
 10
731579.4434194241
 20
1424524.9489123614
 10
731578.9999018332
 20
1424525.7979041648
 10
731578.3911985817
 20
1424527.0993185584
 10
731578.0309376854
 20
1424527.986847157
 10
731577.5495317079
 20
1424529.3405263424
 10
731577.2758324031
 20
1424530.2584498841
 10
731577.0353001432
 20
1424531.1855461712
 10
731576.926139938
 20
1424531.6519757155
 10
731576.7415130448
 20
1424532.5918734977
 10
731576.5267420437
 20
1424534.0124622742
 10
731576.4328812599
 20
1424534.9657120246
 10
731576.3733274398
 20
1424535.9216495934
 10
731576.3550019521
 20
1424536.400331795
 10
731576.3527683232
 20
1424537.3581887453
 10
731576.3849414391
 20
1424538.3154390696
 10
731576.4514843856
 20
1424539.2709844457
 10
731576.6255140693
 20
1424540.6971375737
 10
731576.6986942021
 20
1424541.170547687
 10
731576.87893561
 20
1424542.111296302
 10
731577.2109736347
 20
1424543.5091338512
 10
731577.4803889693
 20
1424544.4283238836
 10
731577.9446339833
 20
1424545.7879839968
 10
731578.3007517235
 20
1424546.6771831207
 10
731578.9951408046
 20
1424548.202812532
 10
731583.4330275428
 20
1424557.0537790575
 10
731583.0114096799
 20
1424557.821416589
 10
731582.5713136945
 20
1424558.7235066167
 10
731581.9741427653
 20
1424560.1055170903
 10
731581.6266865542
 20
1424561.047177889
 10
731581.3149465935
 20
1424562.0011749258
 10
731581.0393156484
 20
1424562.9663062498
 10
731580.7051923568
 20
1424564.4342734518
 10
731580.5276919634
 20
1424565.4221724875
 10
731580.3423968278
 20
1424566.9162380074
 10
731580.2973195654
 20
1424567.4161878207
 10
731580.2448829324
 20
1424568.4185357043
 10
731580.2354779002
 20
1424569.9240182268
 10
731580.2837782043
 20
1424570.9265739464
 10
731580.4253263383
 20
1424572.4254168982
 10
731580.5738770546
 20
1424573.4180817846
 10
731580.759673173
 20
1424574.4043738064
 10
731580.9824806047
 20
1424575.3830503193
 10
731581.1122573393
 20
1424575.8679624577
 10
731581.5499282212
 20
1424577.3084520625
 10
731581.8934959973
 20
1424578.2515385118
 10
731582.2722895629
 20
1424579.180951006
 10
731582.5738856688
 20
1424579.8708776555
 10
731590.0865273502
 20
1424595.9380791334
 10
731590.7497591608
 20
1424597.2145807035
 10
731590.9835433848
 20
1424597.6333560178
 10
731591.4808273074
 20
1424598.4533701523
 10
731592.0072433593
 20
1424599.2549113727
 10
731592.5621860892
 20
1424600.0370577972
 10
731592.8536070122
 20
1424600.4179799338
 10
731593.7637279069
 20
1424601.531924357
 10
731594.408254077
 20
1424602.2420655258
 10
731595.0778552577
 20
1424602.928517598
 10
731595.7717613115
 20
1424603.5904910543
 10
731596.1304722398
 20
1424603.9088529553
 10
731596.8627461608
 20
1424604.5280113304
 10
731597.616868526
 20
1424605.120475606
 10
731598.0044242889
 20
1424605.4030147423
 10
731599.1932941338
 20
1424606.212817627
 10
731600.0128776963
 20
1424606.710810842
 10
731600.8497811115
 20
1424607.1789719914
 10
731601.2738478279
 20
1424607.403014953
 10
731602.1373630847
 20
1424607.8202149966
 10
731603.4588378554
 20
1424608.3884549523
 10
731604.3583440584
 20
1424608.7210253186
 10
731605.2691636803
 20
1424609.0210083255
 10
731606.1902491483
 20
1424609.2880589487
 10
731606.6553968834
 20
1424609.4049581217
 10
731607.5907623768
 20
1424609.6163193802
 10
731608.5331920922
 20
1424609.7939163647
 10
731609.007398257
 20
1424609.865724077
 10
731610.4358119129
 20
1424610.0355081055
 10
731611.3927196043
 20
1424610.0990860655
 10
731612.3512258554
 20
1424610.1282057299
 10
731613.3102282451
 20
1424610.1228336089
 10
731613.7894259228
 20
1424610.1028981311
 10
731614.7463142617
 20
1424610.0400738108
 10
731615.7003926951
 20
1424609.9428687703
 10
731617.1219485957
 20
1424609.7229346347
 10
731617.5933347999
 20
1424609.634487602
 10
731618.528932748
 20
1424609.423843497
 10
731619.4562829337
 20
1424609.1797045586
 10
731620.3743187682
 20
1424608.9023515822
 10
731620.8281495909
 20
1424608.7472212627
 10
731622.1747814841
 20
1424608.2413405585
 10
731666.8083442491
 20
1424589.30413558
 10
731673.7575716854
 20
1424602.8342510036
 10
731528.72608746
 20
1424687.8729621812
 10
731496.35646312
 20
1424632.6673435066
 10
731497.1506440574
 20
1424632.198812445
 10
731497.5564929222
 20
1424631.939480825
 10
731498.3552334236
 20
1424631.4015771758
 10
731499.1340823645
 20
1424630.8351360264
 10
731500.256403541
 20
1424629.9257324615
 10
731500.9771574689
 20
1424629.2870032385
 10
731501.325839814
 20
1424628.9547581114
 10
731502.3390835486
 20
1424627.9252160806
 10
731502.9778862856
 20
1424627.2045273199
 10
731503.59019944
 20
1424626.461291607
 10
731503.8874043337
 20
1424626.0822989175
 10
731504.4539249288
 20
1424625.3035077658
 10
731504.9919100548
 20
1424624.5048221403
 10
731505.5007357391
 20
1424623.6871683823
 10
731506.1989362494
 20
1424622.422599011
 10
731506.6267557563
 20
1424621.5597944483
 10
731506.8249869937
 20
1424621.12085188
 10
731507.2000849509
 20
1424620.233931226
 10
731507.5429309964
 20
1424619.3339768741
 10
731507.6980229281
 20
1424618.878002427
 10
731508.119029619
 20
1424617.4962017967
 10
731508.351279937
 20
1424616.5615783124
 10
731508.5496094467
 20
1424615.6192449694
 10
731508.637424541
 20
1424615.1456895731
 10
731508.7787001937
 20
1424614.1930603534
 10
731508.8854707382
 20
1424613.2360197194
 10
731508.957612338
 20
1424612.2756776798
 10
731508.9905415842
 20
1424610.8315394188
 10
731508.9699771195
 20
1424609.8687111156
 10
731508.9423071243
 20
1424609.3878779071
 10
731508.7876633942
 20
1424607.7096865934
 10
731503.3971037411
 20
1424566.3921424039
 10
731499.7919971816
 20
1424531.0359778013
 10
731499.6187968063
 20
1424529.8620485165
 10
731499.4446712105
 20
1424528.9288336793
 10
731499.1118695674
 20
1424527.5443460324
 10
731498.8500425463
 20
1424526.631846019
 10
731498.3874654188
 20
1424525.2851517822
 10
731498.0402962518
 20
1424524.401588977
 10
731497.4521118439
 20
1424523.1048229788
 10
731497.0227288106
 20
1424522.2581590093
 10
731496.3142371438
 20
1424521.023006172
 10
731495.8065093444
 20
1424520.220870188
 10
731494.984094517
 20
1424519.0584602652
 10
731494.6977585395
 20
1424518.6797659467
 10
731494.0986098715
 20
1424517.943402917
 10
731493.1527165455
 20
1424516.8790492124
 10
731492.4864465265
 20
1424516.2028141124
 10
731491.7965727076
 20
1424515.550773651
 10
731491.0838725683
 20
1424514.9236626716
 10
731489.9679157296
 20
1424514.0392400976
 10
731489.1989649485
 20
1424513.4825315978
 10
731488.8047393404
 20
1424513.2179869963
 10
731487.5978391082
 20
1424512.4623714893
 10
731486.7683707278
 20
1424512.0006444452
 10
731485.4952618275
 20
1424511.3628696373
 10
731484.6257503305
 20
1424510.9818717248
 10
731483.2979045226
 20
1424510.4676844943
 10
731482.3961849282
 20
1424510.17084882
 10
731481.4845334904
 20
1424509.9063222522
 10
731480.5639776388
 20
1424509.6744029128
 10
731479.1671386978
 20
1424509.3979902766
 10
731478.2287401062
 20
1424509.254401456
 10
731476.8119855025
 20
1424509.111680198
 10
731476.1015265863
 20
1424509.0627630083
 10
731430.979072577
 20
1424507.0306915294
 10
731558.0854492954
 20
1424432.5023053912
 97
0
 75
1
 76
1
 52
0.0
 41
1.0
 77
0
 78
1
 53
45.0
 43
0.0
 44
0.0
 45
-0.0883883476
 46
0.0883883476
 79
0
 98
0
  0
LWPOLYLINE
  5
6F
330
17
100
AcDbEntity
  8
PARCEL_BORDER
370
50
420
3302450
100
AcDbPolyline
 90
259
 70
1
 10
731685.0051754017
 20
1424602.8407700579
 10
731684.936789152
 20
1424602.712260664
 10
731671.4574965737
 20
1424576.4681369702
 10
731618.4903062158
 20
1424598.9448550937
 10
731618.2673708398
 20
1424599.0332110517
 10
731617.3676692673
 20
1424599.3650532865
 10
731616.9103803815
 20
1424599.5092143852
 10
731615.9830301958
 20
1424599.7533533236
 10
731615.5140354785
 20
1424599.8530503695
 10
731614.5675644265
 20
1424600.0072409536
 10
731614.091176665
 20
1424600.0615571511
 10
731613.1342883261
 20
1424600.1243814714
 10
731612.6548883037
 20
1424600.1328173373
 10
731611.6963820526
 20
1424600.103697673
 10
731611.2183782404
 20
1424600.0661756333
 10
731610.2670683302
 20
1424599.9453797631
 10
731609.79485637
 20
1424599.862244864
 10
731608.8594908766
 20
1424599.6508836055
 10
731608.3974131435
 20
1424599.5229003404
 10
731607.4865935217
 20
1424599.2229173335
 10
731607.0388992014
 20
1424599.051262614
 10
731606.1610011859
 20
1424598.6654164498
 10
731605.7318071949
 20
1424598.4516687815
 10
731604.8949037797
 20
1424597.983507632
 10
731604.4881569111
 20
1424597.7296326018
 10
731603.6999441105
 20
1424597.1834615937
 10
731603.3193847339
 20
1424596.891793789
 10
731602.5871108129
 20
1424596.272635414
 10
731602.2362384866
 20
1424595.9458569626
 10
731601.5666373059
 20
1424595.2594048905
 10
731601.2486785866
 20
1424594.900520786
 10
731600.6479076794
 20
1424594.153087508
 10
731600.3657864609
 20
1424593.7653979862
 10
731599.839370409
 20
1424592.9638567658
 10
731599.5956810275
 20
1424592.5509269505
 10
731599.1484606594
 20
1424591.702648617
 10
731599.0417425876
 20
1424591.4878971085
 10
731591.633243678
 20
1424575.6367269189
 10
731591.5327116428
 20
1424575.406751369
 10
731591.1539180772
 20
1424574.4773388747
 10
731590.9880797928
 20
1424574.003713811
 10
731590.704355987
 20
1424573.0410129477
 10
731590.5868279317
 20
1424572.5531500631
 10
731590.4010318134
 20
1424571.5668580413
 10
731590.3329978371
 20
1424571.0696715422
 10
731590.2470009162
 20
1424570.069723204
 10
731590.2291463199
 20
1424569.5682212084
 10
731590.2438148367
 20
1424568.5646889547
 10
731590.2763194685
 20
1424568.0639230546
 10
731590.3915056677
 20
1424567.066915387
 10
731590.4740421108
 20
1424566.571929758
 10
731590.6885857312
 20
1424565.5914894566
 10
731590.8203226032
 20
1424565.1072700487
 10
731591.1320625639
 20
1424564.1532730118
 10
731591.3116728885
 20
1424563.6846973316
 10
731591.7174690566
 20
1424562.766753096
 10
731591.9431436341
 20
1424562.318541067
 10
731592.4389084574
 20
1424561.445896013
 10
731592.7083740849
 20
1424561.0225624416
 10
731593.289113763
 20
1424560.2040066544
 10
731593.5996561353
 20
1424559.8098157446
 10
731594.2595209235
 20
1424559.053594473
 10
731594.6080119694
 20
1424558.692516881
 10
731595.174934526
 20
1424558.161260991
 10
731587.9343962197
 20
1424543.7206576236
 10
731587.832200329
 20
1424543.5040378717
 10
731587.4443989208
 20
1424542.628267719
 10
731587.2716908065
 20
1424542.1815992396
 10
731586.9694523934
 20
1424541.2727454368
 10
731586.8402688715
 20
1424540.8116028982
 10
731586.6263660787
 20
1424539.8780029367
 10
731586.5418922314
 20
1424539.4066166922
 10
731586.4182873236
 20
1424538.4568350755
 10
731586.379298083
 20
1424537.9795294467
 10
731586.347124967
 20
1424537.0222791224
 10
731586.3539780057
 20
1424536.5434327396
 10
731586.4135318259
 20
1424535.5874951708
 10
731586.4661642772
 20
1424535.111500792
 10
731586.6168987083
 20
1424534.1656453994
 10
731586.714827741
 20
1424533.6968696234
 10
731586.955360001
 20
1424532.7697733364
 10
731587.0976872502
 20
1424532.312516541
 10
731587.4258107841
 20
1424531.412684202
 10
731587.611230592
 20
1424530.9711410915
 10
731588.0239353154
 20
1424530.1068274307
 10
731588.2507467088
 20
1424529.6850485608
 10
731588.7442466195
 20
1424528.8641824748
 10
731589.0103689136
 20
1424528.4660370895
 10
731589.5801368253
 20
1424527.6961489029
 10
731589.8831287121
 20
1424527.325289442
 10
731590.5239377823
 20
1424526.6134418263
 10
731590.8610197259
 20
1424526.273270418
 10
731591.5669914075
 20
1424525.6259936013
 10
731591.935071141
 20
1424525.3196308543
 10
731592.6997291094
 20
1424524.7428627172
 10
731593.0954300044
 20
1424524.4731190896
 10
731593.9117595684
 20
1424523.972150691
 10
731594.3314516107
 20
1424523.7415007127
 10
731595.1919640617
 20
1424523.3209277529
 10
731595.6317971509
 20
1424523.1314873213
 10
731596.5285984641
 20
1424522.7951679823
 10
731596.9845377333
 20
1424522.6486749544
 10
731597.9094009824
 20
1424522.3996945068
 10
731598.142108094
 20
1424522.3429889826
 10
731611.7968158685
 20
1424519.3602022617
 10
731637.379790497
 20
1424513.1629715424
 10
731617.831001732
 20
1424470.966202078
 10
731617.7333509427
 20
1424470.7410962044
 10
731617.3901278637
 20
1424469.893512469
 10
731604.1029893127
 20
1424476.9840970363
 10
731603.8787932722
 20
1424477.0966055386
 10
731602.9712881658
 20
1424477.523868285
 10
731602.5073924351
 20
1424477.7144738815
 10
731601.5616497565
 20
1424478.0486740575
 10
731601.0809929696
 20
1424478.1918480664
 10
731600.1065280151
 20
1424478.4296232217
 10
731599.6139461544
 20
1424478.523925142
 10
731598.6205632004
 20
1424478.662882975
 10
731598.1210122211
 20
1424478.7073640176
 10
731597.1187058827
 20
1424478.7461064474
 10
731596.6172118658
 20
1424478.7403190795
 10
731595.6160665367
 20
1424478.6784563109
 10
731595.1176751073
 20
1424478.6224587606
 10
731594.1277635011
 20
1424478.460613207
 10
731593.637489069
 20
1424478.3549688763
 10
731592.6687708735
 20
1424478.0947688965
 10
731592.1915461831
 20
1424477.9405406925
 10
731591.2537678562
 20
1424477.5846042072
 10
731590.7943943583
 20
1424477.383343851
 10
731589.8969910655
 20
1424476.9352520057
 10
731589.4600906
 20
1424476.6889844134
 10
731588.6120912861
 20
1424476.1532455443
 10
731588.2020595935
 20
1424475.8644484621
 10
731587.411996141
 20
1424475.2464527397
 10
731587.0329586284
 20
1424474.9180318108
 10
731586.3087800152
 20
1424474.2239970076
 10
731585.9645502502
 20
1424473.859256536
 10
731585.3135425744
 20
1424473.0961654678
 10
731585.007583918
 20
1424472.6987751767
 10
731584.4362970917
 20
1424471.8743054478
 10
731584.1716878519
 20
1424471.448263556
 10
731583.6858696999
 20
1424470.5707103123
 10
731583.465272161
 20
1424470.1203033088
 10
731583.0698105922
 20
1424469.1984957804
 10
731582.8954442276
 20
1424468.7282552952
 10
731582.594318056
 20
1424467.771467962
 10
731582.5250384782
 20
1424467.5303821526
 10
731581.0831939762
 20
1424461.9932395464
 10
731580.604800675
 20
1424461.74386177
 10
731580.1775252613
 20
1424461.4934726695
 10
731579.3488233638
 20
1424460.950988489
 10
731578.9484137364
 20
1424460.6595590638
 10
731578.1774424096
 20
1424460.037755933
 10
731577.8078267294
 20
1424459.7081452098
 10
731577.1021494789
 20
1424459.01312324
 10
731576.766953808
 20
1424458.648564818
 10
731576.1334935809
 20
1424457.8871424247
 10
731575.8360063108
 20
1424457.4912127543
 10
731575.2809775796
 20
1424456.670859764
 10
731575.0241171663
 20
1424456.247443057
 10
731574.5529649626
 20
1424455.3762074278
 10
731574.3392512987
 20
1424454.9294575537
 10
731573.9565977948
 20
1424454.0158864202
 10
731573.7881274885
 20
1424453.550186156
 10
731573.4977266523
 20
1424452.603241979
 10
731573.4309920564
 20
1424452.364707118
 10
731566.7940938782
 20
1424426.1563892094
 10
731566.738391188
 20
1424425.910541049
 10
731566.5405034502
 20
1424424.9221584739
 10
731566.4665925154
 20
1424424.4236084842
 10
731566.3692122416
 20
1424423.4203254965
 10
731566.3458666619
 20
1424422.916867553
 10
731566.3499832932
 20
1424421.9088781066
 10
731566.3774402732
 20
1424421.4056276397
 10
731566.4830119831
 20
1424420.4031735088
 10
731566.5609925431
 20
1424419.9052438454
 10
731566.7669466592
 20
1424418.9185105618
 10
731566.894658471
 20
1424418.4309609632
 10
731567.0504485683
 20
1424417.9388814212
 10
731566.112060469
 20
1424416.20368095
 10
731411.1260394504
 20
1424507.079200485
 10
731416.5869686517
 20
1424516.3926843838
 10
731475.6516366112
 20
1424519.052637833
 10
731475.8884562498
 20
1424519.068943563
 10
731476.8336531915
 20
1424519.156609922
 10
731477.3036386091
 20
1424519.222824495
 10
731478.2362646644
 20
1424519.3997179365
 10
731478.6978542442
 20
1424519.510197448
 10
731479.609505682
 20
1424519.7747240157
 10
731480.0585401196
 20
1424519.9284729532
 10
731480.9410022066
 20
1424520.2782490442
 10
731481.3734353313
 20
1424520.4738820035
 10
731482.2187563551
 20
1424520.905755846
 10
731482.6306915866
 20
1424521.141510012
 10
731483.4312545061
 20
1424521.6515900658
 10
731483.8189799691
 20
1424521.9253410997
 10
731484.5675710505
 20
1424522.509031122
 10
731484.9275930154
 20
1424522.8183122983
 10
731485.6174668343
 20
1424523.4703527596
 10
731485.9465412076
 20
1424523.8123772012
 10
731486.5714814307
 20
1424524.526892678
 10
731486.8666429804
 20
1424524.898578462
 10
731487.4210183803
 20
1424525.6691305793
 10
731487.6796074559
 20
1424526.067128509
 10
731488.1584226517
 20
1424526.8867739555
 10
731488.3781091524
 20
1424527.307497741
 10
731488.7770496231
 20
1424528.1688508338
 10
731488.9558539917
 20
1424528.6085094048
 10
731489.2713249545
 20
1424529.50380864
 10
731489.4076360166
 20
1424529.9584403122
 10
731489.6367948172
 20
1424530.879618304
 10
731489.7293842963
 20
1424531.345126467
 10
731489.8701660244
 20
1424532.2838826412
 10
731489.89978883
 20
1424532.5194073908
 10
731493.462795842
 20
1424567.5452394725
 10
731498.8716997554
 20
1424609.0033886891
 10
731498.8970945023
 20
1424609.2428603105
 10
731498.9755539914
 20
1424610.2026367595
 10
731498.9916321447
 20
1424610.6838572642
 10
731498.9774106774
 20
1424611.6467302954
 10
731498.9471275511
 20
1424612.127266052
 10
731498.8403570066
 20
1424613.084306686
 10
731498.7639934244
 20
1424613.559701558
 10
731498.5656639147
 20
1424614.502034901
 10
731498.4439280154
 20
1424614.9678804248
 10
731498.1558787029
 20
1424615.8867679685
 10
731497.9898993773
 20
1424616.3387442343
 10
731497.6148014201
 20
1424617.2256648883
 10
731497.4061178388
 20
1424617.6595805984
 10
731496.9474496207
 20
1424618.5063097107
 10
731496.6979969617
 20
1424618.91814105
 10
731496.1600118356
 20
1424619.7168266755
 10
731495.87210334
 20
1424620.102754622
 10
731495.2597901856
 20
1424620.8459903349
 10
731494.9360957076
 20
1424621.2024360735
 10
731494.2551326689
 20
1424621.883329651
 10
731493.8986539105
 20
1424622.2069877684
 10
731493.1553557396
 20
1424622.8192251022
 10
731492.769398426
 20
1424623.1070942276
 10
731491.9706579247
 20
1424623.6449978768
 10
731491.5588011423
 20
1424623.8944085233
 10
731490.7120252457
 20
1424624.352990365
 10
731490.2780882481
 20
1424624.5616296823
 10
731489.391129335
 20
1424624.936637163
 10
731488.9391361416
 20
1424625.102570381
 10
731488.0202192192
 20
1424625.3905259569
 10
731487.5543612784
 20
1424625.5122143344
 10
731486.6120077088
 20
1424625.710447716
 10
731486.1366050511
 20
1424625.786762803
 10
731485.1795535302
 20
1424625.89343572
 10
731484.6990146856
 20
1424625.923669827
 10
731483.7361402088
 20
1424625.9377930716
 10
731483.4953365384
 20
1424625.935525352
 10
731480.7633514488
 20
1424625.843967457
 10
731525.157725031
 20
1424701.5575078286
 10
731687.1752259785
 20
1424606.5591042587
 10
731685.3582429676
 20
1424603.4771811704
 10
731685.2861446121
 20
1424603.3507170614
 10
731685.0051754017
 20
1424602.8407700579
  0
HATCH
  5
70
330
17
100
AcDbEntity
  8
UTILITY_POND
 62
7
420
25855
100
AcDbHatch
 10
0.0
 20
0.0
 30
0.0
210
0.0
220
0.0
230
1.0
  2
SOLID
 70
0
 71
0
 91
1
 92
3
 72
0
 73
1
 93
5
 10
729779.8706235687
 20
1424583.5100749745
 10
729652.6787290869
 20
1424662.5598973113
 10
729729.0569634497
 20
1424792.8211458505
 10
729858.1998349247
 20
1424717.0986680265
 10
729779.8706235687
 20
1424583.5100749745
 97
0
 75
1
 76
1
 52
0.0
 41
1.0
 77
0
 78
1
 53
45.0
 43
0.0
 44
0.0
 45
-0.0883883476
 46
0.0883883476
 79
0
 98
0
  0
LWPOLYLINE
  5
71
330
17
100
AcDbEntity
  8
PARCEL_BORDER
370
50
420
3302450
100
AcDbPolyline
 90
6
 70
1
 10
729698.0450672298
 20
1424634.3646967846
 10
729652.6787290869
 20
1424662.5598973113
 10
729729.0569634497
 20
1424792.8211458505
 10
729858.1998349247
 20
1424717.0986680265
 10
729779.8706235687
 20
1424583.5100749745
 10
729698.0450672298
 20
1424634.3646967846
  0
TEXT
  5
72
330
17
100
AcDbEntity
  8
TEXT_LABELS
100
AcDbText
 10
729755.2209189049
 20
1424688.8347969693
 30
0.0
 40
12.0
  1
Retention Pond
 72
1
 11
729755.2209189049
 21
1424688.8347969693
 31
0.0
100
AcDbText
 73
2
  0
HATCH
  5
73
330
17
100
AcDbEntity
  8
GREEN_AREA
 62
7
420
9881750
100
AcDbHatch
 10
0.0
 20
0.0
 30
0.0
210
0.0
220
0.0
230
1.0
  2
SOLID
 70
0
 71
0
 91
2
 92
3
 72
0
 73
1
 93
5
 10
729639.1228257556
 20
1424659.2109312702
 10
729725.4886010208
 20
1424806.5056914978
 10
729871.8843805721
 20
1424720.6670304553
 10
729783.3069865427
 20
1424569.6004074197
 10
729639.1228257556
 20
1424659.2109312702
 97
0
 92
3
 72
0
 73
1
 93
5
 10
729779.8706235687
 20
1424583.5100749745
 10
729858.1998349247
 20
1424717.0986680265
 10
729729.0569634497
 20
1424792.8211458505
 10
729652.6787290869
 20
1424662.5598973113
 10
729779.8706235687
 20
1424583.5100749745
 97
0
 75
1
 76
1
 52
0.0
 41
1.0
 77
0
 78
1
 53
45.0
 43
0.0
 44
0.0
 45
-0.0883883476
 46
0.0883883476
 79
0
 98
0
  0
LWPOLYLINE
  5
74
330
17
100
AcDbEntity
  8
PARCEL_BORDER
370
50
420
3302450
100
AcDbPolyline
 90
6
 70
1
 10
729639.1228257556
 20
1424659.2109312702
 10
729725.4886010208
 20
1424806.5056914978
 10
729871.8843805721
 20
1424720.6670304553
 10
729783.3069865427
 20
1424569.6004074197
 10
729692.7664682197
 20
1424625.8713822083
 10
729639.1228257556
 20
1424659.2109312702
  0
HATCH
  5
75
330
17
100
AcDbEntity
  8
UTILITY_POND
 62
7
420
25855
100
AcDbHatch
 10
0.0
 20
0.0
 30
0.0
210
0.0
220
0.0
230
1.0
  2
SOLID
 70
0
 71
0
 91
1
 92
3
 72
0
 73
1
 93
5
 10
730696.0050133148
 20
1424733.453587761
 10
730798.9911968432
 20
1424909.0940560258
 10
730966.915930054
 20
1424810.6319671674
 10
730863.9297465256
 20
1424634.9914989024
 10
730696.0050133148
 20
1424733.453587761
 97
0
 75
1
 76
1
 52
0.0
 41
1.0
 77
0
 78
1
 53
45.0
 43
0.0
 44
0.0
 45
-0.0883883476
 46
0.0883883476
 79
0
 98
0
  0
LWPOLYLINE
  5
76
330
17
100
AcDbEntity
  8
PARCEL_BORDER
370
50
420
3302450
100
AcDbPolyline
 90
5
 70
1
 10
730696.0050133148
 20
1424733.453587761
 10
730798.9911968432
 20
1424909.0940560258
 10
730966.915930054
 20
1424810.6319671674
 10
730863.9297465256
 20
1424634.9914989024
 10
730696.0050133148
 20
1424733.453587761
  0
TEXT
  5
77
330
17
100
AcDbEntity
  8
TEXT_LABELS
100
AcDbText
 10
730831.4604716845
 20
1424772.0427774645
 30
0.0
 40
12.0
  1
Retention Pond
 72
1
 11
730831.4604716845
 21
1424772.0427774645
 31
0.0
100
AcDbText
 73
2
  0
HATCH
  5
78
330
17
100
AcDbEntity
  8
GREEN_AREA
 62
7
420
9881750
100
AcDbHatch
 10
0.0
 20
0.0
 30
0.0
210
0.0
220
0.0
230
1.0
  2
SOLID
 70
0
 71
0
 91
2
 92
3
 72
0
 73
1
 93
5
 10
730795.4228344143
 20
1424922.7786016732
 10
730980.6004757015
 20
1424814.2003295962
 10
730867.4981089545
 20
1424621.306953255
 10
730682.3204676673
 20
1424729.885225332
 10
730795.4228344143
 20
1424922.7786016732
 97
0
 92
3
 72
0
 73
1
 93
5
 10
730863.9297465256
 20
1424634.9914989024
 10
730966.915930054
 20
1424810.6319671674
 10
730798.9911968432
 20
1424909.0940560258
 10
730696.0050133148
 20
1424733.453587761
 10
730863.9297465256
 20
1424634.9914989024
 97
0
 75
1
 76
1
 52
0.0
 41
1.0
 77
0
 78
1
 53
45.0
 43
0.0
 44
0.0
 45
-0.0883883476
 46
0.0883883476
 79
0
 98
0
  0
LWPOLYLINE
  5
79
330
17
100
AcDbEntity
  8
PARCEL_BORDER
370
50
420
3302450
100
AcDbPolyline
 90
5
 70
1
 10
730795.4228344143
 20
1424922.7786016732
 10
730980.6004757015
 20
1424814.2003295962
 10
730867.4981089545
 20
1424621.306953255
 10
730682.3204676673
 20
1424729.885225332
 10
730795.4228344143
 20
1424922.7786016732
  0
HATCH
  5
7A
330
17
100
AcDbEntity
  8
UTILITY_POND
 62
7
420
25855
100
AcDbHatch
 10
0.0
 20
0.0
 30
0.0
210
0.0
220
0.0
230
1.0
  2
SOLID
 70
0
 71
0
 91
1
 92
3
 72
0
 73
1
 93
10
 10
731806.7308421697
 20
1425397.5927779912
 10
731807.0861936229
 20
1425397.2686851625
 10
731807.8196540534
 20
1425396.6466901656
 10
731809.1522715916
 20
1425395.618901087
 10
731909.391991347
 20
1425324.181503639
 10
731852.5414878232
 20
1425227.2243321247
 10
731684.6167546123
 20
1425325.6864209832
 10
731757.2794209636
 20
1425449.610857311
 10
731805.5270962064
 20
1425398.768879839
 10
731806.7308421697
 20
1425397.5927779912
 97
0
 75
1
 76
1
 52
0.0
 41
1.0
 77
0
 78
1
 53
45.0
 43
0.0
 44
0.0
 45
-0.0883883476
 46
0.0883883476
 79
0
 98
0
  0
LWPOLYLINE
  5
7B
330
17
100
AcDbEntity
  8
PARCEL_BORDER
370
50
420
3302450
100
AcDbPolyline
 90
17
 70
1
 10
731806.7308421697
 20
1425397.5927779912
 10
731807.0861936229
 20
1425397.2686851625
 10
731807.4491309178
 20
1425396.9533225538
 10
731807.8196540534
 20
1425396.6466901656
 10
731808.5750149508
 20
1425396.051595101
 10
731808.765699374
 20
1425395.9050498519
 10
731808.9581182543
 20
1425395.7608185136
 10
731809.1522715916
 20
1425395.618901087
 10
731909.391991347
 20
1425324.181503639
 10
731852.5414878232
 20
1425227.2243321247
 10
731684.6167546123
 20
1425325.6864209832
 10
731757.2794209636
 20
1425449.610857311
 10
731805.5270962064
 20
1425398.768879839
 10
731805.694725951
 20
1425398.5964375744
 10
731805.864404853
 20
1425398.4260357704
 10
731806.0361329132
 20
1425398.2576744268
 10
731806.7308421697
 20
1425397.5927779912
  0
TEXT
  5
7C
330
17
100
AcDbEntity
  8
TEXT_LABELS
100
AcDbText
 10
731796.7277732089
 20
1425331.9172759678
 30
0.0
 40
12.0
  1
Retention Pond
 72
1
 11
731796.7277732089
 21
1425331.9172759678
 31
0.0
100
AcDbText
 73
2
  0
HATCH
  5
7D
330
17
100
AcDbEntity
  8
GREEN_AREA
 62
7
420
9881750
100
AcDbHatch
 10
0.0
 20
0.0
 30
0.0
210
0.0
220
0.0
230
1.0
  2
SOLID
 70
0
 71
0
 91
2
 92
3
 72
0
 73
1
 93
9
 10
731814.0081340165
 20
1425404.5017977871
 10
731814.9559137942
 20
1425403.7624713841
 10
731922.6459415711
 20
1425327.0154958914
 10
731856.1098502523
 20
1425213.5397864773
 10
731670.9322089648
 20
1425322.1180585544
 10
731755.3792735196
 20
1425466.1405036417
 10
731812.7808085631
 20
1425405.6524586354
 10
731813.6451967217
 20
1425404.817160396
 10
731814.0081340165
 20
1425404.5017977871
 97
0
 92
3
 72
0
 73
1
 93
10
 10
731806.7308421697
 20
1425397.5927779912
 10
731805.5270962064
 20
1425398.768879839
 10
731757.2794209636
 20
1425449.610857311
 10
731684.6167546123
 20
1425325.6864209832
 10
731852.5414878232
 20
1425227.2243321247
 10
731909.391991347
 20
1425324.181503639
 10
731809.1522715916
 20
1425395.618901087
 10
731808.5750149508
 20
1425396.051595101
 10
731807.4491309178
 20
1425396.9533225538
 10
731806.7308421697
 20
1425397.5927779912
 97
0
 75
1
 76
1
 52
0.0
 41
1.0
 77
0
 78
1
 53
45.0
 43
0.0
 44
0.0
 45
-0.0883883476
 46
0.0883883476
 79
0
 98
0
  0
LWPOLYLINE
  5
7E
330
17
100
AcDbEntity
  8
PARCEL_BORDER
370
50
420
3302450
100
AcDbPolyline
 90
11
 70
1
 10
731814.0081340165
 20
1425404.5017977871
 10
731814.7634949139
 20
1425403.9067027224
 10
731814.9559137942
 20
1425403.7624713841
 10
731922.6459415711
 20
1425327.0154958914
 10
731856.1098502523
 20
1425213.5397864773
 10
731670.9322089648
 20
1425322.1180585544
 10
731755.3792735196
 20
1425466.1405036417
 10
731812.7808085631
 20
1425405.6524586354
 10
731812.9504874651
 20
1425405.4820568315
 10
731813.6451967217
 20
1425404.817160396
 10
731814.0081340165
 20
1425404.5017977871
  0
HATCH
  5
7F
330
17
100
AcDbEntity
  8
UTILITY_POND
 62
7
420
25855
100
AcDbHatch
 10
0.0
 20
0.0
 30
0.0
210
0.0
220
0.0
230
1.0
  2
SOLID
 70
0
 71
0
 91
1
 92
3
 72
0
 73
1
 93
20
 10
730589.5609251434
 20
1425717.6197808408
 10
730589.841280083
 20
1425716.8594335683
 10
730589.9949887419
 20
1425716.4982377838
 10
730590.4231051006
 20
1425715.6151913458
 10
730590.6114769874
 20
1425715.2708009009
 10
730591.1240855588
 20
1425714.4339692765
 10
730591.3453065511
 20
1425714.1097008395
 10
730591.9374705898
 20
1425713.3271432484
 10
730592.1894102067
 20
1425713.0261197013
 10
730592.8554268845
 20
1425712.305372549
 10
730593.1356588105
 20
1425712.0304929137
 10
730593.8691140088
 20
1425711.3784974078
 10
730594.1749394579
 20
1425711.1324089246
 10
730594.9687695986
 20
1425710.5554441402
 10
730595.7144306521
 20
1425710.0819370402
 10
730626.555802752
 20
1425691.9982047502
 10
730546.950451441
 20
1425556.2331855835
 10
730417.8075799661
 20
1425631.9556634075
 10
730495.7024453535
 20
1425764.8034898175
 10
730589.5609251434
 20
1425717.6197808408
 97
0
 75
1
 76
1
 52
0.0
 41
1.0
 77
0
 78
1
 53
45.0
 43
0.0
 44
0.0
 45
-0.0883883476
 46
0.0883883476
 79
0
 98
0
  0
LWPOLYLINE
  5
80
330
17
100
AcDbEntity
  8
PARCEL_BORDER
370
50
420
3302450
100
AcDbPolyline
 90
21
 70
1
 10
730589.5609251434
 20
1425717.6197808408
 10
730589.841280083
 20
1425716.8594335683
 10
730589.9949887419
 20
1425716.4982377838
 10
730590.4231051006
 20
1425715.6151913458
 10
730590.6114769874
 20
1425715.2708009009
 10
730591.1240855588
 20
1425714.4339692765
 10
730591.3453065511
 20
1425714.1097008395
 10
730591.9374705898
 20
1425713.3271432484
 10
730592.1894102067
 20
1425713.0261197013
 10
730592.8554268845
 20
1425712.305372549
 10
730593.1356588105
 20
1425712.0304929137
 10
730593.8691140088
 20
1425711.3784974078
 10
730594.1749394579
 20
1425711.1324089246
 10
730594.9687695986
 20
1425710.5554441402
 10
730595.2972433033
 20
1425710.3405167765
 10
730595.7144306521
 20
1425710.0819370402
 10
730626.555802752
 20
1425691.9982047502
 10
730546.950451441
 20
1425556.2331855835
 10
730417.8075799661
 20
1425631.9556634075
 10
730495.7024453535
 20
1425764.8034898175
 10
730589.5609251434
 20
1425717.6197808408
  0
TEXT
  5
81
330
17
100
AcDbEntity
  8
TEXT_LABELS
100
AcDbText
 10
730522.4416282647
 20
1425661.874440743
 30
0.0
 40
12.0
  1
Retention Pond
 72
1
 11
730522.4416282647
 21
1425661.874440743
 31
0.0
100
AcDbText
 73
2
  0
HATCH
  5
82
330
17
100
AcDbEntity
  8
GREEN_AREA
 62
7
420
9881750
100
AcDbHatch
 10
0.0
 20
0.0
 30
0.0
210
0.0
220
0.0
230
1.0
  2
SOLID
 70
0
 71
0
 91
2
 92
3
 72
0
 73
1
 93
21
 10
730599.2258147959
 20
1425723.9536235796
 10
730599.0167653598
 20
1425723.4701583341
 10
730598.9064435794
 20
1425723.093438476
 10
730598.8335780324
 20
1425722.7077192017
 10
730598.7988704524
 20
1425722.3167151988
 10
730598.8026550938
 20
1425721.9241920493
 10
730598.8448955072
 20
1425721.5339299657
 10
730598.9251848955
 20
1425721.149687385
 10
730599.0427500268
 20
1425720.775164774
 10
730599.1964586857
 20
1425720.4139689894
 10
730599.3848305724
 20
1425720.0695785445
 10
730599.6060515647
 20
1425719.7453101075
 10
730599.8579911817
 20
1425719.4442865604
 10
730600.1382231077
 20
1425719.169406925
 10
730600.4440485567
 20
1425718.923318442
 10
730600.7725222614
 20
1425718.7083910783
 10
730640.2403483994
 20
1425695.566567179
 10
730550.5188138699
 20
1425542.5486399361
 10
730404.1230343187
 20
1425628.3873009786
 10
730491.8178964767
 20
1425777.9487870547
 10
730599.2258147959
 20
1425723.9536235796
 97
0
 92
3
 72
0
 73
1
 93
20
 10
730495.7024453535
 20
1425764.8034898175
 10
730417.8075799661
 20
1425631.9556634075
 10
730546.950451441
 20
1425556.2331855835
 10
730626.555802752
 20
1425691.9982047502
 10
730595.7144306521
 20
1425710.0819370402
 10
730594.9687695986
 20
1425710.5554441402
 10
730594.1749394579
 20
1425711.1324089246
 10
730593.8691140088
 20
1425711.3784974078
 10
730593.1356588105
 20
1425712.0304929137
 10
730592.8554268845
 20
1425712.305372549
 10
730592.1894102067
 20
1425713.0261197013
 10
730591.9374705898
 20
1425713.3271432484
 10
730591.3453065511
 20
1425714.1097008395
 10
730591.1240855588
 20
1425714.4339692765
 10
730590.6114769874
 20
1425715.2708009009
 10
730590.4231051006
 20
1425715.6151913458
 10
730589.9949887419
 20
1425716.4982377838
 10
730589.841280083
 20
1425716.8594335683
 10
730589.5609251434
 20
1425717.6197808408
 10
730495.7024453535
 20
1425764.8034898175
 97
0
 75
1
 76
1
 52
0.0
 41
1.0
 77
0
 78
1
 53
45.0
 43
0.0
 44
0.0
 45
-0.0883883476
 46
0.0883883476
 79
0
 98
0
  0
LWPOLYLINE
  5
83
330
17
100
AcDbEntity
  8
PARCEL_BORDER
370
50
420
3302450
100
AcDbPolyline
 90
22
 70
1
 10
730599.1634809138
 20
1425723.8342507577
 10
730599.0167653598
 20
1425723.4701583341
 10
730598.9064435794
 20
1425723.093438476
 10
730598.8335780324
 20
1425722.7077192017
 10
730598.7988704524
 20
1425722.3167151988
 10
730598.8026550938
 20
1425721.9241920493
 10
730598.8448955072
 20
1425721.5339299657
 10
730598.9251848955
 20
1425721.149687385
 10
730599.0427500268
 20
1425720.775164774
 10
730599.1964586857
 20
1425720.4139689894
 10
730599.3848305724
 20
1425720.0695785445
 10
730599.6060515647
 20
1425719.7453101075
 10
730599.8579911817
 20
1425719.4442865604
 10
730600.1382231077
 20
1425719.169406925
 10
730600.4440485567
 20
1425718.923318442
 10
730600.7725222614
 20
1425718.7083910783
 10
730640.2403483994
 20
1425695.566567179
 10
730550.5188138699
 20
1425542.5486399361
 10
730404.1230343187
 20
1425628.3873009786
 10
730491.8178964767
 20
1425777.9487870547
 10
730599.2258147959
 20
1425723.9536235796
 10
730599.1634809138
 20
1425723.8342507577
  0
HATCH
  5
84
330
17
100
AcDbEntity
  8
PARCEL_L
 62
7
420
16777160
100
AcDbHatch
 10
0.0
 20
0.0
 30
0.0
210
0.0
220
0.0
230
1.0
  2
SOLID
 70
0
 71
0
 91
1
 92
3
 72
0
 73
1
 93
19
 10
731573.5027623111
 20
1425580.3487739668
 10
731646.631334132
 20
1425533.1580927877
 10
731647.7153963619
 20
1425532.526007301
 10
731648.1623132455
 20
1425532.2975021165
 10
731649.0779597312
 20
1425531.8859334143
 10
731649.5455351223
 20
1425531.7033886963
 10
731650.4978326105
 20
1425531.3856989464
 10
731650.9813542976
 20
1425531.250954375
 10
731651.9607055599
 20
1425531.030345246
 10
731652.4553006231
 20
1425530.9447587745
 10
731653.4518357846
 20
1425530.8234535588
 10
731653.9525197083
 20
1425530.787887725
 10
731655.2072451718
 20
1425530.7682155909
 10
731670.5859324933
 20
1425531.2222636158
 10
731743.294526051
 20
1425478.8750541762
 10
731755.3792735196
 20
1425466.1405036417
 10
731670.9322089648
 20
1425322.1180585544
 10
731485.7545676776
 20
1425430.6963306314
 10
731573.5027623111
 20
1425580.3487739668
 97
0
 75
1
 76
1
 52
0.0
 41
1.0
 77
0
 78
1
 53
45.0
 43
0.0
 44
0.0
 45
-0.0883883476
 46
0.0883883476
 79
0
 98
0
  0
LWPOLYLINE
  5
85
330
17
100
AcDbEntity
  8
PARCEL_BORDER
370
50
420
3289650
100
AcDbPolyline
 90
21
 70
1
 10
731573.5027623111
 20
1425580.3487739668
 10
731646.631334132
 20
1425533.1580927877
 10
731646.8456287393
 20
1425533.0273071772
 10
731647.7153963619
 20
1425532.526007301
 10
731648.1623132455
 20
1425532.2975021165
 10
731649.0779597312
 20
1425531.8859334143
 10
731649.5455351223
 20
1425531.7033886963
 10
731650.4978326105
 20
1425531.3856989464
 10
731650.9813542976
 20
1425531.250954375
 10
731651.9607055599
 20
1425531.030345246
 10
731652.4553006231
 20
1425530.9447587745
 10
731653.4518357846
 20
1425530.8234535588
 10
731653.9525197083
 20
1425530.787887725
 10
731654.9561957144
 20
1425530.7671089335
 10
731655.2072451718
 20
1425530.7682155909
 10
731670.5859324933
 20
1425531.2222636158
 10
731743.294526051
 20
1425478.8750541762
 10
731755.3792735196
 20
1425466.1405036417
 10
731670.9322089648
 20
1425322.1180585544
 10
731485.7545676776
 20
1425430.6963306314
 10
731573.5027623111
 20
1425580.3487739668
  0
TEXT
  5
86
330
17
100
AcDbEntity
  8
TEXT_LABELS
100
AcDbText
 10
731622.3804035067
 20
1425451.1802625973
 30
0.0
 40
12.0
  1
P-1
 72
1
 11
731622.3804035067
 21
1425451.1802625973
 31
0.0
100
AcDbText
 73
2
  0
HATCH
  5
87
330
17
100
AcDbEntity
  8
PARCEL_L
 62
7
420
16777160
100
AcDbHatch
 10
0.0
 20
0.0
 30
0.0
210
0.0
220
0.0
230
1.0
  2
SOLID
 70
0
 71
0
 91
1
 92
3
 72
0
 73
1
 93
35
 10
731407.150049135
 20
1425721.0325098566
 10
731497.4697469623
 20
1425668.0738661648
 10
731497.9074541333
 20
1425667.8560044814
 10
731489.8619021823
 20
1425649.240991865
 10
731489.4166915289
 20
1425648.0680818711
 10
731489.2647767626
 20
1425647.5898095483
 10
731489.0093312738
 20
1425646.6192233094
 10
731488.906122389
 20
1425646.1281322406
 10
731488.7492524711
 20
1425645.1368291217
 10
731488.6957890799
 20
1425644.6378660193
 10
731488.6390748688
 20
1425643.6358313174
 10
731488.635895503
 20
1425643.1340221872
 10
731488.6799082744
 20
1425642.1313492993
 10
731488.7270449596
 20
1425641.6317488148
 10
731488.8713413776
 20
1425640.6385375638
 10
731488.9683193103
 20
1425640.1461781508
 10
731489.2114458913
 20
1425639.1724330552
 10
731489.3572882232
 20
1425638.6922742005
 10
731489.6967959777
 20
1425637.7478036978
 10
731489.8900336524
 20
1425637.284681995
 10
731490.3225027521
 20
1425636.3789996428
 10
731490.5611893064
 20
1425635.9375800686
 10
731491.0822635335
 20
1425635.0798087148
 10
731491.3639947015
 20
1425634.6645376466
 10
731491.9684253274
 20
1425633.863317537
 10
731492.2903632589
 20
1425633.478377958
 10
731492.9720619131
 20
1425632.7417797025
 10
731493.3309637592
 20
1425632.3910490717
 10
731494.0830637595
 20
1425631.7264923514
 10
731494.4753143394
 20
1425631.4135035411
 10
731495.4976482573
 20
1425630.6863421155
 10
731573.5027623111
 20
1425580.3487739668
 10
731485.7545676776
 20
1425430.6963306314
 10
731300.5769263904
 20
1425539.2746027086
 10
731407.150049135
 20
1425721.0325098566
 97
0
 75
1
 76
1
 52
0.0
 41
1.0
 77
0
 78
1
 53
45.0
 43
0.0
 44
0.0
 45
-0.0883883476
 46
0.0883883476
 79
0
 98
0
  0
LWPOLYLINE
  5
88
330
17
100
AcDbEntity
  8
PARCEL_BORDER
370
50
420
3289650
100
AcDbPolyline
 90
38
 70
1
 10
731407.150049135
 20
1425721.0325098566
 10
731497.4697469623
 20
1425668.0738661648
 10
731497.8177055421
 20
1425667.8921697887
 10
731497.9074541333
 20
1425667.8560044814
 10
731489.8619021823
 20
1425649.240991865
 10
731489.768139512
 20
1425649.0081746115
 10
731489.4166915289
 20
1425648.0680818711
 10
731489.2647767626
 20
1425647.5898095483
 10
731489.0093312738
 20
1425646.6192233094
 10
731488.906122389
 20
1425646.1281322406
 10
731488.7492524711
 20
1425645.1368291217
 10
731488.6957890799
 20
1425644.6378660193
 10
731488.6390748688
 20
1425643.6358313174
 10
731488.635895503
 20
1425643.1340221872
 10
731488.6799082744
 20
1425642.1313492993
 10
731488.7270449596
 20
1425641.6317488148
 10
731488.8713413776
 20
1425640.6385375638
 10
731488.9683193103
 20
1425640.1461781508
 10
731489.2114458913
 20
1425639.1724330552
 10
731489.3572882232
 20
1425638.6922742005
 10
731489.6967959777
 20
1425637.7478036978
 10
731489.8900336524
 20
1425637.284681995
 10
731490.3225027521
 20
1425636.3789996428
 10
731490.5611893064
 20
1425635.9375800686
 10
731491.0822635335
 20
1425635.0798087148
 10
731491.3639947015
 20
1425634.6645376466
 10
731491.9684253274
 20
1425633.863317537
 10
731492.2903632589
 20
1425633.478377958
 10
731492.9720619131
 20
1425632.7417797025
 10
731493.3309637592
 20
1425632.3910490717
 10
731494.0830637595
 20
1425631.7264923514
 10
731494.4753143394
 20
1425631.4135035411
 10
731495.2902398579
 20
1425630.82768237
 10
731495.4976482573
 20
1425630.6863421155
 10
731573.5027623111
 20
1425580.3487739668
 10
731485.7545676776
 20
1425430.6963306314
 10
731300.5769263904
 20
1425539.2746027086
 10
731407.150049135
 20
1425721.0325098566
  0
TEXT
  5
89
330
17
100
AcDbEntity
  8
TEXT_LABELS
100
AcDbText
 10
731438.1918065329
 20
1425571.5589527776
 30
0.0
 40
12.0
  1
P-2
 72
1
 11
731438.1918065329
 21
1425571.5589527776
 31
0.0
100
AcDbText
 73
2
  0
HATCH
  5
8A
330
17
100
AcDbEntity
  8
PARCEL_L
 62
7
420
16777160
100
AcDbHatch
 10
0.0
 20
0.0
 30
0.0
210
0.0
220
0.0
230
1.0
  2
SOLID
 70
0
 71
0
 91
1
 92
3
 72
0
 73
1
 93
5
 10
731665.3021928056
 20
1425311.5085007802
 10
731850.479834093
 20
1425202.9302287032
 10
731759.8490772974
 20
1425048.3616446725
 10
731574.6714360099
 20
1425156.9399167493
 10
731665.3021928056
 20
1425311.5085007802
 97
0
 75
1
 76
1
 52
0.0
 41
1.0
 77
0
 78
1
 53
45.0
 43
0.0
 44
0.0
 45
-0.0883883476
 46
0.0883883476
 79
0
 98
0
  0
LWPOLYLINE
  5
8B
330
17
100
AcDbEntity
  8
PARCEL_BORDER
370
50
420
3289650
100
AcDbPolyline
 90
5
 70
1
 10
731665.3021928056
 20
1425311.5085007802
 10
731850.479834093
 20
1425202.9302287032
 10
731759.8490772974
 20
1425048.3616446725
 10
731574.6714360099
 20
1425156.9399167493
 10
731665.3021928056
 20
1425311.5085007802
  0
TEXT
  5
8C
330
17
100
AcDbEntity
  8
TEXT_LABELS
100
AcDbText
 10
731712.5756350515
 20
1425179.935072726
 30
0.0
 40
12.0
  1
P-3
 72
1
 11
731712.5756350515
 21
1425179.935072726
 31
0.0
100
AcDbText
 73
2
  0
HATCH
  5
8D
330
17
100
AcDbEntity
  8
PARCEL_L
 62
7
420
16777160
100
AcDbHatch
 10
0.0
 20
0.0
 30
0.0
210
0.0
220
0.0
230
1.0
  2
SOLID
 70
0
 71
0
 91
1
 92
3
 72
0
 73
1
 93
5
 10
731480.1245515184
 20
1425420.0867728572
 10
731665.3021928056
 20
1425311.5085007802
 10
731574.6714360099
 20
1425156.9399167493
 10
731389.4937947227
 20
1425265.5181888265
 10
731480.1245515184
 20
1425420.0867728572
 97
0
 75
1
 76
1
 52
0.0
 41
1.0
 77
0
 78
1
 53
45.0
 43
0.0
 44
0.0
 45
-0.0883883476
 46
0.0883883476
 79
0
 98
0
  0
LWPOLYLINE
  5
8E
330
17
100
AcDbEntity
  8
PARCEL_BORDER
370
50
420
3289650
100
AcDbPolyline
 90
5
 70
1
 10
731480.1245515184
 20
1425420.0867728572
 10
731665.3021928056
 20
1425311.5085007802
 10
731574.6714360099
 20
1425156.9399167493
 10
731389.4937947227
 20
1425265.5181888265
 10
731480.1245515184
 20
1425420.0867728572
  0
TEXT
  5
8F
330
17
100
AcDbEntity
  8
TEXT_LABELS
100
AcDbText
 10
731527.3979937641
 20
1425288.5133448034
 30
0.0
 40
12.0
  1
P-4
 72
1
 11
731527.3979937641
 21
1425288.5133448034
 31
0.0
100
AcDbText
 73
2
  0
HATCH
  5
90
330
17
100
AcDbEntity
  8
PARCEL_L
 62
7
420
16777160
100
AcDbHatch
 10
0.0
 20
0.0
 30
0.0
210
0.0
220
0.0
230
1.0
  2
SOLID
 70
0
 71
0
 91
1
 92
3
 72
0
 73
1
 93
5
 10
731294.9469102311
 20
1425528.6650449343
 10
731480.1245515184
 20
1425420.0867728572
 10
731389.4937947227
 20
1425265.5181888265
 10
731204.3161534355
 20
1425374.0964609033
 10
731294.9469102311
 20
1425528.6650449343
 97
0
 75
1
 76
1
 52
0.0
 41
1.0
 77
0
 78
1
 53
45.0
 43
0.0
 44
0.0
 45
-0.0883883476
 46
0.0883883476
 79
0
 98
0
  0
LWPOLYLINE
  5
91
330
17
100
AcDbEntity
  8
PARCEL_BORDER
370
50
420
3289650
100
AcDbPolyline
 90
5
 70
1
 10
731294.9469102311
 20
1425528.6650449343
 10
731480.1245515184
 20
1425420.0867728572
 10
731389.4937947227
 20
1425265.5181888265
 10
731204.3161534355
 20
1425374.0964609033
 10
731294.9469102311
 20
1425528.6650449343
  0
TEXT
  5
92
330
17
100
AcDbEntity
  8
TEXT_LABELS
100
AcDbText
 10
731342.2203524768
 20
1425397.0916168804
 30
0.0
 40
12.0
  1
P-5
 72
1
 11
731342.2203524768
 21
1425397.0916168804
 31
0.0
100
AcDbText
 73
2
  0
HATCH
  5
93
330
17
100
AcDbEntity
  8
PARCEL_L
 62
7
420
16777160
100
AcDbHatch
 10
0.0
 20
0.0
 30
0.0
210
0.0
220
0.0
230
1.0
  2
SOLID
 70
0
 71
0
 91
1
 92
3
 72
0
 73
1
 93
47
 10
731621.4461610764
 20
1424913.582929273
 10
731806.3475656374
 20
1424805.1666276485
 10
731788.2207891766
 20
1424777.0158022563
 10
731766.3140976457
 20
1424742.6779193652
 10
731765.9242980294
 20
1424742.0190641794
 10
731747.5889633883
 20
1424708.9829520443
 10
731728.5368028719
 20
1424674.5956205449
 10
731706.4924259433
 20
1424639.3171016064
 10
731691.2379479365
 20
1424613.4501959898
 10
731508.3440317593
 20
1424720.689957863
 10
731508.5178943849
 20
1424720.9864764048
 10
731512.6035267627
 20
1424720.5657230432
 10
731513.5588940392
 20
1424720.5120189604
 10
731514.0373153521
 20
1424720.508051858
 10
731514.9934418336
 20
1424720.545905704
 10
731515.4700520763
 20
1424720.587683303
 10
731516.4181833651
 20
1424720.7167484837
 10
731516.8886186419
 20
1424720.8038882639
 10
731517.8200735465
 20
1424721.0229830446
 10
731518.2800264994
 20
1424721.1546871446
 10
731519.1862765183
 20
1424721.4618054691
 10
731519.6315357739
 20
1424721.6368679926
 10
731520.5042831838
 20
1424722.029197854
 10
731520.9307718952
 20
1424722.2460159082
 10
731521.7620257279
 20
1424722.7199650912
 10
731522.1658389212
 20
1424722.9765534673
 10
731522.9479881261
 20
1424723.5277824423
 10
731523.3254284451
 20
1424723.8217917911
 10
731524.0513115806
 20
1424724.4452534465
 10
731524.3989231387
 20
1424724.7739917843
 10
731525.0618939404
 20
1424725.463977638
 10
731525.3764939703
 20
1424725.8244350024
 10
731525.9704822063
 20
1424726.5746274695
 10
731526.2491901953
 20
1424726.9635034737
 10
731526.7687572453
 20
1424727.7670337108
 10
731527.0090213141
 20
1424728.1807677655
 10
731527.4494099668
 20
1424729.0302785642
 10
731527.6490302309
 20
1424729.4650824748
 10
731528.0062082396
 20
1424730.352795622
 10
731528.1633569549
 20
1424730.804688277
 10
731528.4340539598
 20
1424731.722475776
 10
731528.5472922553
 20
1424732.187319598
 10
731528.7290297255
 20
1424733.1267780878
 10
731528.7973207799
 20
1424733.600316917
 10
731528.9055133599
 20
1424734.7915217548
 10
731529.9901181639
 20
1424757.6068395448
 10
731621.4461610764
 20
1424913.582929273
 97
0
 75
1
 76
1
 52
0.0
 41
1.0
 77
0
 78
1
 53
45.0
 43
0.0
 44
0.0
 45
-0.0883883476
 46
0.0883883476
 79
0
 98
0
  0
LWPOLYLINE
  5
94
330
17
100
AcDbEntity
  8
PARCEL_BORDER
370
50
420
3289650
100
AcDbPolyline
 90
59
 70
1
 10
731621.4461610764
 20
1424913.582929273
 10
731806.3475656374
 20
1424805.1666276485
 10
731789.8727033684
 20
1424779.5821889474
 10
731788.2478579958
 20
1424777.0580204723
 10
731788.2424373603
 20
1424777.0495810236
 10
731788.2207891766
 20
1424777.0158022563
 10
731788.2153856051
 20
1424777.0073521433
 10
731766.3944747017
 20
1424742.808250337
 10
731766.3140976457
 20
1424742.6779193652
 10
731766.0006465305
 20
1424742.1517952606
 10
731765.9242980294
 20
1424742.0190641794
 10
731747.5889633883
 20
1424708.9829520443
 10
731728.5368028719
 20
1424674.5956205449
 10
731706.5262587061
 20
1424639.3720297024
 10
731706.4924259433
 20
1424639.3171016064
 10
731706.3585178966
 20
1424639.0965253455
 10
731706.3253966363
 20
1424639.0411653111
 10
731691.2379479365
 20
1424613.4501959898
 10
731691.2299427998
 20
1424613.4554339214
 10
731508.3440317593
 20
1424720.689957863
 10
731508.5178943849
 20
1424720.9864764048
 10
731512.3650063038
 20
1424720.5848658842
 10
731512.6035267627
 20
1424720.5657230432
 10
731513.5588940392
 20
1424720.5120189604
 10
731514.0373153521
 20
1424720.508051858
 10
731514.9934418336
 20
1424720.545905704
 10
731515.4700520763
 20
1424720.587683303
 10
731516.4181833651
 20
1424720.7167484837
 10
731516.8886186419
 20
1424720.8038882639
 10
731517.8200735465
 20
1424721.0229830446
 10
731518.2800264994
 20
1424721.1546871446
 10
731519.1862765183
 20
1424721.4618054691
 10
731519.6315357739
 20
1424721.6368679926
 10
731520.5042831838
 20
1424722.029197854
 10
731520.9307718952
 20
1424722.2460159082
 10
731521.7620257279
 20
1424722.7199650912
 10
731522.1658389212
 20
1424722.9765534673
 10
731522.9479881261
 20
1424723.5277824423
 10
731523.3254284451
 20
1424723.8217917911
 10
731524.0513115806
 20
1424724.4452534465
 10
731524.3989231387
 20
1424724.7739917843
 10
731525.0618939404
 20
1424725.463977638
 10
731525.3764939703
 20
1424725.8244350024
 10
731525.9704822063
 20
1424726.5746274695
 10
731526.2491901953
 20
1424726.9635034737
 10
731526.7687572453
 20
1424727.7670337108
 10
731527.0090213141
 20
1424728.1807677655
 10
731527.4494099668
 20
1424729.0302785642
 10
731527.6490302309
 20
1424729.4650824748
 10
731528.0062082396
 20
1424730.352795622
 10
731528.1633569549
 20
1424730.804688277
 10
731528.4340539598
 20
1424731.722475776
 10
731528.5472922553
 20
1424732.187319598
 10
731528.7290297255
 20
1424733.1267780878
 10
731528.7973207799
 20
1424733.600316917
 10
731528.8884347067
 20
1424734.5528446143
 10
731528.9055133599
 20
1424734.7915217548
 10
731529.9901181639
 20
1424757.6068395448
 10
731621.4461610764
 20
1424913.582929273
  0
TEXT
  5
95
330
17
100
AcDbEntity
  8
TEXT_LABELS
100
AcDbText
 10
731657.5293754585
 20
1424763.6508447886
 30
0.0
 40
12.0
  1
P-6
 72
1
 11
731657.5293754585
 21
1424763.6508447886
 31
0.0
100
AcDbText
 73
2
  0
HATCH
  5
96
330
17
100
AcDbEntity
  8
PARCEL_L
 62
7
420
16777160
100
AcDbHatch
 10
0.0
 20
0.0
 30
0.0
210
0.0
220
0.0
230
1.0
  2
SOLID
 70
0
 71
0
 91
1
 92
3
 72
0
 73
1
 93
10
 10
731621.4461610764
 20
1424913.582929273
 10
731711.6176212308
 20
1425067.3681938879
 10
731886.2743197484
 20
1424964.9588403616
 10
731886.7296723501
 20
1424964.7338682334
 10
731851.9314115628
 20
1424883.1571225787
 10
731849.0511388564
 20
1424879.0197564813
 10
731848.335259618
 20
1424877.8866225744
 10
731810.4979096162
 20
1424811.6118542838
 10
731806.3475656374
 20
1424805.1666276485
 10
731621.4461610764
 20
1424913.582929273
 97
0
 75
1
 76
1
 52
0.0
 41
1.0
 77
0
 78
1
 53
45.0
 43
0.0
 44
0.0
 45
-0.0883883476
 46
0.0883883476
 79
0
 98
0
  0
LWPOLYLINE
  5
97
330
17
100
AcDbEntity
  8
PARCEL_BORDER
370
50
420
3289650
100
AcDbPolyline
 90
13
 70
1
 10
731621.4461610764
 20
1424913.582929273
 10
731711.6176212308
 20
1425067.3681938879
 10
731886.2743197484
 20
1424964.9588403616
 10
731886.6222783283
 20
1424964.7771439853
 10
731886.7296723501
 20
1424964.7338682334
 10
731851.9314115628
 20
1424883.1571225787
 10
731849.0511388564
 20
1424879.0197564813
 10
731848.9276047382
 20
1424878.8335674729
 10
731848.4503519125
 20
1424878.0781448681
 10
731848.335259618
 20
1424877.8866225744
 10
731810.4979096162
 20
1424811.6118542838
 10
731806.3475656374
 20
1424805.1666276485
 10
731621.4461610764
 20
1424913.582929273
  0
TEXT
  5
98
330
17
100
AcDbEntity
  8
TEXT_LABELS
100
AcDbText
 10
731757.3570273484
 20
1424936.2922594652
 30
0.0
 40
12.0
  1
P-7
 72
1
 11
731757.3570273484
 21
1424936.2922594652
 31
0.0
100
AcDbText
 73
2
  0
HATCH
  5
99
330
17
100
AcDbEntity
  8
PARCEL_L
 62
7
420
16777160
100
AcDbHatch
 10
0.0
 20
0.0
 30
0.0
210
0.0
220
0.0
230
1.0
  2
SOLID
 70
0
 71
0
 91
1
 92
3
 72
0
 73
1
 93
5
 10
731596.3545883304
 20
1424870.7898531957
 10
731411.1769470432
 20
1424979.3681252727
 10
731526.4399799436
 20
1425175.9464659647
 10
731711.6176212308
 20
1425067.3681938879
 10
731596.3545883304
 20
1424870.7898531957
 97
0
 75
1
 76
1
 52
0.0
 41
1.0
 77
0
 78
1
 53
45.0
 43
0.0
 44
0.0
 45
-0.0883883476
 46
0.0883883476
 79
0
 98
0
  0
LWPOLYLINE
  5
9A
330
17
100
AcDbEntity
  8
PARCEL_BORDER
370
50
420
3289650
100
AcDbPolyline
 90
5
 70
1
 10
731596.3545883304
 20
1424870.7898531957
 10
731411.1769470432
 20
1424979.3681252727
 10
731526.4399799436
 20
1425175.9464659647
 10
731711.6176212308
 20
1425067.3681938879
 10
731596.3545883304
 20
1424870.7898531957
  0
TEXT
  5
9B
330
17
100
AcDbEntity
  8
TEXT_LABELS
100
AcDbText
 10
731561.397284137
 20
1425023.3681595803
 30
0.0
 40
12.0
  1
P-8
 72
1
 11
731561.397284137
 21
1425023.3681595803
 31
0.0
100
AcDbText
 73
2
  0
HATCH
  5
9C
330
17
100
AcDbEntity
  8
PARCEL_L
 62
7
420
16777160
100
AcDbHatch
 10
0.0
 20
0.0
 30
0.0
210
0.0
220
0.0
230
1.0
  2
SOLID
 70
0
 71
0
 91
1
 92
3
 72
0
 73
1
 93
5
 10
731411.1769470432
 20
1424979.3681252727
 10
731225.9993057557
 20
1425087.9463973497
 10
731341.2623386562
 20
1425284.524738042
 10
731526.4399799436
 20
1425175.9464659647
 10
731411.1769470432
 20
1424979.3681252727
 97
0
 75
1
 76
1
 52
0.0
 41
1.0
 77
0
 78
1
 53
45.0
 43
0.0
 44
0.0
 45
-0.0883883476
 46
0.0883883476
 79
0
 98
0
  0
LWPOLYLINE
  5
9D
330
17
100
AcDbEntity
  8
PARCEL_BORDER
370
50
420
3289650
100
AcDbPolyline
 90
5
 70
1
 10
731411.1769470432
 20
1424979.3681252727
 10
731225.9993057557
 20
1425087.9463973497
 10
731341.2623386562
 20
1425284.524738042
 10
731526.4399799436
 20
1425175.9464659647
 10
731411.1769470432
 20
1424979.3681252727
  0
TEXT
  5
9E
330
17
100
AcDbEntity
  8
TEXT_LABELS
100
AcDbText
 10
731376.2196428495
 20
1425131.946431657
 30
0.0
 40
12.0
  1
P-9
 72
1
 11
731376.2196428495
 21
1425131.946431657
 31
0.0
100
AcDbText
 73
2
  0
HATCH
  5
9F
330
17
100
AcDbEntity
  8
PARCEL_L
 62
7
420
16777160
100
AcDbHatch
 10
0.0
 20
0.0
 30
0.0
210
0.0
220
0.0
230
1.0
  2
SOLID
 70
0
 71
0
 91
1
 92
3
 72
0
 73
1
 93
5
 10
731159.4012150364
 20
1424694.746404042
 10
731245.9954449097
 20
1424604.8898516966
 10
731237.853391529
 20
1424404.1504091008
 10
731052.6757502417
 20
1424512.728681178
 10
731159.4012150364
 20
1424694.746404042
 97
0
 75
1
 76
1
 52
0.0
 41
1.0
 77
0
 78
1
 53
45.0
 43
0.0
 44
0.0
 45
-0.0883883476
 46
0.0883883476
 79
0
 98
0
  0
LWPOLYLINE
  5
A0
330
17
100
AcDbEntity
  8
PARCEL_BORDER
370
50
420
3289650
100
AcDbPolyline
 90
5
 70
1
 10
731159.4012150364
 20
1424694.746404042
 10
731245.9954449097
 20
1424604.8898516966
 10
731237.853391529
 20
1424404.1504091008
 10
731052.6757502417
 20
1424512.728681178
 10
731159.4012150364
 20
1424694.746404042
  0
TEXT
  5
A1
330
17
100
AcDbEntity
  8
TEXT_LABELS
100
AcDbText
 10
731168.3860237934
 20
1424545.9847220865
 30
0.0
 40
12.0
  1
P-10
 72
1
 11
731168.3860237934
 21
1424545.9847220865
 31
0.0
100
AcDbText
 73
2
  0
HATCH
  5
A2
330
17
100
AcDbEntity
  8
PARCEL_L
 62
7
420
16777160
100
AcDbHatch
 10
0.0
 20
0.0
 30
0.0
210
0.0
220
0.0
230
1.0
  2
SOLID
 70
0
 71
0
 91
1
 92
3
 72
0
 73
1
 93
7
 10
730980.6004757015
 20
1424814.2003295962
 10
731127.1040382378
 20
1424728.2984703719
 10
731139.9597519479
 20
1424714.9202984024
 10
731159.4012150364
 20
1424694.746404042
 10
731052.6757502417
 20
1424512.728681178
 10
730867.4981089545
 20
1424621.306953255
 10
730980.6004757015
 20
1424814.2003295962
 97
0
 75
1
 76
1
 52
0.0
 41
1.0
 77
0
 78
1
 53
45.0
 43
0.0
 44
0.0
 45
-0.0883883476
 46
0.0883883476
 79
0
 98
0
  0
LWPOLYLINE
  5
A3
330
17
100
AcDbEntity
  8
PARCEL_BORDER
370
50
420
3289650
100
AcDbPolyline
 90
8
 70
1
 10
730980.6004757015
 20
1424814.2003295962
 10
731127.1040382378
 20
1424728.2984703719
 10
731139.9473849338
 20
1424714.9331515003
 10
731139.9597519479
 20
1424714.9202984024
 10
731159.4012150364
 20
1424694.746404042
 10
731052.6757502417
 20
1424512.728681178
 10
730867.4981089545
 20
1424621.306953255
 10
730980.6004757015
 20
1424814.2003295962
  0
TEXT
  5
A4
330
17
100
AcDbEntity
  8
TEXT_LABELS
100
AcDbText
 10
731015.8427898278
 20
1424663.191146887
 30
0.0
 40
12.0
  1
P-11
 72
1
 11
731015.8427898278
 21
1424663.191146887
 31
0.0
100
AcDbText
 73
2
  0
HATCH
  5
A5
330
17
100
AcDbEntity
  8
PARCEL_L
 62
7
420
16777160
100
AcDbHatch
 10
0.0
 20
0.0
 30
0.0
210
0.0
220
0.0
230
1.0
  2
SOLID
 70
0
 71
0
 91
1
 92
3
 72
0
 73
1
 93
5
 10
730980.6004757015
 20
1424814.2003295962
 10
730795.4228344143
 20
1424922.7786016732
 10
730885.5940571385
 20
1425076.563461357
 10
731070.7716984258
 20
1424967.9851892798
 10
730980.6004757015
 20
1424814.2003295962
 97
0
 75
1
 76
1
 52
0.0
 41
1.0
 77
0
 78
1
 53
45.0
 43
0.0
 44
0.0
 45
-0.0883883476
 46
0.0883883476
 79
0
 98
0
  0
LWPOLYLINE
  5
A6
330
17
100
AcDbEntity
  8
PARCEL_BORDER
370
50
420
3289650
100
AcDbPolyline
 90
5
 70
1
 10
730980.6004757015
 20
1424814.2003295962
 10
730795.4228344143
 20
1424922.7786016732
 10
730885.5940571385
 20
1425076.563461357
 10
731070.7716984258
 20
1424967.9851892798
 10
730980.6004757015
 20
1424814.2003295962
  0
TEXT
  5
A7
330
17
100
AcDbEntity
  8
TEXT_LABELS
100
AcDbText
 10
730933.09726642
 20
1424945.3818954765
 30
0.0
 40
12.0
  1
P-12
 72
1
 11
730933.09726642
 21
1424945.3818954765
 31
0.0
100
AcDbText
 73
2
  0
HATCH
  5
A8
330
17
100
AcDbEntity
  8
PARCEL_L
 62
7
420
16777160
100
AcDbHatch
 10
0.0
 20
0.0
 30
0.0
210
0.0
220
0.0
230
1.0
  2
SOLID
 70
0
 71
0
 91
1
 92
3
 72
0
 73
1
 93
5
 10
730610.2451931268
 20
1425031.3568737502
 10
730795.4228344143
 20
1424922.7786016732
 10
730682.3204676673
 20
1424729.885225332
 10
730497.1428263799
 20
1424838.4634974091
 10
730610.2451931268
 20
1425031.3568737502
 97
0
 75
1
 76
1
 52
0.0
 41
1.0
 77
0
 78
1
 53
45.0
 43
0.0
 44
0.0
 45
-0.0883883476
 46
0.0883883476
 79
0
 98
0
  0
LWPOLYLINE
  5
A9
330
17
100
AcDbEntity
  8
PARCEL_BORDER
370
50
420
3289650
100
AcDbPolyline
 90
5
 70
1
 10
730610.2451931268
 20
1425031.3568737502
 10
730795.4228344143
 20
1424922.7786016732
 10
730682.3204676673
 20
1424729.885225332
 10
730497.1428263799
 20
1424838.4634974091
 10
730610.2451931268
 20
1425031.3568737502
  0
TEXT
  5
AA
330
17
100
AcDbEntity
  8
TEXT_LABELS
100
AcDbText
 10
730646.282830397
 20
1424880.621049541
 30
0.0
 40
12.0
  1
P-13
 72
1
 11
730646.282830397
 21
1424880.621049541
 31
0.0
100
AcDbText
 73
2
  0
HATCH
  5
AB
330
17
100
AcDbEntity
  8
PARCEL_L
 62
7
420
16777160
100
AcDbHatch
 10
0.0
 20
0.0
 30
0.0
210
0.0
220
0.0
230
1.0
  2
SOLID
 70
0
 71
0
 91
1
 92
3
 72
0
 73
1
 93
5
 10
730795.4228344143
 20
1424922.7786016732
 10
730610.2451931268
 20
1425031.3568737502
 10
730700.4164158511
 20
1425185.1417334338
 10
730885.5940571385
 20
1425076.563461357
 10
730795.4228344143
 20
1424922.7786016732
 97
0
 75
1
 76
1
 52
0.0
 41
1.0
 77
0
 78
1
 53
45.0
 43
0.0
 44
0.0
 45
-0.0883883476
 46
0.0883883476
 79
0
 98
0
  0
LWPOLYLINE
  5
AC
330
17
100
AcDbEntity
  8
PARCEL_BORDER
370
50
420
3289650
100
AcDbPolyline
 90
5
 70
1
 10
730795.4228344143
 20
1424922.7786016732
 10
730610.2451931268
 20
1425031.3568737502
 10
730700.4164158511
 20
1425185.1417334338
 10
730885.5940571385
 20
1425076.563461357
 10
730795.4228344143
 20
1424922.7786016732
  0
TEXT
  5
AD
330
17
100
AcDbEntity
  8
TEXT_LABELS
100
AcDbText
 10
730747.9196251328
 20
1425053.9601675535
 30
0.0
 40
12.0
  1
P-14
 72
1
 11
730747.9196251328
 21
1425053.9601675535
 31
0.0
100
AcDbText
 73
2
  0
HATCH
  5
AE
330
17
100
AcDbEntity
  8
PARCEL_L
 62
7
420
16777160
100
AcDbHatch
 10
0.0
 20
0.0
 30
0.0
210
0.0
220
0.0
230
1.0
  2
SOLID
 70
0
 71
0
 91
1
 92
3
 72
0
 73
1
 93
5
 10
730686.2560828801
 20
1425160.9916248599
 10
730497.1428263799
 20
1424838.4634974091
 10
730386.3942205665
 20
1424903.400560926
 10
730575.507477067
 20
1425225.9286883767
 10
730686.2560828801
 20
1425160.9916248599
 97
0
 75
1
 76
1
 52
0.0
 41
1.0
 77
0
 78
1
 53
45.0
 43
0.0
 44
0.0
 45
-0.0883883476
 46
0.0883883476
 79
0
 98
0
  0
LWPOLYLINE
  5
AF
330
17
100
AcDbEntity
  8
PARCEL_BORDER
370
50
420
3289650
100
AcDbPolyline
 90
5
 70
1
 10
730686.2560828801
 20
1425160.9916248599
 10
730497.1428263799
 20
1424838.4634974091
 10
730386.3942205665
 20
1424903.400560926
 10
730575.507477067
 20
1425225.9286883767
 10
730686.2560828801
 20
1425160.9916248599
  0
TEXT
  5
B0
330
17
100
AcDbEntity
  8
TEXT_LABELS
100
AcDbText
 10
730536.3251517233
 20
1425032.196092893
 30
0.0
 40
12.0
  1
P-15
 72
1
 11
730536.3251517233
 21
1425032.196092893
 31
0.0
100
AcDbText
 73
2
  0
HATCH
  5
B1
330
17
100
AcDbEntity
  8
PARCEL_L
 62
7
420
16777160
100
AcDbHatch
 10
0.0
 20
0.0
 30
0.0
210
0.0
220
0.0
230
1.0
  2
SOLID
 70
0
 71
0
 91
1
 92
3
 72
0
 73
1
 93
5
 10
731143.2627423785
 20
1424243.6830659749
 10
731228.0633588242
 20
1424193.9605166393
 10
731215.3380169189
 20
1423942.211417557
 10
731030.1603756316
 20
1424050.7896896342
 10
731143.2627423785
 20
1424243.6830659749
 97
0
 75
1
 76
1
 52
0.0
 41
1.0
 77
0
 78
1
 53
45.0
 43
0.0
 44
0.0
 45
-0.0883883476
 46
0.0883883476
 79
0
 98
0
  0
LWPOLYLINE
  5
B2
330
17
100
AcDbEntity
  8
PARCEL_BORDER
370
50
420
3289650
100
AcDbPolyline
 90
5
 70
1
 10
731143.2627423785
 20
1424243.6830659749
 10
731228.0633588242
 20
1424193.9605166393
 10
731215.3380169189
 20
1423942.211417557
 10
731030.1603756316
 20
1424050.7896896342
 10
731143.2627423785
 20
1424243.6830659749
  0
TEXT
  5
B3
330
17
100
AcDbEntity
  8
TEXT_LABELS
100
AcDbText
 10
731150.3075962188
 20
1424093.8847887602
 30
0.0
 40
12.0
  1
P-16
 72
1
 11
731150.3075962188
 21
1424093.8847887602
 31
0.0
100
AcDbText
 73
2
  0
HATCH
  5
B4
330
17
100
AcDbEntity
  8
PARCEL_L
 62
7
420
16777160
100
AcDbHatch
 10
0.0
 20
0.0
 30
0.0
210
0.0
220
0.0
230
1.0
  2
SOLID
 70
0
 71
0
 91
1
 92
3
 72
0
 73
1
 93
5
 10
730958.0851010911
 20
1424352.261338052
 10
731143.2627423785
 20
1424243.6830659749
 10
731030.1603756316
 20
1424050.7896896342
 10
730844.9827343441
 20
1424159.367961711
 10
730958.0851010911
 20
1424352.261338052
 97
0
 75
1
 76
1
 52
0.0
 41
1.0
 77
0
 78
1
 53
45.0
 43
0.0
 44
0.0
 45
-0.0883883476
 46
0.0883883476
 79
0
 98
0
  0
LWPOLYLINE
  5
B5
330
17
100
AcDbEntity
  8
PARCEL_BORDER
370
50
420
3289650
100
AcDbPolyline
 90
5
 70
1
 10
730958.0851010911
 20
1424352.261338052
 10
731143.2627423785
 20
1424243.6830659749
 10
731030.1603756316
 20
1424050.7896896342
 10
730844.9827343441
 20
1424159.367961711
 10
730958.0851010911
 20
1424352.261338052
  0
TEXT
  5
B6
330
17
100
AcDbEntity
  8
TEXT_LABELS
100
AcDbText
 10
730994.1227383614
 20
1424201.5255138432
 30
0.0
 40
12.0
  1
P-17
 72
1
 11
730994.1227383614
 21
1424201.5255138432
 31
0.0
100
AcDbText
 73
2
  0
HATCH
  5
B7
330
17
100
AcDbEntity
  8
PARCEL_L
 62
7
420
16777160
100
AcDbHatch
 10
0.0
 20
0.0
 30
0.0
210
0.0
220
0.0
230
1.0
  2
SOLID
 70
0
 71
0
 91
1
 92
3
 72
0
 73
1
 93
5
 10
731143.2627423785
 20
1424243.6830659749
 10
730958.0851010911
 20
1424352.261338052
 10
731048.2563238153
 20
1424506.0461977357
 10
731233.4339651028
 20
1424397.4679256587
 10
731143.2627423785
 20
1424243.6830659749
 97
0
 75
1
 76
1
 52
0.0
 41
1.0
 77
0
 78
1
 53
45.0
 43
0.0
 44
0.0
 45
-0.0883883476
 46
0.0883883476
 79
0
 98
0
  0
LWPOLYLINE
  5
B8
330
17
100
AcDbEntity
  8
PARCEL_BORDER
370
50
420
3289650
100
AcDbPolyline
 90
5
 70
1
 10
731143.2627423785
 20
1424243.6830659749
 10
730958.0851010911
 20
1424352.261338052
 10
731048.2563238153
 20
1424506.0461977357
 10
731233.4339651028
 20
1424397.4679256587
 10
731143.2627423785
 20
1424243.6830659749
  0
TEXT
  5
B9
330
17
100
AcDbEntity
  8
TEXT_LABELS
100
AcDbText
 10
731095.759533097
 20
1424374.8646318554
 30
0.0
 40
12.0
  1
P-18
 72
1
 11
731095.759533097
 21
1424374.8646318554
 31
0.0
100
AcDbText
 73
2
  0
HATCH
  5
BA
330
17
100
AcDbEntity
  8
PARCEL_L
 62
7
420
16777160
100
AcDbHatch
 10
0.0
 20
0.0
 30
0.0
210
0.0
220
0.0
230
1.0
  2
SOLID
 70
0
 71
0
 91
1
 92
3
 72
0
 73
1
 93
5
 10
730772.9074598039
 20
1424460.839610129
 10
730958.0851010911
 20
1424352.261338052
 10
730844.9827343441
 20
1424159.367961711
 10
730659.8050930569
 20
1424267.946233788
 10
730772.9074598039
 20
1424460.839610129
 97
0
 75
1
 76
1
 52
0.0
 41
1.0
 77
0
 78
1
 53
45.0
 43
0.0
 44
0.0
 45
-0.0883883476
 46
0.0883883476
 79
0
 98
0
  0
LWPOLYLINE
  5
BB
330
17
100
AcDbEntity
  8
PARCEL_BORDER
370
50
420
3289650
100
AcDbPolyline
 90
5
 70
1
 10
730772.9074598039
 20
1424460.839610129
 10
730958.0851010911
 20
1424352.261338052
 10
730844.9827343441
 20
1424159.367961711
 10
730659.8050930569
 20
1424267.946233788
 10
730772.9074598039
 20
1424460.839610129
  0
TEXT
  5
BC
330
17
100
AcDbEntity
  8
TEXT_LABELS
100
AcDbText
 10
730808.945097074
 20
1424310.1037859202
 30
0.0
 40
12.0
  1
P-19
 72
1
 11
730808.945097074
 21
1424310.1037859202
 31
0.0
100
AcDbText
 73
2
  0
HATCH
  5
BD
330
17
100
AcDbEntity
  8
PARCEL_L
 62
7
420
16777160
100
AcDbHatch
 10
0.0
 20
0.0
 30
0.0
210
0.0
220
0.0
230
1.0
  2
SOLID
 70
0
 71
0
 91
1
 92
3
 72
0
 73
1
 93
5
 10
730958.0851010911
 20
1424352.261338052
 10
730772.9074598039
 20
1424460.839610129
 10
730863.0786825281
 20
1424614.6244698127
 10
731048.2563238153
 20
1424506.0461977357
 10
730958.0851010911
 20
1424352.261338052
 97
0
 75
1
 76
1
 52
0.0
 41
1.0
 77
0
 78
1
 53
45.0
 43
0.0
 44
0.0
 45
-0.0883883476
 46
0.0883883476
 79
0
 98
0
  0
LWPOLYLINE
  5
BE
330
17
100
AcDbEntity
  8
PARCEL_BORDER
370
50
420
3289650
100
AcDbPolyline
 90
5
 70
1
 10
730958.0851010911
 20
1424352.261338052
 10
730772.9074598039
 20
1424460.839610129
 10
730863.0786825281
 20
1424614.6244698127
 10
731048.2563238153
 20
1424506.0461977357
 10
730958.0851010911
 20
1424352.261338052
  0
TEXT
  5
BF
330
17
100
AcDbEntity
  8
TEXT_LABELS
100
AcDbText
 10
730910.5818918096
 20
1424483.4429039326
 30
0.0
 40
12.0
  1
P-20
 72
1
 11
730910.5818918096
 21
1424483.4429039326
 31
0.0
100
AcDbText
 73
2
  0
HATCH
  5
C0
330
17
100
AcDbEntity
  8
PARCEL_L
 62
7
420
16777160
100
AcDbHatch
 10
0.0
 20
0.0
 30
0.0
210
0.0
220
0.0
230
1.0
  2
SOLID
 70
0
 71
0
 91
1
 92
3
 72
0
 73
1
 93
5
 10
730587.7298185166
 20
1424569.4178822062
 10
730772.9074598039
 20
1424460.839610129
 10
730659.8050930569
 20
1424267.946233788
 10
730474.6274517697
 20
1424376.524505865
 10
730587.7298185166
 20
1424569.4178822062
 97
0
 75
1
 76
1
 52
0.0
 41
1.0
 77
0
 78
1
 53
45.0
 43
0.0
 44
0.0
 45
-0.0883883476
 46
0.0883883476
 79
0
 98
0
  0
LWPOLYLINE
  5
C1
330
17
100
AcDbEntity
  8
PARCEL_BORDER
370
50
420
3289650
100
AcDbPolyline
 90
5
 70
1
 10
730587.7298185166
 20
1424569.4178822062
 10
730772.9074598039
 20
1424460.839610129
 10
730659.8050930569
 20
1424267.946233788
 10
730474.6274517697
 20
1424376.524505865
 10
730587.7298185166
 20
1424569.4178822062
  0
TEXT
  5
C2
330
17
100
AcDbEntity
  8
TEXT_LABELS
100
AcDbText
 10
730623.7674557866
 20
1424418.682057997
 30
0.0
 40
12.0
  1
P-21
 72
1
 11
730623.7674557866
 21
1424418.682057997
 31
0.0
100
AcDbText
 73
2
  0
HATCH
  5
C3
330
17
100
AcDbEntity
  8
PARCEL_L
 62
7
420
16777160
100
AcDbHatch
 10
0.0
 20
0.0
 30
0.0
210
0.0
220
0.0
230
1.0
  2
SOLID
 70
0
 71
0
 91
1
 92
3
 72
0
 73
1
 93
5
 10
730772.9074598039
 20
1424460.839610129
 10
730587.7298185166
 20
1424569.4178822062
 10
730677.9010412409
 20
1424723.20274189
 10
730863.0786825281
 20
1424614.6244698127
 10
730772.9074598039
 20
1424460.839610129
 97
0
 75
1
 76
1
 52
0.0
 41
1.0
 77
0
 78
1
 53
45.0
 43
0.0
 44
0.0
 45
-0.0883883476
 46
0.0883883476
 79
0
 98
0
  0
LWPOLYLINE
  5
C4
330
17
100
AcDbEntity
  8
PARCEL_BORDER
370
50
420
3289650
100
AcDbPolyline
 90
5
 70
1
 10
730772.9074598039
 20
1424460.839610129
 10
730587.7298185166
 20
1424569.4178822062
 10
730677.9010412409
 20
1424723.20274189
 10
730863.0786825281
 20
1424614.6244698127
 10
730772.9074598039
 20
1424460.839610129
  0
TEXT
  5
C5
330
17
100
AcDbEntity
  8
TEXT_LABELS
100
AcDbText
 10
730725.4042505225
 20
1424592.0211760094
 30
0.0
 40
12.0
  1
P-22
 72
1
 11
730725.4042505225
 21
1424592.0211760094
 31
0.0
100
AcDbText
 73
2
  0
HATCH
  5
C6
330
17
100
AcDbEntity
  8
PARCEL_L
 62
7
420
16777160
100
AcDbHatch
 10
0.0
 20
0.0
 30
0.0
210
0.0
220
0.0
230
1.0
  2
SOLID
 70
0
 71
0
 91
1
 92
3
 72
0
 73
1
 93
5
 10
730402.5521772294
 20
1424677.9961542832
 10
730587.7298185166
 20
1424569.4178822062
 10
730474.6274517697
 20
1424376.524505865
 10
730289.4498104823
 20
1424485.102777942
 10
730402.5521772294
 20
1424677.9961542832
 97
0
 75
1
 76
1
 52
0.0
 41
1.0
 77
0
 78
1
 53
45.0
 43
0.0
 44
0.0
 45
-0.0883883476
 46
0.0883883476
 79
0
 98
0
  0
LWPOLYLINE
  5
C7
330
17
100
AcDbEntity
  8
PARCEL_BORDER
370
50
420
3289650
100
AcDbPolyline
 90
5
 70
1
 10
730402.5521772294
 20
1424677.9961542832
 10
730587.7298185166
 20
1424569.4178822062
 10
730474.6274517697
 20
1424376.524505865
 10
730289.4498104823
 20
1424485.102777942
 10
730402.5521772294
 20
1424677.9961542832
  0
TEXT
  5
C8
330
17
100
AcDbEntity
  8
TEXT_LABELS
100
AcDbText
 10
730438.5898144995
 20
1424527.260330074
 30
0.0
 40
12.0
  1
P-23
 72
1
 11
730438.5898144995
 21
1424527.260330074
 31
0.0
100
AcDbText
 73
2
  0
HATCH
  5
C9
330
17
100
AcDbEntity
  8
PARCEL_L
 62
7
420
16777160
100
AcDbHatch
 10
0.0
 20
0.0
 30
0.0
210
0.0
220
0.0
230
1.0
  2
SOLID
 70
0
 71
0
 91
1
 92
3
 72
0
 73
1
 93
5
 10
730587.7298185166
 20
1424569.4178822062
 10
730402.5521772294
 20
1424677.9961542832
 10
730492.7233999537
 20
1424831.7810139668
 10
730677.9010412409
 20
1424723.20274189
 10
730587.7298185166
 20
1424569.4178822062
 97
0
 75
1
 76
1
 52
0.0
 41
1.0
 77
0
 78
1
 53
45.0
 43
0.0
 44
0.0
 45
-0.0883883476
 46
0.0883883476
 79
0
 98
0
  0
LWPOLYLINE
  5
CA
330
17
100
AcDbEntity
  8
PARCEL_BORDER
370
50
420
3289650
100
AcDbPolyline
 90
5
 70
1
 10
730587.7298185166
 20
1424569.4178822062
 10
730402.5521772294
 20
1424677.9961542832
 10
730492.7233999537
 20
1424831.7810139668
 10
730677.9010412409
 20
1424723.20274189
 10
730587.7298185166
 20
1424569.4178822062
  0
TEXT
  5
CB
330
17
100
AcDbEntity
  8
TEXT_LABELS
100
AcDbText
 10
730540.2266092352
 20
1424700.5994480865
 30
0.0
 40
12.0
  1
P-24
 72
1
 11
730540.2266092352
 21
1424700.5994480865
 31
0.0
100
AcDbText
 73
2
  0
HATCH
  5
CC
330
17
100
AcDbEntity
  8
PARCEL_L
 62
7
420
16777160
100
AcDbHatch
 10
0.0
 20
0.0
 30
0.0
210
0.0
220
0.0
230
1.0
  2
SOLID
 70
0
 71
0
 91
1
 92
3
 72
0
 73
1
 93
5
 10
730479.2020700683
 20
1424808.7207098443
 10
730289.4498104823
 20
1424485.102777942
 10
730179.074157808
 20
1424549.8211616704
 10
730368.826417394
 20
1424873.4390935726
 10
730479.2020700683
 20
1424808.7207098443
 97
0
 75
1
 76
1
 52
0.0
 41
1.0
 77
0
 78
1
 53
45.0
 43
0.0
 44
0.0
 45
-0.0883883476
 46
0.0883883476
 79
0
 98
0
  0
LWPOLYLINE
  5
CD
330
17
100
AcDbEntity
  8
PARCEL_BORDER
370
50
420
3289650
100
AcDbPolyline
 90
5
 70
1
 10
730479.2020700683
 20
1424808.7207098443
 10
730289.4498104823
 20
1424485.102777942
 10
730179.074157808
 20
1424549.8211616704
 10
730368.826417394
 20
1424873.4390935726
 10
730479.2020700683
 20
1424808.7207098443
  0
TEXT
  5
CE
330
17
100
AcDbEntity
  8
TEXT_LABELS
100
AcDbText
 10
730329.1381139383
 20
1424679.2709357576
 30
0.0
 40
12.0
  1
P-25
 72
1
 11
730329.1381139383
 21
1424679.2709357576
 31
0.0
100
AcDbText
 73
2
  0
HATCH
  5
CF
330
17
100
AcDbEntity
  8
PARCEL_L
 62
7
420
16777160
100
AcDbHatch
 10
0.0
 20
0.0
 30
0.0
210
0.0
220
0.0
230
1.0
  2
SOLID
 70
0
 71
0
 91
1
 92
3
 72
0
 73
1
 93
5
 10
730905.9139656543
 20
1424114.367345222
 10
731091.0916069415
 20
1424005.7890731448
 10
731017.0558604372
 20
1423879.522881518
 10
730821.6811834795
 20
1423970.7103535994
 10
730905.9139656543
 20
1424114.367345222
 97
0
 75
1
 76
1
 52
0.0
 41
1.0
 77
0
 78
1
 53
45.0
 43
0.0
 44
0.0
 45
-0.0883883476
 46
0.0883883476
 79
0
 98
0
  0
LWPOLYLINE
  5
D0
330
17
100
AcDbEntity
  8
PARCEL_BORDER
370
50
420
3289650
100
AcDbPolyline
 90
5
 70
1
 10
730905.9139656543
 20
1424114.367345222
 10
731091.0916069415
 20
1424005.7890731448
 10
731017.0558604372
 20
1423879.522881518
 10
730821.6811834795
 20
1423970.7103535994
 10
730905.9139656543
 20
1424114.367345222
  0
TEXT
  5
D1
330
17
100
AcDbEntity
  8
TEXT_LABELS
100
AcDbText
 10
730956.8924465091
 20
1423993.6699673166
 30
0.0
 40
12.0
  1
P-26
 72
1
 11
730956.8924465091
 21
1423993.6699673166
 31
0.0
100
AcDbText
 73
2
  0
HATCH
  5
D2
330
17
100
AcDbEntity
  8
PARCEL_L
 62
7
420
16777160
100
AcDbHatch
 10
0.0
 20
0.0
 30
0.0
210
0.0
220
0.0
230
1.0
  2
SOLID
 70
0
 71
0
 91
1
 92
3
 72
0
 73
1
 93
7
 10
730720.7363243669
 20
1424222.945617299
 10
730905.9139656543
 20
1424114.367345222
 10
730821.6811834795
 20
1423970.7103535994
 10
730751.3459904819
 20
1424003.553612676
 10
730737.8979173889
 20
1424009.6875008072
 10
730629.1308805068
 20
1424066.714727835
 10
730720.7363243669
 20
1424222.945617299
 97
0
 75
1
 76
1
 52
0.0
 41
1.0
 77
0
 78
1
 53
45.0
 43
0.0
 44
0.0
 45
-0.0883883476
 46
0.0883883476
 79
0
 98
0
  0
LWPOLYLINE
  5
D3
330
17
100
AcDbEntity
  8
PARCEL_BORDER
370
50
420
3289650
100
AcDbPolyline
 90
12
 70
1
 10
730720.7363243669
 20
1424222.945617299
 10
730905.9139656543
 20
1424114.367345222
 10
730821.6811834795
 20
1423970.7103535994
 10
730817.4787119206
 20
1423972.6717785082
 10
730751.3459904819
 20
1424003.553612676
 10
730751.3256131996
 20
1424003.5630725012
 10
730751.2440194702
 20
1424003.6007284943
 10
730751.2235998879
 20
1424003.6100966663
 10
730737.8979173889
 20
1424009.6875008072
 10
730664.8111747451
 20
1424048.0073299117
 10
730629.1308805068
 20
1424066.714727835
 10
730720.7363243669
 20
1424222.945617299
  0
TEXT
  5
D4
330
17
100
AcDbEntity
  8
TEXT_LABELS
100
AcDbText
 10
730767.7698124123
 20
1424093.8489727497
 30
0.0
 40
12.0
  1
P-27
 72
1
 11
730767.7698124123
 21
1424093.8489727497
 31
0.0
100
AcDbText
 73
2
  0
HATCH
  5
D5
330
17
100
AcDbEntity
  8
PARCEL_M
 62
7
420
13163775
100
AcDbHatch
 10
0.0
 20
0.0
 30
0.0
210
0.0
220
0.0
230
1.0
  2
SOLID
 70
0
 71
0
 91
1
 92
3
 72
0
 73
1
 93
5
 10
730629.4142450802
 20
1424067.1979993249
 10
730483.018465529
 20
1424153.0366603674
 10
730574.3405448156
 20
1424308.7842783413
 10
730720.7363243669
 20
1424222.945617299
 10
730629.4142450802
 20
1424067.1979993249
 97
0
 75
1
 76
1
 52
0.0
 41
1.0
 77
0
 78
1
 53
45.0
 43
0.0
 44
0.0
 45
-0.0883883476
 46
0.0883883476
 79
0
 98
0
  0
LWPOLYLINE
  5
D6
330
17
100
AcDbEntity
  8
PARCEL_BORDER
370
50
420
3289650
100
AcDbPolyline
 90
5
 70
1
 10
730629.4142450802
 20
1424067.1979993249
 10
730483.018465529
 20
1424153.0366603674
 10
730574.3405448156
 20
1424308.7842783413
 10
730720.7363243669
 20
1424222.945617299
 10
730629.4142450802
 20
1424067.1979993249
  0
TEXT
  5
D7
330
17
100
AcDbEntity
  8
TEXT_LABELS
100
AcDbText
 10
730601.8773949479
 20
1424187.991138833
 30
0.0
 40
12.0
  1
P-28
 72
1
 11
730601.8773949479
 21
1424187.991138833
 31
0.0
100
AcDbText
 73
2
  0
HATCH
  5
D8
330
17
100
AcDbEntity
  8
PARCEL_M
 62
7
420
13163775
100
AcDbHatch
 10
0.0
 20
0.0
 30
0.0
210
0.0
220
0.0
230
1.0
  2
SOLID
 70
0
 71
0
 91
1
 92
3
 72
0
 73
1
 93
5
 10
730483.018465529
 20
1424153.0366603674
 10
730336.6226859775
 20
1424238.8753214094
 10
730427.9447652642
 20
1424394.6229393834
 10
730574.3405448156
 20
1424308.7842783413
 10
730483.018465529
 20
1424153.0366603674
 97
0
 75
1
 76
1
 52
0.0
 41
1.0
 77
0
 78
1
 53
45.0
 43
0.0
 44
0.0
 45
-0.0883883476
 46
0.0883883476
 79
0
 98
0
  0
LWPOLYLINE
  5
D9
330
17
100
AcDbEntity
  8
PARCEL_BORDER
370
50
420
3289650
100
AcDbPolyline
 90
5
 70
1
 10
730483.018465529
 20
1424153.0366603674
 10
730336.6226859775
 20
1424238.8753214094
 10
730427.9447652642
 20
1424394.6229393834
 10
730574.3405448156
 20
1424308.7842783413
 10
730483.018465529
 20
1424153.0366603674
  0
TEXT
  5
DA
330
17
100
AcDbEntity
  8
TEXT_LABELS
100
AcDbText
 10
730455.4816153966
 20
1424273.8297998754
 30
0.0
 40
12.0
  1
P-29
 72
1
 11
730455.4816153966
 21
1424273.8297998754
 31
0.0
100
AcDbText
 73
2
  0
HATCH
  5
DB
330
17
100
AcDbEntity
  8
PARCEL_M
 62
7
420
13163775
100
AcDbHatch
 10
0.0
 20
0.0
 30
0.0
210
0.0
220
0.0
230
1.0
  2
SOLID
 70
0
 71
0
 91
1
 92
3
 72
0
 73
1
 93
5
 10
730336.6226859775
 20
1424238.8753214094
 10
730190.2269064263
 20
1424324.7139824517
 10
730281.5489857129
 20
1424480.461600426
 10
730427.9447652642
 20
1424394.6229393834
 10
730336.6226859775
 20
1424238.8753214094
 97
0
 75
1
 76
1
 52
0.0
 41
1.0
 77
0
 78
1
 53
45.0
 43
0.0
 44
0.0
 45
-0.0883883476
 46
0.0883883476
 79
0
 98
0
  0
LWPOLYLINE
  5
DC
330
17
100
AcDbEntity
  8
PARCEL_BORDER
370
50
420
3289650
100
AcDbPolyline
 90
5
 70
1
 10
730336.6226859775
 20
1424238.8753214094
 10
730190.2269064263
 20
1424324.7139824517
 10
730281.5489857129
 20
1424480.461600426
 10
730427.9447652642
 20
1424394.6229393834
 10
730336.6226859775
 20
1424238.8753214094
  0
TEXT
  5
DD
330
17
100
AcDbEntity
  8
TEXT_LABELS
100
AcDbText
 10
730309.0858358452
 20
1424359.6684609177
 30
0.0
 40
12.0
  1
P-30
 72
1
 11
730309.0858358452
 21
1424359.6684609177
 31
0.0
100
AcDbText
 73
2
  0
HATCH
  5
DE
330
17
100
AcDbEntity
  8
PARCEL_M
 62
7
420
13163775
100
AcDbHatch
 10
0.0
 20
0.0
 30
0.0
210
0.0
220
0.0
230
1.0
  2
SOLID
 70
0
 71
0
 91
1
 92
3
 72
0
 73
1
 93
6
 10
730175.0276845207
 20
1424542.91999844
 10
730281.5489857129
 20
1424480.461600426
 10
730187.0008998723
 20
1424319.212105575
 10
730177.7124773222
 20
1424325.243773629
 10
730082.0941685042
 20
1424384.4241137363
 10
730175.0276845207
 20
1424542.91999844
 97
0
 75
1
 76
1
 52
0.0
 41
1.0
 77
0
 78
1
 53
45.0
 43
0.0
 44
0.0
 45
-0.0883883476
 46
0.0883883476
 79
0
 98
0
  0
LWPOLYLINE
  5
DF
330
17
100
AcDbEntity
  8
PARCEL_BORDER
370
50
420
3289650
100
AcDbPolyline
 90
9
 70
1
 10
730175.0276845207
 20
1424542.91999844
 10
730281.5489857129
 20
1424480.461600426
 10
730187.0008998723
 20
1424319.212105575
 10
730177.991746658
 20
1424325.0666401533
 10
730177.9453644947
 20
1424325.0964189528
 10
730177.7591849379
 20
1424325.2145079363
 10
730177.7124773222
 20
1424325.243773629
 10
730082.0941685042
 20
1424384.4241137363
 10
730175.0276845207
 20
1424542.91999844
  0
TEXT
  5
E0
330
17
100
AcDbEntity
  8
TEXT_LABELS
100
AcDbText
 10
730181.5889632875
 20
1424431.7153711668
 30
0.0
 40
12.0
  1
P-31
 72
1
 11
730181.5889632875
 21
1424431.7153711668
 31
0.0
100
AcDbText
 73
2
  0
HATCH
  5
E1
330
17
100
AcDbEntity
  8
PARCEL_M
 62
7
420
13163775
100
AcDbHatch
 10
0.0
 20
0.0
 30
0.0
210
0.0
220
0.0
230
1.0
  2
SOLID
 70
0
 71
0
 91
1
 92
3
 72
0
 73
1
 93
36
 10
730888.0511964345
 20
1425798.4614691865
 10
730783.8004830969
 20
1425620.6643756328
 10
730658.2376162605
 20
1425694.2877300687
 10
730676.2325316616
 20
1425685.2486312317
 10
730677.157090071
 20
1425684.840982245
 10
730677.6290765302
 20
1425684.66077328
 10
730678.5900529549
 20
1425684.3485069503
 10
730679.0778157078
 20
1425684.2168483643
 10
730680.0653987131
 20
1425684.0031528869
 10
730680.5639577731
 20
1425683.921388895
 10
730681.5680642754
 20
1425683.8084460704
 10
730682.0723294262
 20
1425683.7774114718
 10
730683.0827076392
 20
1425683.766374431
 10
730683.5875304008
 20
1425683.786386084
 10
730684.5938645052
 20
1425683.8773675137
 10
730685.0940907095
 20
1425683.948221103
 10
730686.0861061746
 20
1425684.140292095
 10
730686.5766285849
 20
1425684.2612642145
 10
730687.544197073
 20
1425684.5524637522
 10
730688.02000752
 20
1425684.7223192938
 10
730688.9532502925
 20
1425685.1096742696
 10
730689.409490821
 20
1425685.3266790318
 10
730690.2988796004
 20
1425685.8062346058
 10
730690.7308920585
 20
1425686.0681730013
 10
730691.5673463107
 20
1425686.635032979
 10
730691.9707199117
 20
1425686.9392306537
 10
730692.7456995556
 20
1425687.5876074743
 10
730693.1163159125
 20
1425687.9309586121
 10
730693.821908515
 20
1425688.6542324391
 10
730694.1559836852
 20
1425689.033231473
 10
730694.784985245
 20
1425689.8240177825
 10
730695.0791083688
 20
1425690.234795186
 10
730695.7562211879
 20
1425691.301026656
 10
730736.858179302
 20
1425763.035958301
 10
730789.7041130522
 20
1425856.1269427459
 10
730888.0511964345
 20
1425798.4614691865
 97
0
 75
1
 76
1
 52
0.0
 41
1.0
 77
0
 78
1
 53
45.0
 43
0.0
 44
0.0
 45
-0.0883883476
 46
0.0883883476
 79
0
 98
0
  0
LWPOLYLINE
  5
E2
330
17
100
AcDbEntity
  8
PARCEL_BORDER
370
50
420
3289650
100
AcDbPolyline
 90
43
 70
1
 10
730888.0511964345
 20
1425798.4614691865
 10
730783.8004830969
 20
1425620.6643756328
 10
730658.2376162605
 20
1425694.2877300687
 10
730665.7631736407
 20
1425690.5045480898
 10
730676.0039681061
 20
1425685.3563860182
 10
730676.2325316616
 20
1425685.2486312317
 10
730677.157090071
 20
1425684.840982245
 10
730677.6290765302
 20
1425684.66077328
 10
730678.5900529549
 20
1425684.3485069503
 10
730679.0778157078
 20
1425684.2168483643
 10
730680.0653987131
 20
1425684.0031528869
 10
730680.5639577731
 20
1425683.921388895
 10
730681.5680642754
 20
1425683.8084460704
 10
730682.0723294262
 20
1425683.7774114718
 10
730683.0827076392
 20
1425683.766374431
 10
730683.5875304008
 20
1425683.786386084
 10
730684.5938645052
 20
1425683.8773675137
 10
730685.0940907095
 20
1425683.948221103
 10
730686.0861061746
 20
1425684.140292095
 10
730686.5766285849
 20
1425684.2612642145
 10
730687.544197073
 20
1425684.5524637522
 10
730688.02000752
 20
1425684.7223192938
 10
730688.9532502925
 20
1425685.1096742696
 10
730689.409490821
 20
1425685.3266790318
 10
730690.2988796004
 20
1425685.8062346058
 10
730690.7308920585
 20
1425686.0681730013
 10
730691.5673463107
 20
1425686.635032979
 10
730691.9707199117
 20
1425686.9392306537
 10
730692.7456995556
 20
1425687.5876074743
 10
730693.1163159125
 20
1425687.9309586121
 10
730693.821908515
 20
1425688.6542324391
 10
730694.1559836852
 20
1425689.033231473
 10
730694.784985245
 20
1425689.8240177825
 10
730695.0791083688
 20
1425690.234795186
 10
730695.6250968687
 20
1425691.0850201608
 10
730695.7562211879
 20
1425691.301026656
 10
730736.858179302
 20
1425763.035958301
 10
730736.8631326028
 20
1425763.0446232962
 10
730736.8829111909
 20
1425763.079303016
 10
730736.8878471837
 20
1425763.0879778808
 10
730777.8241492324
 20
1425835.1996863734
 10
730789.7041130522
 20
1425856.1269427459
 10
730888.0511964345
 20
1425798.4614691865
  0
TEXT
  5
E3
330
17
100
AcDbEntity
  8
TEXT_LABELS
100
AcDbText
 10
730787.16569693
 20
1425738.195137562
 30
0.0
 40
12.0
  1
P-32
 72
1
 11
730787.16569693
 21
1425738.195137562
 31
0.0
100
AcDbText
 73
2
  0
HATCH
  5
E4
330
17
100
AcDbEntity
  8
PARCEL_M
 62
7
420
13163775
100
AcDbHatch
 10
0.0
 20
0.0
 30
0.0
210
0.0
220
0.0
230
1.0
  2
SOLID
 70
0
 71
0
 91
1
 92
3
 72
0
 73
1
 93
38
 10
731087.0828509777
 20
1425650.5454200364
 10
731166.2340750634
 20
1425604.1353724508
 10
731122.0737621856
 20
1425531.7706997332
 10
731121.4790322403
 20
1425530.6911336472
 10
731121.2649098359
 20
1425530.247047683
 10
731120.8809737245
 20
1425529.3388428309
 10
731120.711626901
 20
1425528.875828358
 10
731120.4189994505
 20
1425527.9342275055
 10
731120.2960746714
 20
1425527.4567861527
 10
731120.0976009311
 20
1425526.4909439473
 10
731120.022293323
 20
1425526.003717602
 10
731119.9199029402
 20
1425525.0230243776
 10
731119.8929446765
 20
1425524.5307500646
 10
731119.8876331341
 20
1425523.5447405423
 10
731119.9092863146
 20
1425523.0522043628
 10
731120.0011052539
 20
1425522.0704649508
 10
731120.0711593574
 20
1425521.5824555552
 10
731120.2592160754
 20
1425520.6145311461
 10
731120.3769900049
 20
1425520.1357931711
 10
731120.6594561335
 20
1425519.1910943424
 10
731120.8238048411
 20
1425518.7262822834
 10
731121.1979341228
 20
1425517.813993803
 10
731121.4072597392
 20
1425517.3676267636
 10
731121.8694147284
 20
1425516.4966182928
 10
731122.1216821
 20
1425516.073036045
 10
731122.6673695269
 20
1425515.251775902
 10
731122.9601260028
 20
1425514.8550966938
 10
731123.58404046
 20
1425514.0915695226
 10
731123.9144397352
 20
1425513.7256500404
 10
731124.6105152582
 20
1425513.0272791812
 10
731124.9753450471
 20
1425512.6956770539
 10
731125.7368140898
 20
1425512.0692523674
 10
731126.1325273647
 20
1425511.7751915685
 10
731127.1602329857
 20
1425511.0947595027
 10
731168.5581968636
 20
1425486.2549232014
 10
731142.8478737336
 20
1425410.1381749634
 10
730996.4520941821
 20
1425495.9768360057
 10
731087.0828509777
 20
1425650.5454200364
 97
0
 75
1
 76
1
 52
0.0
 41
1.0
 77
0
 78
1
 53
45.0
 43
0.0
 44
0.0
 45
-0.0883883476
 46
0.0883883476
 79
0
 98
0
  0
LWPOLYLINE
  5
E5
330
17
100
AcDbEntity
  8
PARCEL_BORDER
370
50
420
3289650
100
AcDbPolyline
 90
40
 70
1
 10
731087.0828509777
 20
1425650.5454200364
 10
731166.2340750634
 20
1425604.1353724508
 10
731122.0737621856
 20
1425531.7706997332
 10
731121.9505442199
 20
1425531.5571125406
 10
731121.4790322403
 20
1425530.6911336472
 10
731121.2649098359
 20
1425530.247047683
 10
731120.8809737245
 20
1425529.3388428309
 10
731120.711626901
 20
1425528.875828358
 10
731120.4189994505
 20
1425527.9342275055
 10
731120.2960746714
 20
1425527.4567861527
 10
731120.0976009311
 20
1425526.4909439473
 10
731120.022293323
 20
1425526.003717602
 10
731119.9199029402
 20
1425525.0230243776
 10
731119.8929446765
 20
1425524.5307500646
 10
731119.8876331341
 20
1425523.5447405423
 10
731119.9092863146
 20
1425523.0522043628
 10
731120.0011052539
 20
1425522.0704649508
 10
731120.0711593574
 20
1425521.5824555552
 10
731120.2592160754
 20
1425520.6145311461
 10
731120.3769900049
 20
1425520.1357931711
 10
731120.6594561335
 20
1425519.1910943424
 10
731120.8238048411
 20
1425518.7262822834
 10
731121.1979341228
 20
1425517.813993803
 10
731121.4072597392
 20
1425517.3676267636
 10
731121.8694147284
 20
1425516.4966182928
 10
731122.1216821
 20
1425516.073036045
 10
731122.6673695269
 20
1425515.251775902
 10
731122.9601260028
 20
1425514.8550966938
 10
731123.58404046
 20
1425514.0915695226
 10
731123.9144397352
 20
1425513.7256500404
 10
731124.6105152582
 20
1425513.0272791812
 10
731124.9753450471
 20
1425512.6956770539
 10
731125.7368140898
 20
1425512.0692523674
 10
731126.1325273647
 20
1425511.7751915685
 10
731126.9519865982
 20
1425511.2268034262
 10
731127.1602329857
 20
1425511.0947595027
 10
731168.5581968636
 20
1425486.2549232014
 10
731142.8478737336
 20
1425410.1381749634
 10
730996.4520941821
 20
1425495.9768360057
 10
731087.0828509777
 20
1425650.5454200364
  0
TEXT
  5
E6
330
17
100
AcDbEntity
  8
TEXT_LABELS
100
AcDbText
 10
731092.1992670777
 20
1425528.5119896848
 30
0.0
 40
12.0
  1
P-33
 72
1
 11
731092.1992670777
 21
1425528.5119896848
 31
0.0
100
AcDbText
 73
2
  0
HATCH
  5
E7
330
17
100
AcDbEntity
  8
PARCEL_M
 62
7
420
13163775
100
AcDbHatch
 10
0.0
 20
0.0
 30
0.0
210
0.0
220
0.0
230
1.0
  2
SOLID
 70
0
 71
0
 91
1
 92
3
 72
0
 73
1
 93
5
 10
730940.6870714261
 20
1425736.3840810785
 10
731087.0828509777
 20
1425650.5454200364
 10
730996.4520941821
 20
1425495.9768360057
 10
730850.0563146307
 20
1425581.815497048
 10
730940.6870714261
 20
1425736.3840810785
 97
0
 75
1
 76
1
 52
0.0
 41
1.0
 77
0
 78
1
 53
45.0
 43
0.0
 44
0.0
 45
-0.0883883476
 46
0.0883883476
 79
0
 98
0
  0
LWPOLYLINE
  5
E8
330
17
100
AcDbEntity
  8
PARCEL_BORDER
370
50
420
3289650
100
AcDbPolyline
 90
5
 70
1
 10
730940.6870714261
 20
1425736.3840810785
 10
731087.0828509777
 20
1425650.5454200364
 10
730996.4520941821
 20
1425495.9768360057
 10
730850.0563146307
 20
1425581.815497048
 10
730940.6870714261
 20
1425736.3840810785
  0
TEXT
  5
E9
330
17
100
AcDbEntity
  8
TEXT_LABELS
100
AcDbText
 10
730968.5695828042
 20
1425616.1804585422
 30
0.0
 40
12.0
  1
P-34
 72
1
 11
730968.5695828042
 21
1425616.1804585422
 31
0.0
100
AcDbText
 73
2
  0
HATCH
  5
EA
330
17
100
AcDbEntity
  8
PARCEL_M
 62
7
420
13163775
100
AcDbHatch
 10
0.0
 20
0.0
 30
0.0
210
0.0
220
0.0
230
1.0
  2
SOLID
 70
0
 71
0
 91
1
 92
3
 72
0
 73
1
 93
9
 10
731020.7250835143
 20
1425211.5275888138
 10
731091.2357644257
 20
1425170.1838939532
 10
731082.8155041772
 20
1425122.6865524757
 10
731082.7659139559
 20
1425122.3343490276
 10
731082.6178806365
 20
1425120.9202666911
 10
731082.5934541982
 20
1425120.5654289708
 10
731077.7055911466
 20
1424973.193324072
 10
730931.3098115954
 20
1425059.0319851146
 10
731020.7250835143
 20
1425211.5275888138
 97
0
 75
1
 76
1
 52
0.0
 41
1.0
 77
0
 78
1
 53
45.0
 43
0.0
 44
0.0
 45
-0.0883883476
 46
0.0883883476
 79
0
 98
0
  0
LWPOLYLINE
  5
EB
330
17
100
AcDbEntity
  8
PARCEL_BORDER
370
50
420
3289650
100
AcDbPolyline
 90
9
 70
1
 10
731020.7250835143
 20
1425211.5275888138
 10
731091.2357644257
 20
1425170.1838939532
 10
731082.8155041772
 20
1425122.6865524757
 10
731082.7659139559
 20
1425122.3343490276
 10
731082.6178806365
 20
1425120.9202666911
 10
731082.5934541982
 20
1425120.5654289708
 10
731077.7055911466
 20
1424973.193324072
 10
730931.3098115954
 20
1425059.0319851146
 10
731020.7250835143
 20
1425211.5275888138
  0
TEXT
  5
EC
330
17
100
AcDbEntity
  8
TEXT_LABELS
100
AcDbText
 10
731025.8884476823
 20
1425093.413866872
 30
0.0
 40
12.0
  1
P-35
 72
1
 11
731025.8884476823
 21
1425093.413866872
 31
0.0
100
AcDbText
 73
2
  0
HATCH
  5
ED
330
17
100
AcDbEntity
  8
PARCEL_M
 62
7
420
13163775
100
AcDbHatch
 10
0.0
 20
0.0
 30
0.0
210
0.0
220
0.0
230
1.0
  2
SOLID
 70
0
 71
0
 91
1
 92
3
 72
0
 73
1
 93
5
 10
730874.3293039629
 20
1425297.3662498558
 10
731020.7250835143
 20
1425211.5275888138
 10
730931.3098115954
 20
1425059.0319851146
 10
730784.9140320439
 20
1425144.8706461566
 10
730874.3293039629
 20
1425297.3662498558
 97
0
 75
1
 76
1
 52
0.0
 41
1.0
 77
0
 78
1
 53
45.0
 43
0.0
 44
0.0
 45
-0.0883883476
 46
0.0883883476
 79
0
 98
0
  0
LWPOLYLINE
  5
EE
330
17
100
AcDbEntity
  8
PARCEL_BORDER
370
50
420
3289650
100
AcDbPolyline
 90
5
 70
1
 10
730874.3293039629
 20
1425297.3662498558
 10
731020.7250835143
 20
1425211.5275888138
 10
730931.3098115954
 20
1425059.0319851146
 10
730784.9140320439
 20
1425144.8706461566
 10
730874.3293039629
 20
1425297.3662498558
  0
TEXT
  5
EF
330
17
100
AcDbEntity
  8
TEXT_LABELS
100
AcDbText
 10
730902.8195577791
 20
1425178.1991174854
 30
0.0
 40
12.0
  1
P-36
 72
1
 11
730902.8195577791
 21
1425178.1991174854
 31
0.0
100
AcDbText
 73
2
  0
HATCH
  5
F0
330
17
100
AcDbEntity
  8
PARCEL_M
 62
7
420
13163775
100
AcDbHatch
 10
0.0
 20
0.0
 30
0.0
210
0.0
220
0.0
230
1.0
  2
SOLID
 70
0
 71
0
 91
1
 92
3
 72
0
 73
1
 93
5
 10
731042.980686595
 20
1425249.4839865817
 10
730896.5849070435
 20
1425335.322647624
 10
730988.187621515
 20
1425491.548882181
 10
731134.5834010665
 20
1425405.7102211388
 10
731042.980686595
 20
1425249.4839865817
 97
0
 75
1
 76
1
 52
0.0
 41
1.0
 77
0
 78
1
 53
45.0
 43
0.0
 44
0.0
 45
-0.0883883476
 46
0.0883883476
 79
0
 98
0
  0
LWPOLYLINE
  5
F1
330
17
100
AcDbEntity
  8
PARCEL_BORDER
370
50
420
3289650
100
AcDbPolyline
 90
5
 70
1
 10
731042.980686595
 20
1425249.4839865817
 10
730896.5849070435
 20
1425335.322647624
 10
730988.187621515
 20
1425491.548882181
 10
731134.5834010665
 20
1425405.7102211388
 10
731042.980686595
 20
1425249.4839865817
  0
TEXT
  5
F2
330
17
100
AcDbEntity
  8
TEXT_LABELS
100
AcDbText
 10
731015.584154055
 20
1425370.5164343815
 30
0.0
 40
12.0
  1
P-37
 72
1
 11
731015.584154055
 21
1425370.5164343815
 31
0.0
100
AcDbText
 73
2
  0
HATCH
  5
F3
330
17
100
AcDbEntity
  8
PARCEL_M
 62
7
420
13163775
100
AcDbHatch
 10
0.0
 20
0.0
 30
0.0
210
0.0
220
0.0
230
1.0
  2
SOLID
 70
0
 71
0
 91
1
 92
3
 72
0
 73
1
 93
5
 10
730727.9335244114
 20
1425383.2049108983
 10
730874.3293039629
 20
1425297.3662498558
 10
730784.9140320439
 20
1425144.8706461566
 10
730638.5182524924
 20
1425230.709307199
 10
730727.9335244114
 20
1425383.2049108983
 97
0
 75
1
 76
1
 52
0.0
 41
1.0
 77
0
 78
1
 53
45.0
 43
0.0
 44
0.0
 45
-0.0883883476
 46
0.0883883476
 79
0
 98
0
  0
LWPOLYLINE
  5
F4
330
17
100
AcDbEntity
  8
PARCEL_BORDER
370
50
420
3289650
100
AcDbPolyline
 90
5
 70
1
 10
730727.9335244114
 20
1425383.2049108983
 10
730874.3293039629
 20
1425297.3662498558
 10
730784.9140320439
 20
1425144.8706461566
 10
730638.5182524924
 20
1425230.709307199
 10
730727.9335244114
 20
1425383.2049108983
  0
TEXT
  5
F5
330
17
100
AcDbEntity
  8
TEXT_LABELS
100
AcDbText
 10
730756.4237782278
 20
1425264.0377785277
 30
0.0
 40
12.0
  1
P-38
 72
1
 11
730756.4237782278
 21
1425264.0377785277
 31
0.0
100
AcDbText
 73
2
  0
HATCH
  5
F6
330
17
100
AcDbEntity
  8
PARCEL_M
 62
7
420
13163775
100
AcDbHatch
 10
0.0
 20
0.0
 30
0.0
210
0.0
220
0.0
230
1.0
  2
SOLID
 70
0
 71
0
 91
1
 92
3
 72
0
 73
1
 93
5
 10
730896.5849070435
 20
1425335.322647624
 10
730750.189127492
 20
1425421.161308666
 10
730841.7918419635
 20
1425577.3875432236
 10
730988.187621515
 20
1425491.548882181
 10
730896.5849070435
 20
1425335.322647624
 97
0
 75
1
 76
1
 52
0.0
 41
1.0
 77
0
 78
1
 53
45.0
 43
0.0
 44
0.0
 45
-0.0883883476
 46
0.0883883476
 79
0
 98
0
  0
LWPOLYLINE
  5
F7
330
17
100
AcDbEntity
  8
PARCEL_BORDER
370
50
420
3289650
100
AcDbPolyline
 90
5
 70
1
 10
730896.5849070435
 20
1425335.322647624
 10
730750.189127492
 20
1425421.161308666
 10
730841.7918419635
 20
1425577.3875432236
 10
730988.187621515
 20
1425491.548882181
 10
730896.5849070435
 20
1425335.322647624
  0
TEXT
  5
F8
330
17
100
AcDbEntity
  8
TEXT_LABELS
100
AcDbText
 10
730869.1883745035
 20
1425456.3550954235
 30
0.0
 40
12.0
  1
P-39
 72
1
 11
730869.1883745035
 21
1425456.3550954235
 31
0.0
100
AcDbText
 73
2
  0
HATCH
  5
F9
330
17
100
AcDbEntity
  8
PARCEL_M
 62
7
420
13163775
100
AcDbHatch
 10
0.0
 20
0.0
 30
0.0
210
0.0
220
0.0
230
1.0
  2
SOLID
 70
0
 71
0
 91
1
 92
3
 72
0
 73
1
 93
5
 10
730638.5182524924
 20
1425230.709307199
 10
730593.7142833255
 20
1425256.9799601815
 10
730796.9878727964
 20
1425603.658196206
 10
730841.7918419635
 20
1425577.3875432236
 10
730638.5182524924
 20
1425230.709307199
 97
0
 75
1
 76
1
 52
0.0
 41
1.0
 77
0
 78
1
 53
45.0
 43
0.0
 44
0.0
 45
-0.0883883476
 46
0.0883883476
 79
0
 98
0
  0
LWPOLYLINE
  5
FA
330
17
100
AcDbEntity
  8
PARCEL_BORDER
370
50
420
3289650
100
AcDbPolyline
 90
5
 70
1
 10
730638.5182524924
 20
1425230.709307199
 10
730593.7142833255
 20
1425256.9799601815
 10
730796.9878727964
 20
1425603.658196206
 10
730841.7918419635
 20
1425577.3875432236
 10
730638.5182524924
 20
1425230.709307199
  0
TEXT
  5
FB
330
17
100
AcDbEntity
  8
TEXT_LABELS
100
AcDbText
 10
730717.7530626444
 20
1425417.1837517025
 30
0.0
 40
12.0
  1
P-40
 72
1
 11
730717.7530626444
 21
1425417.1837517025
 31
0.0
100
AcDbText
 73
2
  0
HATCH
  5
FC
330
17
100
AcDbEntity
  8
PARCEL_M
 62
7
420
13163775
100
AcDbHatch
 10
0.0
 20
0.0
 30
0.0
210
0.0
220
0.0
230
1.0
  2
SOLID
 70
0
 71
0
 91
1
 92
3
 72
0
 73
1
 93
5
 10
730526.2399741455
 20
1425501.1416605532
 10
730672.635753697
 20
1425415.3029995107
 10
730583.3625384797
 20
1425263.049670112
 10
730436.9667589283
 20
1425348.8883311546
 10
730526.2399741455
 20
1425501.1416605532
 97
0
 75
1
 76
1
 52
0.0
 41
1.0
 77
0
 78
1
 53
45.0
 43
0.0
 44
0.0
 45
-0.0883883476
 46
0.0883883476
 79
0
 98
0
  0
LWPOLYLINE
  5
FD
330
17
100
AcDbEntity
  8
PARCEL_BORDER
370
50
420
3289650
100
AcDbPolyline
 90
5
 70
1
 10
730526.2399741455
 20
1425501.1416605532
 10
730672.635753697
 20
1425415.3029995107
 10
730583.3625384797
 20
1425263.049670112
 10
730436.9667589283
 20
1425348.8883311546
 10
730526.2399741455
 20
1425501.1416605532
  0
TEXT
  5
FE
330
17
100
AcDbEntity
  8
TEXT_LABELS
100
AcDbText
 10
730554.8012563126
 20
1425382.0956653329
 30
0.0
 40
12.0
  1
P-41
 72
1
 11
730554.8012563126
 21
1425382.0956653329
 31
0.0
100
AcDbText
 73
2
  0
HATCH
  5
FF
330
17
100
AcDbEntity
  8
PARCEL_M
 62
7
420
13163775
100
AcDbHatch
 10
0.0
 20
0.0
 30
0.0
210
0.0
220
0.0
230
1.0
  2
SOLID
 70
0
 71
0
 91
1
 92
3
 72
0
 73
1
 93
5
 10
730526.2399741455
 20
1425501.1416605532
 10
730615.6552460645
 20
1425653.6372642524
 10
730762.051025616
 20
1425567.7986032101
 10
730672.635753697
 20
1425415.3029995107
 10
730526.2399741455
 20
1425501.1416605532
 97
0
 75
1
 76
1
 52
0.0
 41
1.0
 77
0
 78
1
 53
45.0
 43
0.0
 44
0.0
 45
-0.0883883476
 46
0.0883883476
 79
0
 98
0
  0
LWPOLYLINE
  5
100
330
17
100
AcDbEntity
  8
PARCEL_BORDER
370
50
420
3289650
100
AcDbPolyline
 90
5
 70
1
 10
730526.2399741455
 20
1425501.1416605532
 10
730615.6552460645
 20
1425653.6372642524
 10
730762.051025616
 20
1425567.7986032101
 10
730672.635753697
 20
1425415.3029995107
 10
730526.2399741455
 20
1425501.1416605532
  0
TEXT
  5
101
330
17
100
AcDbEntity
  8
TEXT_LABELS
100
AcDbText
 10
730644.1454998808
 20
1425534.4701318815
 30
0.0
 40
12.0
  1
P-42
 72
1
 11
730644.1454998808
 21
1425534.4701318815
 31
0.0
100
AcDbText
 73
2
  0
HATCH
  5
102
330
17
100
AcDbEntity
  8
PARCEL_M
 62
7
420
13163775
100
AcDbHatch
 10
0.0
 20
0.0
 30
0.0
210
0.0
220
0.0
230
1.0
  2
SOLID
 70
0
 71
0
 91
1
 92
3
 72
0
 73
1
 93
9
 10
730526.2399741455
 20
1425501.1416605532
 10
730436.9667589283
 20
1425348.8883311546
 10
730373.2994349718
 20
1425386.2194472381
 10
730372.9514763916
 20
1425386.4011436144
 10
730372.5873839683
 20
1425386.5478591684
 10
730372.2106641105
 20
1425386.6581809483
 10
730371.8938717465
 20
1425386.7180256348
 10
730401.252805165
 20
1425574.4274565347
 10
730526.2399741455
 20
1425501.1416605532
 97
0
 75
1
 76
1
 52
0.0
 41
1.0
 77
0
 78
1
 53
45.0
 43
0.0
 44
0.0
 45
-0.0883883476
 46
0.0883883476
 79
0
 98
0
  0
LWPOLYLINE
  5
103
330
17
100
AcDbEntity
  8
PARCEL_BORDER
370
50
420
3289650
100
AcDbPolyline
 90
9
 70
1
 10
730526.2399741455
 20
1425501.1416605532
 10
730436.9667589283
 20
1425348.8883311546
 10
730373.2994349718
 20
1425386.2194472381
 10
730372.9514763916
 20
1425386.4011436144
 10
730372.5873839683
 20
1425386.5478591684
 10
730372.2106641105
 20
1425386.6581809483
 10
730371.8938717465
 20
1425386.7180256348
 10
730401.252805165
 20
1425574.4274565347
 10
730526.2399741455
 20
1425501.1416605532
  0
TEXT
  5
104
330
17
100
AcDbEntity
  8
TEXT_LABELS
100
AcDbText
 10
730437.2179170712
 20
1425461.7999167033
 30
0.0
 40
12.0
  1
P-43
 72
1
 11
730437.2179170712
 21
1425461.7999167033
 31
0.0
100
AcDbText
 73
2
  0
HATCH
  5
105
330
17
100
AcDbEntity
  8
PARCEL_M
 62
7
420
13163775
100
AcDbHatch
 10
0.0
 20
0.0
 30
0.0
210
0.0
220
0.0
230
1.0
  2
SOLID
 70
0
 71
0
 91
1
 92
3
 72
0
 73
1
 93
5
 10
730319.0619680886
 20
1425147.8045355987
 10
730465.4577476401
 20
1425061.9658745562
 10
730376.042475721
 20
1424909.470270857
 10
730229.6466961696
 20
1424995.3089318993
 10
730319.0619680886
 20
1425147.8045355987
 97
0
 75
1
 76
1
 52
0.0
 41
1.0
 77
0
 78
1
 53
45.0
 43
0.0
 44
0.0
 45
-0.0883883476
 46
0.0883883476
 79
0
 98
0
  0
LWPOLYLINE
  5
106
330
17
100
AcDbEntity
  8
PARCEL_BORDER
370
50
420
3289650
100
AcDbPolyline
 90
5
 70
1
 10
730319.0619680886
 20
1425147.8045355987
 10
730465.4577476401
 20
1425061.9658745562
 10
730376.042475721
 20
1424909.470270857
 10
730229.6466961696
 20
1424995.3089318993
 10
730319.0619680886
 20
1425147.8045355987
  0
TEXT
  5
107
330
17
100
AcDbEntity
  8
TEXT_LABELS
100
AcDbText
 10
730347.5522219047
 20
1425028.637403228
 30
0.0
 40
12.0
  1
P-44
 72
1
 11
730347.5522219047
 21
1425028.637403228
 31
0.0
100
AcDbText
 73
2
  0
HATCH
  5
108
330
17
100
AcDbEntity
  8
PARCEL_M
 62
7
420
13163775
100
AcDbHatch
 10
0.0
 20
0.0
 30
0.0
210
0.0
220
0.0
230
1.0
  2
SOLID
 70
0
 71
0
 91
1
 92
3
 72
0
 73
1
 93
5
 10
730319.0619680886
 20
1425147.8045355987
 10
730408.4772400076
 20
1425300.300139298
 10
730554.8730195591
 20
1425214.4614782557
 10
730465.4577476401
 20
1425061.9658745562
 10
730319.0619680886
 20
1425147.8045355987
 97
0
 75
1
 76
1
 52
0.0
 41
1.0
 77
0
 78
1
 53
45.0
 43
0.0
 44
0.0
 45
-0.0883883476
 46
0.0883883476
 79
0
 98
0
  0
LWPOLYLINE
  5
109
330
17
100
AcDbEntity
  8
PARCEL_BORDER
370
50
420
3289650
100
AcDbPolyline
 90
5
 70
1
 10
730319.0619680886
 20
1425147.8045355987
 10
730408.4772400076
 20
1425300.300139298
 10
730554.8730195591
 20
1425214.4614782557
 10
730465.4577476401
 20
1425061.9658745562
 10
730319.0619680886
 20
1425147.8045355987
  0
TEXT
  5
10A
330
17
100
AcDbEntity
  8
TEXT_LABELS
100
AcDbText
 10
730436.967493824
 20
1425181.1330069269
 30
0.0
 40
12.0
  1
P-45
 72
1
 11
730436.967493824
 21
1425181.1330069269
 31
0.0
100
AcDbText
 73
2
  0
HATCH
  5
10B
330
17
100
AcDbEntity
  8
PARCEL_M
 62
7
420
13163775
100
AcDbHatch
 10
0.0
 20
0.0
 30
0.0
210
0.0
220
0.0
230
1.0
  2
SOLID
 70
0
 71
0
 91
1
 92
3
 72
0
 73
1
 93
19
 10
730337.0016185183
 20
1425178.4001795386
 10
730229.6466961696
 20
1424995.3089318993
 10
730107.7145280864
 20
1425066.8034386283
 10
730124.468325143
 20
1425075.5874915964
 10
730125.2000297698
 20
1425075.997606865
 10
730271.779411553
 20
1425163.628107223
 10
730272.8263084008
 20
1425164.3200329582
 10
730273.2291426565
 20
1425164.619497285
 10
730274.0037323157
 20
1425165.2581115228
 10
730274.3745112973
 20
1425165.5964564183
 10
730275.0811679984
 20
1425166.3095157368
 10
730275.4161549306
 20
1425166.683331302
 10
730276.0477568652
 20
1425167.4636493658
 10
730276.3435756911
 20
1425167.8691682213
 10
730276.8937574662
 20
1425168.7088808503
 10
730277.1474268739
 20
1425169.14201611
 10
730277.610643662
 20
1425170.0326605348
 10
730293.2063777088
 20
1425204.0793681233
 10
730337.0016185183
 20
1425178.4001795386
 97
0
 75
1
 76
1
 52
0.0
 41
1.0
 77
0
 78
1
 53
45.0
 43
0.0
 44
0.0
 45
-0.0883883476
 46
0.0883883476
 79
0
 98
0
  0
LWPOLYLINE
  5
10C
330
17
100
AcDbEntity
  8
PARCEL_BORDER
370
50
420
3289650
100
AcDbPolyline
 90
23
 70
1
 10
730337.0016185183
 20
1425178.4001795386
 10
730229.6466961696
 20
1424995.3089318993
 10
730107.7145280864
 20
1425066.8034386283
 10
730124.468325143
 20
1425075.5874915964
 10
730124.5912316702
 20
1425075.654138935
 10
730125.0790347545
 20
1425075.9275491142
 10
730125.2000297698
 20
1425075.997606865
 10
730271.779411553
 20
1425163.628107223
 10
730271.9915922325
 20
1425163.7622998653
 10
730272.8263084008
 20
1425164.3200329582
 10
730273.2291426565
 20
1425164.619497285
 10
730274.0037323157
 20
1425165.2581115228
 10
730274.3745112973
 20
1425165.5964564183
 10
730275.0811679984
 20
1425166.3095157368
 10
730275.4161549306
 20
1425166.683331302
 10
730276.0477568652
 20
1425167.4636493658
 10
730276.3435756911
 20
1425167.8691682213
 10
730276.8937574662
 20
1425168.7088808503
 10
730277.1474268739
 20
1425169.14201611
 10
730277.610643662
 20
1425170.0326605348
 10
730277.7208560917
 20
1425170.2582298731
 10
730293.2063777088
 20
1425204.0793681233
 10
730337.0016185183
 20
1425178.4001795386
  0
TEXT
  5
10D
330
17
100
AcDbEntity
  8
TEXT_LABELS
100
AcDbText
 10
730231.3405476828
 20
1425092.4298417203
 30
0.0
 40
12.0
  1
P-46
 72
1
 11
730231.3405476828
 21
1425092.4298417203
 31
0.0
100
AcDbText
 73
2
  0
HATCH
  5
10E
330
17
100
AcDbEntity
  8
PARCEL_M
 62
7
420
13163775
100
AcDbHatch
 10
0.0
 20
0.0
 30
0.0
210
0.0
220
0.0
230
1.0
  2
SOLID
 70
0
 71
0
 91
1
 92
3
 72
0
 73
1
 93
5
 10
730111.7419053299
 20
1424794.2251363432
 10
730258.1376848813
 20
1424708.386475301
 10
730168.7224129622
 20
1424555.8908716014
 10
730022.3266334109
 20
1424641.729532644
 10
730111.7419053299
 20
1424794.2251363432
 97
0
 75
1
 76
1
 52
0.0
 41
1.0
 77
0
 78
1
 53
45.0
 43
0.0
 44
0.0
 45
-0.0883883476
 46
0.0883883476
 79
0
 98
0
  0
LWPOLYLINE
  5
10F
330
17
100
AcDbEntity
  8
PARCEL_BORDER
370
50
420
3289650
100
AcDbPolyline
 90
5
 70
1
 10
730111.7419053299
 20
1424794.2251363432
 10
730258.1376848813
 20
1424708.386475301
 10
730168.7224129622
 20
1424555.8908716014
 10
730022.3266334109
 20
1424641.729532644
 10
730111.7419053299
 20
1424794.2251363432
  0
TEXT
  5
110
330
17
100
AcDbEntity
  8
TEXT_LABELS
100
AcDbText
 10
730140.2321591462
 20
1424675.0580039723
 30
0.0
 40
12.0
  1
P-47
 72
1
 11
730140.2321591462
 21
1424675.0580039723
 31
0.0
100
AcDbText
 73
2
  0
HATCH
  5
111
330
17
100
AcDbEntity
  8
PARCEL_M
 62
7
420
13163775
100
AcDbHatch
 10
0.0
 20
0.0
 30
0.0
210
0.0
220
0.0
230
1.0
  2
SOLID
 70
0
 71
0
 91
1
 92
3
 72
0
 73
1
 93
5
 10
730111.7419053299
 20
1424794.2251363432
 10
730201.1571772489
 20
1424946.7207400426
 10
730347.5529568003
 20
1424860.8820790004
 10
730258.1376848813
 20
1424708.386475301
 10
730111.7419053299
 20
1424794.2251363432
 97
0
 75
1
 76
1
 52
0.0
 41
1.0
 77
0
 78
1
 53
45.0
 43
0.0
 44
0.0
 45
-0.0883883476
 46
0.0883883476
 79
0
 98
0
  0
LWPOLYLINE
  5
112
330
17
100
AcDbEntity
  8
PARCEL_BORDER
370
50
420
3289650
100
AcDbPolyline
 90
5
 70
1
 10
730111.7419053299
 20
1424794.2251363432
 10
730201.1571772489
 20
1424946.7207400426
 10
730347.5529568003
 20
1424860.8820790004
 10
730258.1376848813
 20
1424708.386475301
 10
730111.7419053299
 20
1424794.2251363432
  0
TEXT
  5
113
330
17
100
AcDbEntity
  8
TEXT_LABELS
100
AcDbText
 10
730229.647431065
 20
1424827.5536076718
 30
0.0
 40
12.0
  1
P-48
 72
1
 11
730229.647431065
 21
1424827.5536076718
 31
0.0
100
AcDbText
 73
2
  0
HATCH
  5
114
330
17
100
AcDbEntity
  8
PARCEL_M
 62
7
420
13163775
100
AcDbHatch
 10
0.0
 20
0.0
 30
0.0
210
0.0
220
0.0
230
1.0
  2
SOLID
 70
0
 71
0
 91
1
 92
3
 72
0
 73
1
 93
5
 10
729965.3461257786
 20
1424880.0637973857
 10
730111.7419053299
 20
1424794.2251363432
 10
730022.3266334109
 20
1424641.729532644
 10
729875.9308538596
 20
1424727.5681936862
 10
729965.3461257786
 20
1424880.0637973857
 97
0
 75
1
 76
1
 52
0.0
 41
1.0
 77
0
 78
1
 53
45.0
 43
0.0
 44
0.0
 45
-0.0883883476
 46
0.0883883476
 79
0
 98
0
  0
LWPOLYLINE
  5
115
330
17
100
AcDbEntity
  8
PARCEL_BORDER
370
50
420
3289650
100
AcDbPolyline
 90
5
 70
1
 10
729965.3461257786
 20
1424880.0637973857
 10
730111.7419053299
 20
1424794.2251363432
 10
730022.3266334109
 20
1424641.729532644
 10
729875.9308538596
 20
1424727.5681936862
 10
729965.3461257786
 20
1424880.0637973857
  0
TEXT
  5
116
330
17
100
AcDbEntity
  8
TEXT_LABELS
100
AcDbText
 10
729993.8363795948
 20
1424760.8966650148
 30
0.0
 40
12.0
  1
P-49
 72
1
 11
729993.8363795948
 21
1424760.8966650148
 31
0.0
100
AcDbText
 73
2
  0
HATCH
  5
117
330
17
100
AcDbEntity
  8
PARCEL_M
 62
7
420
13163775
100
AcDbHatch
 10
0.0
 20
0.0
 30
0.0
210
0.0
220
0.0
230
1.0
  2
SOLID
 70
0
 71
0
 91
1
 92
3
 72
0
 73
1
 93
12
 10
730133.9975084106
 20
1424832.1815341113
 10
729987.6017288594
 20
1424918.0201951533
 10
730060.2479685037
 20
1425041.9166161262
 10
730100.0006910881
 20
1425062.7590567756
 10
730100.1286530375
 20
1425062.525110653
 10
730100.3498740292
 20
1425062.200842216
 10
730100.6018136466
 20
1425061.8998186688
 10
730100.8820455727
 20
1425061.624939033
 10
730101.1878710212
 20
1425061.3788505504
 10
730101.516344726
 20
1425061.1639231867
 10
730225.600222882
 20
1424988.4077686684
 10
730133.9975084106
 20
1424832.1815341113
 97
0
 75
1
 76
1
 52
0.0
 41
1.0
 77
0
 78
1
 53
45.0
 43
0.0
 44
0.0
 45
-0.0883883476
 46
0.0883883476
 79
0
 98
0
  0
LWPOLYLINE
  5
118
330
17
100
AcDbEntity
  8
PARCEL_BORDER
370
50
420
3289650
100
AcDbPolyline
 90
12
 70
1
 10
730133.9975084106
 20
1424832.1815341113
 10
729987.6017288594
 20
1424918.0201951533
 10
730060.2479685037
 20
1425041.9166161262
 10
730100.0006910881
 20
1425062.7590567756
 10
730100.1286530375
 20
1425062.525110653
 10
730100.3498740292
 20
1425062.200842216
 10
730100.6018136466
 20
1425061.8998186688
 10
730100.8820455727
 20
1425061.624939033
 10
730101.1878710212
 20
1425061.3788505504
 10
730101.516344726
 20
1425061.1639231867
 10
730225.600222882
 20
1424988.4077686684
 10
730133.9975084106
 20
1424832.1815341113
  0
TEXT
  5
119
330
17
100
AcDbEntity
  8
TEXT_LABELS
100
AcDbText
 10
730106.9910714548
 20
1424951.6791431059
 30
0.0
 40
12.0
  1
P-50
 72
1
 11
730106.9910714548
 21
1424951.6791431059
 31
0.0
100
AcDbText
 73
2
  0
HATCH
  5
11A
330
17
100
AcDbEntity
  8
PARCEL_M
 62
7
420
13163775
100
AcDbHatch
 10
0.0
 20
0.0
 30
0.0
210
0.0
220
0.0
230
1.0
  2
SOLID
 70
0
 71
0
 91
1
 92
3
 72
0
 73
1
 93
5
 10
729965.8524940962
 20
1424880.9273964176
 10
729875.9308538596
 20
1424727.5681936862
 10
729730.3594607897
 20
1424812.9234785552
 10
729886.8446527496
 20
1424927.2533720282
 10
729965.8524940962
 20
1424880.9273964176
 97
0
 75
1
 76
1
 52
0.0
 41
1.0
 77
0
 78
1
 53
45.0
 43
0.0
 44
0.0
 45
-0.0883883476
 46
0.0883883476
 79
0
 98
0
  0
LWPOLYLINE
  5
11B
330
17
100
AcDbEntity
  8
PARCEL_BORDER
370
50
420
3289650
100
AcDbPolyline
 90
7
 70
1
 10
729965.8524940962
 20
1424880.9273964176
 10
729875.9308538596
 20
1424727.5681936862
 10
729730.3594607897
 20
1424812.9234785552
 10
729768.7819969924
 20
1424841.0004549131
 10
729822.87941993
 20
1424880.528294103
 10
729886.8446527496
 20
1424927.2533720282
 10
729965.8524940962
 20
1424880.9273964176
  0
TEXT
  5
11C
330
17
100
AcDbEntity
  8
TEXT_LABELS
100
AcDbText
 10
729858.6592066055
 20
1424830.5576620626
 30
0.0
 40
12.0
  1
P-51
 72
1
 11
729858.6592066055
 21
1424830.5576620626
 31
0.0
100
AcDbText
 73
2
  0
HATCH
  5
11D
330
17
100
AcDbEntity
  8
PARCEL_M
 62
7
420
13163775
100
AcDbHatch
 10
0.0
 20
0.0
 30
0.0
210
0.0
220
0.0
230
1.0
  2
SOLID
 70
0
 71
0
 91
1
 92
3
 72
0
 73
1
 93
5
 10
730014.9069942976
 20
1424629.075515925
 10
730161.3027738491
 20
1424543.2368548827
 10
730071.8875019301
 20
1424390.7412511834
 10
729927.5434389701
 20
1424480.0790657091
 10
730014.9069942976
 20
1424629.075515925
 97
0
 75
1
 76
1
 52
0.0
 41
1.0
 77
0
 78
1
 53
45.0
 43
0.0
 44
0.0
 45
-0.0883883476
 46
0.0883883476
 79
0
 98
0
  0
LWPOLYLINE
  5
11E
330
17
100
AcDbEntity
  8
PARCEL_BORDER
370
50
420
3289650
100
AcDbPolyline
 90
5
 70
1
 10
730014.9069942976
 20
1424629.075515925
 10
730161.3027738491
 20
1424543.2368548827
 10
730071.8875019301
 20
1424390.7412511834
 10
729927.5434389701
 20
1424480.0790657091
 10
730014.9069942976
 20
1424629.075515925
  0
TEXT
  5
11F
330
17
100
AcDbEntity
  8
TEXT_LABELS
100
AcDbText
 10
730044.1913740957
 20
1424510.6137452999
 30
0.0
 40
12.0
  1
P-52
 72
1
 11
730044.1913740957
 21
1424510.6137452999
 31
0.0
100
AcDbText
 73
2
  0
HATCH
  5
120
330
17
100
AcDbEntity
  8
PARCEL_M
 62
7
420
13163775
100
AcDbHatch
 10
0.0
 20
0.0
 30
0.0
210
0.0
220
0.0
230
1.0
  2
SOLID
 70
0
 71
0
 91
1
 92
3
 72
0
 73
1
 93
6
 10
729871.8843805721
 20
1424720.6670304553
 10
730018.2801601234
 20
1424634.8283694133
 10
729927.5434389701
 20
1424480.0790657091
 10
729880.3396538286
 20
1424509.2945589924
 10
729783.3069865427
 20
1424569.6004074197
 10
729871.8843805721
 20
1424720.6670304553
 97
0
 75
1
 76
1
 52
0.0
 41
1.0
 77
0
 78
1
 53
45.0
 43
0.0
 44
0.0
 45
-0.0883883476
 46
0.0883883476
 79
0
 98
0
  0
LWPOLYLINE
  5
121
330
17
100
AcDbEntity
  8
PARCEL_BORDER
370
50
420
3289650
100
AcDbPolyline
 90
7
 70
1
 10
729871.8843805721
 20
1424720.6670304553
 10
730018.2801601234
 20
1424634.8283694133
 10
729927.5434389701
 20
1424480.0790657091
 10
729880.3396538286
 20
1424509.2945589924
 10
729811.7093935397
 20
1424551.9482980915
 10
729783.3069865427
 20
1424569.6004074197
 10
729871.8843805721
 20
1424720.6670304553
  0
TEXT
  5
122
330
17
100
AcDbEntity
  8
TEXT_LABELS
100
AcDbText
 10
729900.5381708425
 20
1424601.1017586733
 30
0.0
 40
12.0
  1
P-53
 72
1
 11
729900.5381708425
 21
1424601.1017586733
 31
0.0
100
AcDbText
 73
2
  0
HATCH
  5
123
330
17
100
AcDbEntity
  8
PARCEL_S
 62
7
420
16763080
100
AcDbHatch
 10
0.0
 20
0.0
 30
0.0
210
0.0
220
0.0
230
1.0
  2
SOLID
 70
0
 71
0
 91
1
 92
3
 72
0
 73
1
 93
5
 10
731281.9314869014
 20
1425617.2510930768
 10
731329.7441482879
 20
1425589.2163037758
 10
731300.541242766
 20
1425539.411448165
 10
731252.7285813794
 20
1425567.446237466
 10
731281.9314869014
 20
1425617.2510930768
 97
0
 75
1
 76
1
 52
0.0
 41
1.0
 77
0
 78
1
 53
45.0
 43
0.0
 44
0.0
 45
-0.0883883476
 46
0.0883883476
 79
0
 98
0
  0
LWPOLYLINE
  5
124
330
17
100
AcDbEntity
  8
PARCEL_BORDER
370
50
420
3289650
100
AcDbPolyline
 90
5
 70
1
 10
731281.9314869014
 20
1425617.2510930768
 10
731329.7441482879
 20
1425589.2163037758
 10
731300.541242766
 20
1425539.411448165
 10
731252.7285813794
 20
1425567.446237466
 10
731281.9314869014
 20
1425617.2510930768
  0
TEXT
  5
125
330
17
100
AcDbEntity
  8
TEXT_LABELS
100
AcDbText
 10
731291.2363648335
 20
1425578.3312706207
 30
0.0
 40
12.0
  1
P-54
 72
1
 11
731291.2363648335
 21
1425578.3312706207
 31
0.0
100
AcDbText
 73
2
  0
HATCH
  5
126
330
17
100
AcDbEntity
  8
PARCEL_S
 62
7
420
16763080
100
AcDbHatch
 10
0.0
 20
0.0
 30
0.0
210
0.0
220
0.0
230
1.0
  2
SOLID
 70
0
 71
0
 91
1
 92
3
 72
0
 73
1
 93
6
 10
731406.9989240975
 20
1425720.9724727492
 10
731377.7960185758
 20
1425671.1676171382
 10
731329.9833571892
 20
1425699.2024064392
 10
731354.5338763355
 20
1425741.0727285666
 10
731362.3601873475
 20
1425747.1462422728
 10
731406.9989240975
 20
1425720.9724727492
 97
0
 75
1
 76
1
 52
0.0
 41
1.0
 77
0
 78
1
 53
45.0
 43
0.0
 44
0.0
 45
-0.0883883476
 46
0.0883883476
 79
0
 98
0
  0
LWPOLYLINE
  5
127
330
17
100
AcDbEntity
  8
PARCEL_BORDER
370
50
420
3289650
100
AcDbPolyline
 90
6
 70
1
 10
731406.9989240975
 20
1425720.9724727492
 10
731377.7960185758
 20
1425671.1676171382
 10
731329.9833571892
 20
1425699.2024064392
 10
731354.5338763355
 20
1425741.0727285666
 10
731362.3601873475
 20
1425747.1462422728
 10
731406.9989240975
 20
1425720.9724727492
  0
TEXT
  5
128
330
17
100
AcDbEntity
  8
TEXT_LABELS
100
AcDbText
 10
731368.5432241273
 20
1425709.8979034738
 30
0.0
 40
12.0
  1
P-55
 72
1
 11
731368.5432241273
 21
1425709.8979034738
 31
0.0
100
AcDbText
 73
2
  0
HATCH
  5
129
330
17
100
AcDbEntity
  8
PARCEL_S
 62
7
420
16763080
100
AcDbHatch
 10
0.0
 20
0.0
 30
0.0
210
0.0
220
0.0
230
1.0
  2
SOLID
 70
0
 71
0
 91
1
 92
3
 72
0
 73
1
 93
5
 10
731962.6820724527
 20
1425218.095332258
 10
732010.4947338393
 20
1425190.060542957
 10
731981.2918283176
 20
1425140.2556873462
 10
731933.479166931
 20
1425168.2904766472
 10
731962.6820724527
 20
1425218.095332258
 97
0
 75
1
 76
1
 52
0.0
 41
1.0
 77
0
 78
1
 53
45.0
 43
0.0
 44
0.0
 45
-0.0883883476
 46
0.0883883476
 79
0
 98
0
  0
LWPOLYLINE
  5
12A
330
17
100
AcDbEntity
  8
PARCEL_BORDER
370
50
420
3289650
100
AcDbPolyline
 90
5
 70
1
 10
731962.6820724527
 20
1425218.095332258
 10
732010.4947338393
 20
1425190.060542957
 10
731981.2918283176
 20
1425140.2556873462
 10
731933.479166931
 20
1425168.2904766472
 10
731962.6820724527
 20
1425218.095332258
  0
TEXT
  5
12B
330
17
100
AcDbEntity
  8
TEXT_LABELS
100
AcDbText
 10
731971.9869503852
 20
1425179.175509802
 30
0.0
 40
12.0
  1
P-56
 72
1
 11
731971.9869503852
 21
1425179.175509802
 31
0.0
100
AcDbText
 73
2
  0
HATCH
  5
12C
330
17
100
AcDbEntity
  8
PARCEL_S
 62
7
420
16763080
100
AcDbHatch
 10
0.0
 20
0.0
 30
0.0
210
0.0
220
0.0
230
1.0
  2
SOLID
 70
0
 71
0
 91
1
 92
3
 72
0
 73
1
 93
5
 10
731914.8694110664
 20
1425246.1301215591
 10
731962.6820724527
 20
1425218.095332258
 10
731933.479166931
 20
1425168.2904766472
 10
731885.6665055447
 20
1425196.3252659484
 10
731914.8694110664
 20
1425246.1301215591
 97
0
 75
1
 76
1
 52
0.0
 41
1.0
 77
0
 78
1
 53
45.0
 43
0.0
 44
0.0
 45
-0.0883883476
 46
0.0883883476
 79
0
 98
0
  0
LWPOLYLINE
  5
12D
330
17
100
AcDbEntity
  8
PARCEL_BORDER
370
50
420
3289650
100
AcDbPolyline
 90
5
 70
1
 10
731914.8694110664
 20
1425246.1301215591
 10
731962.6820724527
 20
1425218.095332258
 10
731933.479166931
 20
1425168.2904766472
 10
731885.6665055447
 20
1425196.3252659484
 10
731914.8694110664
 20
1425246.1301215591
  0
TEXT
  5
12E
330
17
100
AcDbEntity
  8
TEXT_LABELS
100
AcDbText
 10
731924.1742889988
 20
1425207.2102991033
 30
0.0
 40
12.0
  1
P-57
 72
1
 11
731924.1742889988
 21
1425207.2102991033
 31
0.0
100
AcDbText
 73
2
  0
HATCH
  5
12F
330
17
100
AcDbEntity
  8
PARCEL_S
 62
7
420
16763080
100
AcDbHatch
 10
0.0
 20
0.0
 30
0.0
210
0.0
220
0.0
230
1.0
  2
SOLID
 70
0
 71
0
 91
1
 92
3
 72
0
 73
1
 93
5
 10
731149.496534266
 20
1425683.1032571073
 10
731197.2278078962
 20
1425655.116189237
 10
731172.4518178913
 20
1425614.5162412033
 10
731125.4426373434
 20
1425642.0799122823
 10
731149.496534266
 20
1425683.1032571073
 97
0
 75
1
 76
1
 52
0.0
 41
1.0
 77
0
 78
1
 53
45.0
 43
0.0
 44
0.0
 45
-0.0883883476
 46
0.0883883476
 79
0
 98
0
  0
LWPOLYLINE
  5
130
330
17
100
AcDbEntity
  8
PARCEL_BORDER
370
50
420
3289650
100
AcDbPolyline
 90
5
 70
1
 10
731149.496534266
 20
1425683.1032571073
 10
731197.2278078962
 20
1425655.116189237
 10
731172.4518178913
 20
1425614.5162412033
 10
731125.4426373434
 20
1425642.0799122823
 10
731149.496534266
 20
1425683.1032571073
  0
TEXT
  5
131
330
17
100
AcDbEntity
  8
TEXT_LABELS
100
AcDbText
 10
731161.1857136643
 20
1425648.7557430125
 30
0.0
 40
12.0
  1
P-58
 72
1
 11
731161.1857136643
 21
1425648.7557430125
 31
0.0
100
AcDbText
 73
2
  0
HATCH
  5
132
330
17
100
AcDbEntity
  8
PARCEL_S
 62
7
420
16763080
100
AcDbHatch
 10
0.0
 20
0.0
 30
0.0
210
0.0
220
0.0
230
1.0
  2
SOLID
 70
0
 71
0
 91
1
 92
3
 72
0
 73
1
 93
5
 10
731101.1780637186
 20
1425710.2754010046
 10
731148.9907251052
 20
1425682.2406117036
 10
731125.4426373434
 20
1425642.0799122823
 10
731077.6299759569
 20
1425670.1147015835
 10
731101.1780637186
 20
1425710.2754010046
 97
0
 75
1
 76
1
 52
0.0
 41
1.0
 77
0
 78
1
 53
45.0
 43
0.0
 44
0.0
 45
-0.0883883476
 46
0.0883883476
 79
0
 98
0
  0
LWPOLYLINE
  5
133
330
17
100
AcDbEntity
  8
PARCEL_BORDER
370
50
420
3289650
100
AcDbPolyline
 90
5
 70
1
 10
731101.1780637186
 20
1425710.2754010046
 10
731148.9907251052
 20
1425682.2406117036
 10
731125.4426373434
 20
1425642.0799122823
 10
731077.6299759569
 20
1425670.1147015835
 10
731101.1780637186
 20
1425710.2754010046
  0
TEXT
  5
134
330
17
100
AcDbEntity
  8
TEXT_LABELS
100
AcDbText
 10
731113.3103505311
 20
1425676.1776566436
 30
0.0
 40
12.0
  1
P-59
 72
1
 11
731113.3103505311
 21
1425676.1776566436
 31
0.0
100
AcDbText
 73
2
  0
HATCH
  5
135
330
17
100
AcDbEntity
  8
PARCEL_S
 62
7
420
16763080
100
AcDbHatch
 10
0.0
 20
0.0
 30
0.0
210
0.0
220
0.0
230
1.0
  2
SOLID
 70
0
 71
0
 91
1
 92
3
 72
0
 73
1
 93
5
 10
731053.3654023323
 20
1425738.3101903056
 10
731101.1780637186
 20
1425710.2754010046
 10
731077.6299759569
 20
1425670.1147015835
 10
731029.8173145705
 20
1425698.1494908845
 10
731053.3654023323
 20
1425738.3101903056
 97
0
 75
1
 76
1
 52
0.0
 41
1.0
 77
0
 78
1
 53
45.0
 43
0.0
 44
0.0
 45
-0.0883883476
 46
0.0883883476
 79
0
 98
0
  0
LWPOLYLINE
  5
136
330
17
100
AcDbEntity
  8
PARCEL_BORDER
370
50
420
3289650
100
AcDbPolyline
 90
5
 70
1
 10
731053.3654023323
 20
1425738.3101903056
 10
731101.1780637186
 20
1425710.2754010046
 10
731077.6299759569
 20
1425670.1147015835
 10
731029.8173145705
 20
1425698.1494908845
 10
731053.3654023323
 20
1425738.3101903056
  0
TEXT
  5
137
330
17
100
AcDbEntity
  8
TEXT_LABELS
100
AcDbText
 10
731065.4976891446
 20
1425704.2124459448
 30
0.0
 40
12.0
  1
P-60
 72
1
 11
731065.4976891446
 21
1425704.2124459448
 31
0.0
100
AcDbText
 73
2
  0
HATCH
  5
138
330
17
100
AcDbEntity
  8
PARCEL_S
 62
7
420
16763080
100
AcDbHatch
 10
0.0
 20
0.0
 30
0.0
210
0.0
220
0.0
230
1.0
  2
SOLID
 70
0
 71
0
 91
1
 92
3
 72
0
 73
1
 93
5
 10
731005.5527409457
 20
1425766.3449796068
 10
731053.3654023323
 20
1425738.3101903056
 10
731029.8173145705
 20
1425698.1494908845
 10
730982.004653184
 20
1425726.1842801857
 10
731005.5527409457
 20
1425766.3449796068
 97
0
 75
1
 76
1
 52
0.0
 41
1.0
 77
0
 78
1
 53
45.0
 43
0.0
 44
0.0
 45
-0.0883883476
 46
0.0883883476
 79
0
 98
0
  0
LWPOLYLINE
  5
139
330
17
100
AcDbEntity
  8
PARCEL_BORDER
370
50
420
3289650
100
AcDbPolyline
 90
5
 70
1
 10
731005.5527409457
 20
1425766.3449796068
 10
731053.3654023323
 20
1425738.3101903056
 10
731029.8173145705
 20
1425698.1494908845
 10
730982.004653184
 20
1425726.1842801857
 10
731005.5527409457
 20
1425766.3449796068
  0
TEXT
  5
13A
330
17
100
AcDbEntity
  8
TEXT_LABELS
100
AcDbText
 10
731017.6850277581
 20
1425732.2472352455
 30
0.0
 40
12.0
  1
P-61
 72
1
 11
731017.6850277581
 21
1425732.2472352455
 31
0.0
100
AcDbText
 73
2
  0
HATCH
  5
13B
330
17
100
AcDbEntity
  8
PARCEL_S
 62
7
420
16763080
100
AcDbHatch
 10
0.0
 20
0.0
 30
0.0
210
0.0
220
0.0
230
1.0
  2
SOLID
 70
0
 71
0
 91
1
 92
3
 72
0
 73
1
 93
5
 10
730957.7400795592
 20
1425794.3797689078
 10
731005.5527409457
 20
1425766.3449796068
 10
730982.004653184
 20
1425726.1842801857
 10
730934.1919917974
 20
1425754.2190694867
 10
730957.7400795592
 20
1425794.3797689078
 97
0
 75
1
 76
1
 52
0.0
 41
1.0
 77
0
 78
1
 53
45.0
 43
0.0
 44
0.0
 45
-0.0883883476
 46
0.0883883476
 79
0
 98
0
  0
LWPOLYLINE
  5
13C
330
17
100
AcDbEntity
  8
PARCEL_BORDER
370
50
420
3289650
100
AcDbPolyline
 90
5
 70
1
 10
730957.7400795592
 20
1425794.3797689078
 10
731005.5527409457
 20
1425766.3449796068
 10
730982.004653184
 20
1425726.1842801857
 10
730934.1919917974
 20
1425754.2190694867
 10
730957.7400795592
 20
1425794.3797689078
  0
TEXT
  5
13D
330
17
100
AcDbEntity
  8
TEXT_LABELS
100
AcDbText
 10
730969.8723663714
 20
1425760.282024547
 30
0.0
 40
12.0
  1
P-62
 72
1
 11
730969.8723663714
 21
1425760.282024547
 31
0.0
100
AcDbText
 73
2
  0
HATCH
  5
13E
330
17
100
AcDbEntity
  8
PARCEL_S
 62
7
420
16763080
100
AcDbHatch
 10
0.0
 20
0.0
 30
0.0
210
0.0
220
0.0
230
1.0
  2
SOLID
 70
0
 71
0
 91
1
 92
3
 72
0
 73
1
 93
23
 10
730880.724512651
 20
1425772.6097025978
 10
730909.9274181728
 20
1425822.4145582088
 10
730957.7400795592
 20
1425794.3797689078
 10
730934.1919917974
 20
1425754.2190694867
 10
730892.6095213038
 20
1425778.6008078193
 10
730892.0743783351
 20
1425778.879840462
 10
730891.5189683785
 20
1425779.1031306342
 10
730890.9443466092
 20
1425779.2709059075
 10
730890.3560469477
 20
1425779.3815505144
 10
730889.759735042
 20
1425779.4339988867
 10
730889.1709503178
 20
1425779.4283219252
 10
730888.5757605762
 20
1425779.3643852978
 10
730887.9897037218
 20
1425779.2424177462
 10
730887.4184238014
 20
1425779.0635938847
 10
730886.8674225537
 20
1425778.8296358848
 10
730886.3420064219
 20
1425778.5427968905
 10
730885.8394098743
 20
1425778.1999176766
 10
730885.3806670825
 20
1425777.8153480843
 10
730884.9618276738
 20
1425777.3876656431
 10
730884.5869253017
 20
1425776.920989168
 10
730884.2619484589
 20
1425776.4241067374
 10
730881.6925665805
 20
1425772.042087511
 10
730880.724512651
 20
1425772.6097025978
 97
0
 75
1
 76
1
 52
0.0
 41
1.0
 77
0
 78
1
 53
45.0
 43
0.0
 44
0.0
 45
-0.0883883476
 46
0.0883883476
 79
0
 98
0
  0
LWPOLYLINE
  5
13F
330
17
100
AcDbEntity
  8
PARCEL_BORDER
370
50
420
3289650
100
AcDbPolyline
 90
40
 70
1
 10
730880.724512651
 20
1425772.6097025978
 10
730909.9274181728
 20
1425822.4145582088
 10
730957.7400795592
 20
1425794.3797689078
 10
730934.1919917974
 20
1425754.2190694867
 10
730892.6095213038
 20
1425778.6008078193
 10
730892.6052275763
 20
1425778.6031857978
 10
730892.0832897066
 20
1425778.875730362
 10
730892.0743783351
 20
1425778.879840462
 10
730891.5282397
 20
1425779.0999137925
 10
730891.5189683785
 20
1425779.1031306342
 10
730890.953888592
 20
1425779.2686133042
 10
730890.9443466092
 20
1425779.2709059075
 10
730890.3657676978
 20
1425779.3802042287
 10
730890.3560469477
 20
1425779.3815505144
 10
730889.7695409432
 20
1425779.4336118835
 10
730889.759735042
 20
1425779.4339988867
 10
730889.1709503178
 20
1425779.4283219252
 10
730889.1611537018
 20
1425779.427745918
 10
730888.5757605762
 20
1425779.3643852978
 10
730888.5660675922
 20
1425779.362851828
 10
730887.9897037218
 20
1425779.2424177462
 10
730887.9802077184
 20
1425779.239941582
 10
730887.4184238014
 20
1425779.0635938847
 10
730887.4092162305
 20
1425779.0601988728
 10
730886.8674225537
 20
1425778.8296358848
 10
730886.8585920891
 20
1425778.8253547214
 10
730886.3420064219
 20
1425778.5427968905
 10
730886.333638106
 20
1425778.5376708047
 10
730885.8472354503
 20
1425778.205839317
 10
730885.8394098743
 20
1425778.1999176766
 10
730885.3878745539
 20
1425777.822008251
 10
730885.3806670825
 20
1425777.8153480843
 10
730884.9683476288
 20
1425777.3950001954
 10
730884.9618276738
 20
1425777.3876656431
 10
730884.5926949496
 20
1425776.9289274695
 10
730884.5869253017
 20
1425776.920989168
 10
730884.2645342564
 20
1425776.4282786108
 10
730884.2619484589
 20
1425776.4241067374
 10
730881.6925665805
 20
1425772.042087511
 10
730880.724512651
 20
1425772.6097025978
  0
TEXT
  5
140
330
17
100
AcDbEntity
  8
TEXT_LABELS
100
AcDbText
 10
730921.7706165694
 20
1425788.236688171
 30
0.0
 40
12.0
  1
P-63
 72
1
 11
730921.7706165694
 21
1425788.236688171
 31
0.0
100
AcDbText
 73
2
  0
HATCH
  5
141
330
17
100
AcDbEntity
  8
PARCEL_S
 62
7
420
16763080
100
AcDbHatch
 10
0.0
 20
0.0
 30
0.0
210
0.0
220
0.0
230
1.0
  2
SOLID
 70
0
 71
0
 91
1
 92
3
 72
0
 73
1
 93
6
 10
731246.7317371927
 20
1425556.211063281
 10
731294.5443985793
 20
1425528.17627398
 10
731265.3414930574
 20
1425478.371418369
 10
731220.5972923794
 20
1425504.607026304
 10
731221.8524323247
 20
1425513.7800049835
 10
731246.7317371927
 20
1425556.211063281
 97
0
 75
1
 76
1
 52
0.0
 41
1.0
 77
0
 78
1
 53
45.0
 43
0.0
 44
0.0
 45
-0.0883883476
 46
0.0883883476
 79
0
 98
0
  0
LWPOLYLINE
  5
142
330
17
100
AcDbEntity
  8
PARCEL_BORDER
370
50
420
3289650
100
AcDbPolyline
 90
6
 70
1
 10
731246.7317371927
 20
1425556.211063281
 10
731294.5443985793
 20
1425528.17627398
 10
731265.3414930574
 20
1425478.371418369
 10
731220.5972923794
 20
1425504.607026304
 10
731221.8524323247
 20
1425513.7800049835
 10
731246.7317371927
 20
1425556.211063281
  0
TEXT
  5
143
330
17
100
AcDbEntity
  8
TEXT_LABELS
100
AcDbText
 10
731256.2086693943
 20
1425517.334330229
 30
0.0
 40
12.0
  1
P-64
 72
1
 11
731256.2086693943
 21
1425517.334330229
 31
0.0
100
AcDbText
 73
2
  0
HATCH
  5
144
330
17
100
AcDbEntity
  8
PARCEL_S
 62
7
420
16763080
100
AcDbHatch
 10
0.0
 20
0.0
 30
0.0
210
0.0
220
0.0
230
1.0
  2
SOLID
 70
0
 71
0
 91
1
 92
3
 72
0
 73
1
 93
6
 10
731866.4213021179
 20
1425052.917188917
 10
731912.6697917487
 20
1425025.7995463365
 10
731907.0580173715
 20
1425012.6439954352
 10
731885.0310579826
 20
1424975.0775440051
 10
731837.218396596
 20
1425003.112333306
 10
731866.4213021179
 20
1425052.917188917
 97
0
 75
1
 76
1
 52
0.0
 41
1.0
 77
0
 78
1
 53
45.0
 43
0.0
 44
0.0
 45
-0.0883883476
 46
0.0883883476
 79
0
 98
0
  0
LWPOLYLINE
  5
145
330
17
100
AcDbEntity
  8
PARCEL_BORDER
370
50
420
3289650
100
AcDbPolyline
 90
6
 70
1
 10
731866.4213021179
 20
1425052.917188917
 10
731912.6697917487
 20
1425025.7995463365
 10
731907.0580173715
 20
1425012.6439954352
 10
731885.0310579826
 20
1424975.0775440051
 10
731837.218396596
 20
1425003.112333306
 10
731866.4213021179
 20
1425052.917188917
  0
TEXT
  5
146
330
17
100
AcDbEntity
  8
TEXT_LABELS
100
AcDbText
 10
731875.5825333761
 20
1425013.968667803
 30
0.0
 40
12.0
  1
P-65
 72
1
 11
731875.5825333761
 21
1425013.968667803
 31
0.0
100
AcDbText
 73
2
  0
HATCH
  5
147
330
17
100
AcDbEntity
  8
PARCEL_S
 62
7
420
16763080
100
AcDbHatch
 10
0.0
 20
0.0
 30
0.0
210
0.0
220
0.0
230
1.0
  2
SOLID
 70
0
 71
0
 91
1
 92
3
 72
0
 73
1
 93
9
 10
731898.2872792562
 20
1425107.2638493574
 10
731927.4901847779
 20
1425157.068704968
 10
731975.3028461644
 20
1425129.033915667
 10
731957.8958980138
 20
1425099.3467826995
 10
731957.4173199446
 20
1425098.7752510326
 10
731957.1223161267
 20
1425098.386389346
 10
731956.4390757431
 20
1425097.3782576283
 10
731945.4827596468
 20
1425079.5909420073
 10
731898.2872792562
 20
1425107.2638493574
 97
0
 75
1
 76
1
 52
0.0
 41
1.0
 77
0
 78
1
 53
45.0
 43
0.0
 44
0.0
 45
-0.0883883476
 46
0.0883883476
 79
0
 98
0
  0
LWPOLYLINE
  5
148
330
17
100
AcDbEntity
  8
PARCEL_BORDER
370
50
420
3289650
100
AcDbPolyline
 90
14
 70
1
 10
731898.2872792562
 20
1425107.2638493574
 10
731927.4901847779
 20
1425157.068704968
 10
731975.3028461644
 20
1425129.033915667
 10
731957.8958980138
 20
1425099.3467826995
 10
731957.4173199446
 20
1425098.7752510326
 10
731957.4143069335
 20
1425098.7714708138
 10
731957.1223161267
 20
1425098.386389346
 10
731957.1194893215
 20
1425098.3824679356
 10
731956.5734094244
 20
1425097.584983004
 10
731956.5720679311
 20
1425097.582972203
 10
731956.4403682429
 20
1425097.380300266
 10
731956.4390757431
 20
1425097.3782576283
 10
731945.4827596468
 20
1425079.5909420073
 10
731898.2872792562
 20
1425107.2638493574
  0
TEXT
  5
149
330
17
100
AcDbEntity
  8
TEXT_LABELS
100
AcDbText
 10
731936.7492827913
 20
1425118.2510247834
 30
0.0
 40
12.0
  1
P-66
 72
1
 11
731936.7492827913
 21
1425118.2510247834
 31
0.0
100
AcDbText
 73
2
  0
HATCH
  5
14A
330
17
100
AcDbEntity
  8
PARCEL_S
 62
7
420
16763080
100
AcDbHatch
 10
0.0
 20
0.0
 30
0.0
210
0.0
220
0.0
230
1.0
  2
SOLID
 70
0
 71
0
 91
1
 92
3
 72
0
 73
1
 93
5
 10
731818.6086407313
 20
1425080.951978218
 10
731866.4213021179
 20
1425052.917188917
 10
731837.218396596
 20
1425003.112333306
 10
731789.4057352095
 20
1425031.1471226073
 10
731818.6086407313
 20
1425080.951978218
 97
0
 75
1
 76
1
 52
0.0
 41
1.0
 77
0
 78
1
 53
45.0
 43
0.0
 44
0.0
 45
-0.0883883476
 46
0.0883883476
 79
0
 98
0
  0
LWPOLYLINE
  5
14B
330
17
100
AcDbEntity
  8
PARCEL_BORDER
370
50
420
3289650
100
AcDbPolyline
 90
5
 70
1
 10
731818.6086407313
 20
1425080.951978218
 10
731866.4213021179
 20
1425052.917188917
 10
731837.218396596
 20
1425003.112333306
 10
731789.4057352095
 20
1425031.1471226073
 10
731818.6086407313
 20
1425080.951978218
  0
TEXT
  5
14C
330
17
100
AcDbEntity
  8
TEXT_LABELS
100
AcDbText
 10
731827.9135186637
 20
1425042.0321557622
 30
0.0
 40
12.0
  1
P-67
 72
1
 11
731827.9135186637
 21
1425042.0321557622
 31
0.0
100
AcDbText
 73
2
  0
HATCH
  5
14D
330
17
100
AcDbEntity
  8
PARCEL_S
 62
7
420
16763080
100
AcDbHatch
 10
0.0
 20
0.0
 30
0.0
210
0.0
220
0.0
230
1.0
  2
SOLID
 70
0
 71
0
 91
1
 92
3
 72
0
 73
1
 93
5
 10
731898.2872792562
 20
1425107.2638493574
 10
731850.4746178696
 20
1425135.2986386584
 10
731879.6775233913
 20
1425185.103494269
 10
731927.4901847779
 20
1425157.068704968
 10
731898.2872792562
 20
1425107.2638493574
 97
0
 75
1
 76
1
 52
0.0
 41
1.0
 77
0
 78
1
 53
45.0
 43
0.0
 44
0.0
 45
-0.0883883476
 46
0.0883883476
 79
0
 98
0
  0
LWPOLYLINE
  5
14E
330
17
100
AcDbEntity
  8
PARCEL_BORDER
370
50
420
3289650
100
AcDbPolyline
 90
5
 70
1
 10
731898.2872792562
 20
1425107.2638493574
 10
731850.4746178696
 20
1425135.2986386584
 10
731879.6775233913
 20
1425185.103494269
 10
731927.4901847779
 20
1425157.068704968
 10
731898.2872792562
 20
1425107.2638493574
  0
TEXT
  5
14F
330
17
100
AcDbEntity
  8
TEXT_LABELS
100
AcDbText
 10
731888.9824013237
 20
1425146.1836718132
 30
0.0
 40
12.0
  1
P-68
 72
1
 11
731888.9824013237
 21
1425146.1836718132
 31
0.0
100
AcDbText
 73
2
  0
HATCH
  5
150
330
17
100
AcDbEntity
  8
PARCEL_S
 62
7
420
16763080
100
AcDbHatch
 10
0.0
 20
0.0
 30
0.0
210
0.0
220
0.0
230
1.0
  2
SOLID
 70
0
 71
0
 91
1
 92
3
 72
0
 73
1
 93
5
 10
730831.4108751419
 20
1425659.7919874163
 10
730879.2235365282
 20
1425631.757198115
 10
730850.0206310063
 20
1425581.9523425044
 10
730802.20796962
 20
1425609.9871318054
 10
730831.4108751419
 20
1425659.7919874163
 97
0
 75
1
 76
1
 52
0.0
 41
1.0
 77
0
 78
1
 53
45.0
 43
0.0
 44
0.0
 45
-0.0883883476
 46
0.0883883476
 79
0
 98
0
  0
LWPOLYLINE
  5
151
330
17
100
AcDbEntity
  8
PARCEL_BORDER
370
50
420
3289650
100
AcDbPolyline
 90
5
 70
1
 10
730831.4108751419
 20
1425659.7919874163
 10
730879.2235365282
 20
1425631.757198115
 10
730850.0206310063
 20
1425581.9523425044
 10
730802.20796962
 20
1425609.9871318054
 10
730831.4108751419
 20
1425659.7919874163
  0
TEXT
  5
152
330
17
100
AcDbEntity
  8
TEXT_LABELS
100
AcDbText
 10
730840.715753074
 20
1425620.8721649605
 30
0.0
 40
12.0
  1
P-69
 72
1
 11
730840.715753074
 21
1425620.8721649605
 31
0.0
100
AcDbText
 73
2
  0
HATCH
  5
153
330
17
100
AcDbEntity
  8
PARCEL_S
 62
7
420
16763080
100
AcDbHatch
 10
0.0
 20
0.0
 30
0.0
210
0.0
220
0.0
230
1.0
  2
SOLID
 70
0
 71
0
 91
1
 92
3
 72
0
 73
1
 93
5
 10
730863.2768522801
 20
1425714.1386478567
 10
730892.4797578019
 20
1425763.9435034676
 10
730940.2924191882
 20
1425735.9087141664
 10
730911.0895136665
 20
1425686.1038585554
 10
730863.2768522801
 20
1425714.1386478567
 97
0
 75
1
 76
1
 52
0.0
 41
1.0
 77
0
 78
1
 53
45.0
 43
0.0
 44
0.0
 45
-0.0883883476
 46
0.0883883476
 79
0
 98
0
  0
LWPOLYLINE
  5
154
330
17
100
AcDbEntity
  8
PARCEL_BORDER
370
50
420
3289650
100
AcDbPolyline
 90
5
 70
1
 10
730863.2768522801
 20
1425714.1386478567
 10
730892.4797578019
 20
1425763.9435034676
 10
730940.2924191882
 20
1425735.9087141664
 10
730911.0895136665
 20
1425686.1038585554
 10
730863.2768522801
 20
1425714.1386478567
  0
TEXT
  5
155
330
17
100
AcDbEntity
  8
TEXT_LABELS
100
AcDbText
 10
730901.7846357343
 20
1425725.0236810117
 30
0.0
 40
12.0
  1
P-70
 72
1
 11
730901.7846357343
 21
1425725.0236810117
 31
0.0
100
AcDbText
 73
2
  0
HATCH
  5
156
330
17
100
AcDbEntity
  8
PARCEL_S
 62
7
420
16763080
100
AcDbHatch
 10
0.0
 20
0.0
 30
0.0
210
0.0
220
0.0
230
1.0
  2
SOLID
 70
0
 71
0
 91
1
 92
3
 72
0
 73
1
 93
5
 10
731299.5508281408
 20
1425241.420956106
 10
731251.7381667543
 20
1425269.455745407
 10
731280.9410722761
 20
1425319.2606010179
 10
731328.7537336627
 20
1425291.2258117169
 10
731299.5508281408
 20
1425241.420956106
 97
0
 75
1
 76
1
 52
0.0
 41
1.0
 77
0
 78
1
 53
45.0
 43
0.0
 44
0.0
 45
-0.0883883476
 46
0.0883883476
 79
0
 98
0
  0
LWPOLYLINE
  5
157
330
17
100
AcDbEntity
  8
PARCEL_BORDER
370
50
420
3289650
100
AcDbPolyline
 90
5
 70
1
 10
731299.5508281408
 20
1425241.420956106
 10
731251.7381667543
 20
1425269.455745407
 10
731280.9410722761
 20
1425319.2606010179
 10
731328.7537336627
 20
1425291.2258117169
 10
731299.5508281408
 20
1425241.420956106
  0
TEXT
  5
158
330
17
100
AcDbEntity
  8
TEXT_LABELS
100
AcDbText
 10
731290.2459502084
 20
1425280.340778562
 30
0.0
 40
12.0
  1
P-71
 72
1
 11
731290.2459502084
 21
1425280.340778562
 31
0.0
100
AcDbText
 73
2
  0
HATCH
  5
159
330
17
100
AcDbEntity
  8
PARCEL_S
 62
7
420
16763080
100
AcDbHatch
 10
0.0
 20
0.0
 30
0.0
210
0.0
220
0.0
230
1.0
  2
SOLID
 70
0
 71
0
 91
1
 92
3
 72
0
 73
1
 93
5
 10
731251.7381667543
 20
1425269.455745407
 10
731203.9255053677
 20
1425297.4905347081
 10
731233.1284108895
 20
1425347.2953903188
 10
731280.9410722761
 20
1425319.2606010179
 10
731251.7381667543
 20
1425269.455745407
 97
0
 75
1
 76
1
 52
0.0
 41
1.0
 77
0
 78
1
 53
45.0
 43
0.0
 44
0.0
 45
-0.0883883476
 46
0.0883883476
 79
0
 98
0
  0
LWPOLYLINE
  5
15A
330
17
100
AcDbEntity
  8
PARCEL_BORDER
370
50
420
3289650
100
AcDbPolyline
 90
5
 70
1
 10
731251.7381667543
 20
1425269.455745407
 10
731203.9255053677
 20
1425297.4905347081
 10
731233.1284108895
 20
1425347.2953903188
 10
731280.9410722761
 20
1425319.2606010179
 10
731251.7381667543
 20
1425269.455745407
  0
TEXT
  5
15B
330
17
100
AcDbEntity
  8
TEXT_LABELS
100
AcDbText
 10
731242.433288822
 20
1425308.3755678628
 30
0.0
 40
12.0
  1
P-72
 72
1
 11
731242.433288822
 21
1425308.3755678628
 31
0.0
100
AcDbText
 73
2
  0
HATCH
  5
15C
330
17
100
AcDbEntity
  8
PARCEL_S
 62
7
420
16763080
100
AcDbHatch
 10
0.0
 20
0.0
 30
0.0
210
0.0
220
0.0
230
1.0
  2
SOLID
 70
0
 71
0
 91
1
 92
3
 72
0
 73
1
 93
5
 10
730738.6866211079
 20
1425637.7270118138
 10
730786.4992824944
 20
1425609.6922225128
 10
730762.0153419917
 20
1425567.9354486668
 10
730714.2026806051
 20
1425595.9702379678
 10
730738.6866211079
 20
1425637.7270118138
 97
0
 75
1
 76
1
 52
0.0
 41
1.0
 77
0
 78
1
 53
45.0
 43
0.0
 44
0.0
 45
-0.0883883476
 46
0.0883883476
 79
0
 98
0
  0
LWPOLYLINE
  5
15D
330
17
100
AcDbEntity
  8
PARCEL_BORDER
370
50
420
3289650
100
AcDbPolyline
 90
5
 70
1
 10
730738.6866211079
 20
1425637.7270118138
 10
730786.4992824944
 20
1425609.6922225128
 10
730762.0153419917
 20
1425567.9354486668
 10
730714.2026806051
 20
1425595.9702379678
 10
730738.6866211079
 20
1425637.7270118138
  0
TEXT
  5
15E
330
17
100
AcDbEntity
  8
TEXT_LABELS
100
AcDbText
 10
730750.3509815498
 20
1425602.8312302402
 30
0.0
 40
12.0
  1
P-73
 72
1
 11
730750.3509815498
 21
1425602.8312302402
 31
0.0
100
AcDbText
 73
2
  0
HATCH
  5
15F
330
17
100
AcDbEntity
  8
PARCEL_S
 62
7
420
16763080
100
AcDbHatch
 10
0.0
 20
0.0
 30
0.0
210
0.0
220
0.0
230
1.0
  2
SOLID
 70
0
 71
0
 91
1
 92
3
 72
0
 73
1
 93
5
 10
730690.8739597213
 20
1425665.7618011148
 10
730738.6866211079
 20
1425637.7270118138
 10
730714.2026806051
 20
1425595.9702379678
 10
730666.3900192186
 20
1425624.0050272688
 10
730690.8739597213
 20
1425665.7618011148
 97
0
 75
1
 76
1
 52
0.0
 41
1.0
 77
0
 78
1
 53
45.0
 43
0.0
 44
0.0
 45
-0.0883883476
 46
0.0883883476
 79
0
 98
0
  0
LWPOLYLINE
  5
160
330
17
100
AcDbEntity
  8
PARCEL_BORDER
370
50
420
3289650
100
AcDbPolyline
 90
5
 70
1
 10
730690.8739597213
 20
1425665.7618011148
 10
730738.6866211079
 20
1425637.7270118138
 10
730714.2026806051
 20
1425595.9702379678
 10
730666.3900192186
 20
1425624.0050272688
 10
730690.8739597213
 20
1425665.7618011148
  0
TEXT
  5
161
330
17
100
AcDbEntity
  8
TEXT_LABELS
100
AcDbText
 10
730702.5383201631
 20
1425630.8660195414
 30
0.0
 40
12.0
  1
P-74
 72
1
 11
730702.5383201631
 21
1425630.8660195414
 31
0.0
100
AcDbText
 73
2
  0
HATCH
  5
162
330
17
100
AcDbEntity
  8
PARCEL_S
 62
7
420
16763080
100
AcDbHatch
 10
0.0
 20
0.0
 30
0.0
210
0.0
220
0.0
230
1.0
  2
SOLID
 70
0
 71
0
 91
1
 92
3
 72
0
 73
1
 93
5
 10
730643.061298335
 20
1425693.7965904158
 10
730690.8739597213
 20
1425665.7618011148
 10
730666.3900192186
 20
1425624.0050272688
 10
730618.5773578322
 20
1425652.0398165698
 10
730643.061298335
 20
1425693.7965904158
 97
0
 75
1
 76
1
 52
0.0
 41
1.0
 77
0
 78
1
 53
45.0
 43
0.0
 44
0.0
 45
-0.0883883476
 46
0.0883883476
 79
0
 98
0
  0
LWPOLYLINE
  5
163
330
17
100
AcDbEntity
  8
PARCEL_BORDER
370
50
420
3289650
100
AcDbPolyline
 90
5
 70
1
 10
730643.061298335
 20
1425693.7965904158
 10
730690.8739597213
 20
1425665.7618011148
 10
730666.3900192186
 20
1425624.0050272688
 10
730618.5773578322
 20
1425652.0398165698
 10
730643.061298335
 20
1425693.7965904158
  0
TEXT
  5
164
330
17
100
AcDbEntity
  8
TEXT_LABELS
100
AcDbText
 10
730654.7256587767
 20
1425658.9008088422
 30
0.0
 40
12.0
  1
P-75
 72
1
 11
730654.7256587767
 21
1425658.9008088422
 31
0.0
100
AcDbText
 73
2
  0
HATCH
  5
165
330
17
100
AcDbEntity
  8
PARCEL_S
 62
7
420
16763080
100
AcDbHatch
 10
0.0
 20
0.0
 30
0.0
210
0.0
220
0.0
230
1.0
  2
SOLID
 70
0
 71
0
 91
1
 92
3
 72
0
 73
1
 93
6
 10
731524.947492191
 20
1424701.3966637803
 10
731495.7445866691
 20
1424651.5918081694
 10
731447.9319252828
 20
1424679.6265974704
 10
731474.2233731006
 20
1424724.4660317309
 10
731488.068152855
 20
1424723.0207373595
 10
731524.947492191
 20
1424701.3966637803
 97
0
 75
1
 76
1
 52
0.0
 41
1.0
 77
0
 78
1
 53
45.0
 43
0.0
 44
0.0
 45
-0.0883883476
 46
0.0883883476
 79
0
 98
0
  0
LWPOLYLINE
  5
166
330
17
100
AcDbEntity
  8
PARCEL_BORDER
370
50
420
3289650
100
AcDbPolyline
 90
6
 70
1
 10
731524.947492191
 20
1424701.3966637803
 10
731495.7445866691
 20
1424651.5918081694
 10
731447.9319252828
 20
1424679.6265974704
 10
731474.2233731006
 20
1424724.4660317309
 10
731488.068152855
 20
1424723.0207373595
 10
731524.947492191
 20
1424701.3966637803
  0
TEXT
  5
167
330
17
100
AcDbEntity
  8
TEXT_LABELS
100
AcDbText
 10
731486.5161656152
 20
1424690.1065949926
 30
0.0
 40
12.0
  1
P-76
 72
1
 11
731486.5161656152
 21
1424690.1065949926
 31
0.0
100
AcDbText
 73
2
  0
HATCH
  5
168
330
17
100
AcDbEntity
  8
PARCEL_S
 62
7
420
16763080
100
AcDbHatch
 10
0.0
 20
0.0
 30
0.0
210
0.0
220
0.0
230
1.0
  2
SOLID
 70
0
 71
0
 91
1
 92
3
 72
0
 73
1
 93
5
 10
730530.5071495008
 20
1425282.6819113607
 10
730578.3198108873
 20
1425254.6471220597
 10
730554.8373359346
 20
1425214.5983237124
 10
730507.0246745481
 20
1425242.6331130133
 10
730530.5071495008
 20
1425282.6819113607
 97
0
 75
1
 76
1
 52
0.0
 41
1.0
 77
0
 78
1
 53
45.0
 43
0.0
 44
0.0
 45
-0.0883883476
 46
0.0883883476
 79
0
 98
0
  0
LWPOLYLINE
  5
169
330
17
100
AcDbEntity
  8
PARCEL_BORDER
370
50
420
3289650
100
AcDbPolyline
 90
5
 70
1
 10
730530.5071495008
 20
1425282.6819113607
 10
730578.3198108873
 20
1425254.6471220597
 10
730554.8373359346
 20
1425214.5983237124
 10
730507.0246745481
 20
1425242.6331130133
 10
730530.5071495008
 20
1425282.6819113607
  0
TEXT
  5
16A
330
17
100
AcDbEntity
  8
TEXT_LABELS
100
AcDbText
 10
730542.6722427177
 20
1425248.6401175363
 30
0.0
 40
12.0
  1
P-77
 72
1
 11
730542.6722427177
 21
1425248.6401175363
 31
0.0
100
AcDbText
 73
2
  0
HATCH
  5
16B
330
17
100
AcDbEntity
  8
PARCEL_S
 62
7
420
16763080
100
AcDbHatch
 10
0.0
 20
0.0
 30
0.0
210
0.0
220
0.0
230
1.0
  2
SOLID
 70
0
 71
0
 91
1
 92
3
 72
0
 73
1
 93
5
 10
730483.2002972751
 20
1425311.5793460656
 10
730531.0129586617
 20
1425283.5445567647
 10
730507.0246745481
 20
1425242.6331130133
 10
730459.2120131615
 20
1425270.6679023143
 10
730483.2002972751
 20
1425311.5793460656
 97
0
 75
1
 76
1
 52
0.0
 41
1.0
 77
0
 78
1
 53
45.0
 43
0.0
 44
0.0
 45
-0.0883883476
 46
0.0883883476
 79
0
 98
0
  0
LWPOLYLINE
  5
16C
330
17
100
AcDbEntity
  8
PARCEL_BORDER
370
50
420
3289650
100
AcDbPolyline
 90
5
 70
1
 10
730483.2002972751
 20
1425311.5793460656
 10
730531.0129586617
 20
1425283.5445567647
 10
730507.0246745481
 20
1425242.6331130133
 10
730459.2120131615
 20
1425270.6679023143
 10
730483.2002972751
 20
1425311.5793460656
  0
TEXT
  5
16D
330
17
100
AcDbEntity
  8
TEXT_LABELS
100
AcDbText
 10
730495.1124859116
 20
1425277.1062295397
 30
0.0
 40
12.0
  1
P-78
 72
1
 11
730495.1124859116
 21
1425277.1062295397
 31
0.0
100
AcDbText
 73
2
  0
HATCH
  5
16E
330
17
100
AcDbEntity
  8
PARCEL_S
 62
7
420
16763080
100
AcDbHatch
 10
0.0
 20
0.0
 30
0.0
210
0.0
220
0.0
230
1.0
  2
SOLID
 70
0
 71
0
 91
1
 92
3
 72
0
 73
1
 93
5
 10
730435.3876358888
 20
1425339.6141353666
 10
730483.2002972751
 20
1425311.5793460656
 10
730459.2120131615
 20
1425270.6679023143
 10
730411.3993517752
 20
1425298.7026916153
 10
730435.3876358888
 20
1425339.6141353666
 97
0
 75
1
 76
1
 52
0.0
 41
1.0
 77
0
 78
1
 53
45.0
 43
0.0
 44
0.0
 45
-0.0883883476
 46
0.0883883476
 79
0
 98
0
  0
LWPOLYLINE
  5
16F
330
17
100
AcDbEntity
  8
PARCEL_BORDER
370
50
420
3289650
100
AcDbPolyline
 90
5
 70
1
 10
730435.3876358888
 20
1425339.6141353666
 10
730483.2002972751
 20
1425311.5793460656
 10
730459.2120131615
 20
1425270.6679023143
 10
730411.3993517752
 20
1425298.7026916153
 10
730435.3876358888
 20
1425339.6141353666
  0
TEXT
  5
170
330
17
100
AcDbEntity
  8
TEXT_LABELS
100
AcDbText
 10
730447.2998245251
 20
1425305.1410188405
 30
0.0
 40
12.0
  1
P-79
 72
1
 11
730447.2998245251
 21
1425305.1410188405
 31
0.0
100
AcDbText
 73
2
  0
HATCH
  5
171
330
17
100
AcDbEntity
  8
PARCEL_S
 62
7
420
16763080
100
AcDbHatch
 10
0.0
 20
0.0
 30
0.0
210
0.0
220
0.0
230
1.0
  2
SOLID
 70
0
 71
0
 91
1
 92
3
 72
0
 73
1
 93
9
 10
730358.3720689805
 20
1425317.844069057
 10
730387.5749745022
 20
1425367.6489246676
 10
730435.3876358888
 20
1425339.6141353666
 10
730411.3993517752
 20
1425298.7026916153
 10
730408.5278209236
 20
1425300.3864038384
 10
730408.4713704914
 20
1425300.3999668933
 10
730408.4093728542
 20
1425300.3735834912
 10
730403.226934975
 20
1425291.543572895
 10
730358.3720689805
 20
1425317.844069057
 97
0
 75
1
 76
1
 52
0.0
 41
1.0
 77
0
 78
1
 53
45.0
 43
0.0
 44
0.0
 45
-0.0883883476
 46
0.0883883476
 79
0
 98
0
  0
LWPOLYLINE
  5
172
330
17
100
AcDbEntity
  8
PARCEL_BORDER
370
50
420
3289650
100
AcDbPolyline
 90
23
 70
1
 10
730358.3720689805
 20
1425317.844069057
 10
730387.5749745022
 20
1425367.6489246676
 10
730435.3876358888
 20
1425339.6141353666
 10
730411.3993517752
 20
1425298.7026916153
 10
730408.5278209236
 20
1425300.3864038384
 10
730408.5191219593
 20
1425300.3909462478
 10
730408.5100196488
 20
1425300.3946141365
 10
730408.5006016521
 20
1425300.3973721813
 10
730408.4909586704
 20
1425300.3991938198
 10
730408.4811835703
 20
1425300.4000615093
 10
730408.4713704914
 20
1425300.3999668933
 10
730408.4616139394
 20
1425300.3989108829
 10
730408.452007875
 20
1425300.3969036483
 10
730408.4426448095
 20
1425300.39396452
 10
730408.433614915
 20
1425300.3901218034
 10
730408.425005154
 20
1425300.3854125065
 10
730408.4168984429
 20
1425300.3798819815
 10
730408.4093728542
 20
1425300.3735834912
 10
730408.4025008634
 20
1425300.366577693
 10
730408.3963486515
 20
1425300.3589320567
 10
730408.3909754672
 20
1425300.350720214
 10
730403.226934975
 20
1425291.543572895
 10
730358.3720689805
 20
1425317.844069057
  0
TEXT
  5
173
330
17
100
AcDbEntity
  8
TEXT_LABELS
100
AcDbText
 10
730396.7633224638
 20
1425329.1044551441
 30
0.0
 40
12.0
  1
P-80
 72
1
 11
730396.7633224638
 21
1425329.1044551441
 31
0.0
100
AcDbText
 73
2
  0
HATCH
  5
174
330
17
100
AcDbEntity
  8
PARCEL_S
 62
7
420
16763080
100
AcDbHatch
 10
0.0
 20
0.0
 30
0.0
210
0.0
220
0.0
230
1.0
  2
SOLID
 70
0
 71
0
 91
1
 92
3
 72
0
 73
1
 93
5
 10
730324.0464955904
 20
1424930.5682133029
 10
730371.8591569769
 20
1424902.533424002
 10
730347.517273176
 20
1424861.0189244568
 10
730299.7046117894
 20
1424889.0537137578
 10
730324.0464955904
 20
1424930.5682133029
 97
0
 75
1
 76
1
 52
0.0
 41
1.0
 77
0
 78
1
 53
45.0
 43
0.0
 44
0.0
 45
-0.0883883476
 46
0.0883883476
 79
0
 98
0
  0
LWPOLYLINE
  5
175
330
17
100
AcDbEntity
  8
PARCEL_BORDER
370
50
420
3289650
100
AcDbPolyline
 90
5
 70
1
 10
730324.0464955904
 20
1424930.5682133029
 10
730371.8591569769
 20
1424902.533424002
 10
730347.517273176
 20
1424861.0189244568
 10
730299.7046117894
 20
1424889.0537137578
 10
730324.0464955904
 20
1424930.5682133029
  0
TEXT
  5
176
330
17
100
AcDbEntity
  8
TEXT_LABELS
100
AcDbText
 10
730335.7818843831
 20
1424895.7935688798
 30
0.0
 40
12.0
  1
P-81
 72
1
 11
730335.7818843831
 21
1424895.7935688798
 31
0.0
100
AcDbText
 73
2
  0
HATCH
  5
177
330
17
100
AcDbEntity
  8
PARCEL_S
 62
7
420
16763080
100
AcDbHatch
 10
0.0
 20
0.0
 30
0.0
210
0.0
220
0.0
230
1.0
  2
SOLID
 70
0
 71
0
 91
1
 92
3
 72
0
 73
1
 93
5
 10
730276.2338342038
 20
1424958.6030026039
 10
730324.0464955904
 20
1424930.5682133029
 10
730299.7046117894
 20
1424889.0537137578
 10
730251.8919504029
 20
1424917.0885030588
 10
730276.2338342038
 20
1424958.6030026039
 97
0
 75
1
 76
1
 52
0.0
 41
1.0
 77
0
 78
1
 53
45.0
 43
0.0
 44
0.0
 45
-0.0883883476
 46
0.0883883476
 79
0
 98
0
  0
LWPOLYLINE
  5
178
330
17
100
AcDbEntity
  8
PARCEL_BORDER
370
50
420
3289650
100
AcDbPolyline
 90
5
 70
1
 10
730276.2338342038
 20
1424958.6030026039
 10
730324.0464955904
 20
1424930.5682133029
 10
730299.7046117894
 20
1424889.0537137578
 10
730251.8919504029
 20
1424917.0885030588
 10
730276.2338342038
 20
1424958.6030026039
  0
TEXT
  5
179
330
17
100
AcDbEntity
  8
TEXT_LABELS
100
AcDbText
 10
730287.9692229966
 20
1424923.8283581808
 30
0.0
 40
12.0
  1
P-82
 72
1
 11
730287.9692229966
 21
1424923.8283581808
 31
0.0
100
AcDbText
 73
2
  0
HATCH
  5
17A
330
17
100
AcDbEntity
  8
PARCEL_S
 62
7
420
16763080
100
AcDbHatch
 10
0.0
 20
0.0
 30
0.0
210
0.0
220
0.0
230
1.0
  2
SOLID
 70
0
 71
0
 91
1
 92
3
 72
0
 73
1
 93
5
 10
730228.4211728175
 20
1424986.6377919049
 10
730276.2338342038
 20
1424958.6030026039
 10
730251.8919504029
 20
1424917.0885030588
 10
730204.0792890165
 20
1424945.1232923598
 10
730228.4211728175
 20
1424986.6377919049
 97
0
 75
1
 76
1
 52
0.0
 41
1.0
 77
0
 78
1
 53
45.0
 43
0.0
 44
0.0
 45
-0.0883883476
 46
0.0883883476
 79
0
 98
0
  0
LWPOLYLINE
  5
17B
330
17
100
AcDbEntity
  8
PARCEL_BORDER
370
50
420
3289650
100
AcDbPolyline
 90
5
 70
1
 10
730228.4211728175
 20
1424986.6377919049
 10
730276.2338342038
 20
1424958.6030026039
 10
730251.8919504029
 20
1424917.0885030588
 10
730204.0792890165
 20
1424945.1232923598
 10
730228.4211728175
 20
1424986.6377919049
  0
TEXT
  5
17C
330
17
100
AcDbEntity
  8
TEXT_LABELS
100
AcDbText
 10
730240.1565616102
 20
1424951.8631474818
 30
0.0
 40
12.0
  1
P-83
 72
1
 11
730240.1565616102
 21
1424951.8631474818
 31
0.0
100
AcDbText
 73
2
  0
HATCH
  5
17D
330
17
100
AcDbEntity
  8
PARCEL_S
 62
7
420
16763080
100
AcDbHatch
 10
0.0
 20
0.0
 30
0.0
210
0.0
220
0.0
230
1.0
  2
SOLID
 70
0
 71
0
 91
1
 92
3
 72
0
 73
1
 93
5
 10
731132.425252217
 20
1423980.943422008
 10
731103.2223466951
 20
1423931.1385663971
 10
731061.7088848874
 20
1423955.4798417243
 10
731090.9117904092
 20
1424005.2846973352
 10
731132.425252217
 20
1423980.943422008
 97
0
 75
1
 76
1
 52
0.0
 41
1.0
 77
0
 78
1
 53
45.0
 43
0.0
 44
0.0
 45
-0.0883883476
 46
0.0883883476
 79
0
 98
0
  0
LWPOLYLINE
  5
17E
330
17
100
AcDbEntity
  8
PARCEL_BORDER
370
50
420
3289650
100
AcDbPolyline
 90
5
 70
1
 10
731132.425252217
 20
1423980.943422008
 10
731103.2223466951
 20
1423931.1385663971
 10
731061.7088848874
 20
1423955.4798417243
 10
731090.9117904092
 20
1424005.2846973352
 10
731132.425252217
 20
1423980.943422008
  0
TEXT
  5
17F
330
17
100
AcDbEntity
  8
TEXT_LABELS
100
AcDbText
 10
731097.0670685521
 20
1423968.2116318664
 30
0.0
 40
12.0
  1
P-84
 72
1
 11
731097.0670685521
 21
1423968.2116318664
 31
0.0
100
AcDbText
 73
2
  0
HATCH
  5
180
330
17
100
AcDbEntity
  8
GREEN_AREA
 62
7
420
9881750
100
AcDbHatch
 10
0.0
 20
0.0
 30
0.0
210
0.0
220
0.0
230
1.0
  2
SOLID
 70
0
 71
0
 91
2
 92
3
 72
0
 73
1
 93
52
 10
731961.3156074568
 20
1425299.456956245
 10
732028.2645437797
 20
1425237.1824535977
 10
732037.7072889893
 20
1425228.5134050336
 10
732034.7304520569
 20
1425214.2133948107
 10
732034.5672946702
 20
1425213.1464467167
 10
732034.5146251493
 20
1425212.6093475046
 10
732034.4674114763
 20
1425211.5310296307
 10
732034.4729361291
 20
1425210.9913824121
 10
732034.5422162084
 20
1425209.9142571462
 10
732034.6058706724
 20
1425209.3783488045
 10
732034.790837392
 20
1425208.3149646402
 10
732034.9118800939
 20
1425207.7890384982
 10
732035.2920055831
 20
1425206.4944853056
 10
732040.8095285696
 20
1425190.6053237822
 10
732043.0637372237
 20
1425184.5957730396
 10
732021.3283098231
 20
1425150.5812184846
 10
732020.6971488388
 20
1425149.4867702168
 10
732020.4694116306
 20
1425149.0356402772
 10
732020.0601152326
 20
1425148.111515669
 10
732019.8790790123
 20
1425147.6397017806
 10
732019.5651557898
 20
1425146.6789822357
 10
732019.4326698963
 20
1425146.191304118
 10
732019.2173266689
 20
1425145.2038036734
 10
732019.1347444851
 20
1425144.7052431041
 10
732019.0201810481
 20
1425143.7010493716
 10
732018.9883461758
 20
1425143.1966992954
 10
732018.9757328287
 20
1425142.1860704133
 10
732018.9949704706
 20
1425141.6810829167
 10
732019.0844360627
 20
1425140.674342761
 10
732019.1545497003
 20
1425140.1738764425
 10
732019.3451803139
 20
1425139.1813091638
 10
732019.4654537155
 20
1425138.690476436
 10
732019.7553020018
 20
1425137.7222214052
 10
732019.9245065392
 20
1425137.2460362695
 10
732020.3106116118
 20
1425136.3119845008
 10
732020.5270188096
 20
1425135.8553113323
 10
732021.0054364897
 20
1425134.9650044432
 10
732021.266835684
 20
1425134.5325082936
 10
732021.8326787924
 20
1425133.6950410344
 10
732022.1363997124
 20
1425133.2911399808
 10
732022.783887993
 20
1425132.5150673294
 10
732023.1268280395
 20
1425132.1438873415
 10
732023.8493472063
 20
1425131.4371371118
 10
732024.2280031432
 20
1425131.1024699048
 10
732025.0181724472
 20
1425130.472261761
 10
732025.4286761925
 20
1425130.1775260593
 10
732026.4943197336
 20
1425129.4988619138
 10
732420.3428079871
 20
1424903.168604958
 10
732411.6427741139
 20
1424887.8049702463
 10
731856.1098502523
 20
1425213.5397864773
 10
731922.6459415711
 20
1425327.0154958914
 10
731961.3156074568
 20
1425299.456956245
 97
0
 92
3
 72
0
 73
1
 93
5
 10
731914.8694110664
 20
1425246.1301215591
 10
731885.6665055447
 20
1425196.3252659484
 10
731981.2918283176
 20
1425140.2556873462
 10
732010.4947338393
 20
1425190.060542957
 10
731914.8694110664
 20
1425246.1301215591
 97
0
 75
1
 76
1
 52
0.0
 41
1.0
 77
0
 78
1
 53
45.0
 43
0.0
 44
0.0
 45
-0.0883883476
 46
0.0883883476
 79
0
 98
0
  0
LWPOLYLINE
  5
181
330
17
100
AcDbEntity
  8
PARCEL_BORDER
370
50
420
3302450
100
AcDbPolyline
 90
62
 70
1
 10
731961.3156074568
 20
1425299.456956245
 10
732028.2645437797
 20
1425237.1824535977
 10
732028.2765694403
 20
1425237.171304307
 10
732028.3247451033
 20
1425237.1267861328
 10
732028.3368072741
 20
1425237.1156763365
 10
732037.7072889893
 20
1425228.5134050336
 10
732034.7784442237
 20
1425214.479030381
 10
732034.7304520569
 20
1425214.2133948107
 10
732034.5672946702
 20
1425213.1464467167
 10
732034.5146251493
 20
1425212.6093475046
 10
732034.4674114763
 20
1425211.5310296307
 10
732034.4729361291
 20
1425210.9913824121
 10
732034.5422162084
 20
1425209.9142571462
 10
732034.6058706724
 20
1425209.3783488045
 10
732034.790837392
 20
1425208.3149646402
 10
732034.9118800939
 20
1425207.7890384982
 10
732035.2103785942
 20
1425206.7517838462
 10
732035.2920055831
 20
1425206.4944853056
 10
732040.7884726105
 20
1425190.6647527036
 10
732040.8095285696
 20
1425190.6053237822
 10
732040.8952477972
 20
1425190.3681485548
 10
732040.917051452
 20
1425190.3089898627
 10
732043.0637372237
 20
1425184.5957730396
 10
732021.3283098231
 20
1425150.5812184846
 10
732021.1976373278
 20
1425150.3648596804
 10
732020.6971488388
 20
1425149.4867702168
 10
732020.4694116306
 20
1425149.0356402772
 10
732020.0601152326
 20
1425148.111515669
 10
732019.8790790123
 20
1425147.6397017806
 10
732019.5651557898
 20
1425146.6789822357
 10
732019.4326698963
 20
1425146.191304118
 10
732019.2173266689
 20
1425145.2038036734
 10
732019.1347444851
 20
1425144.7052431041
 10
732019.0201810481
 20
1425143.7010493716
 10
732018.9883461758
 20
1425143.1966992954
 10
732018.9757328287
 20
1425142.1860704133
 10
732018.9949704706
 20
1425141.6810829167
 10
732019.0844360627
 20
1425140.674342761
 10
732019.1545497003
 20
1425140.1738764425
 10
732019.3451803139
 20
1425139.1813091638
 10
732019.4654537155
 20
1425138.690476436
 10
732019.7553020018
 20
1425137.7222214052
 10
732019.9245065392
 20
1425137.2460362695
 10
732020.3106116118
 20
1425136.3119845008
 10
732020.5270188096
 20
1425135.8553113323
 10
732021.0054364897
 20
1425134.9650044432
 10
732021.266835684
 20
1425134.5325082936
 10
732021.8326787924
 20
1425133.6950410344
 10
732022.1363997124
 20
1425133.2911399808
 10
732022.783887993
 20
1425132.5150673294
 10
732023.1268280395
 20
1425132.1438873415
 10
732023.8493472063
 20
1425131.4371371118
 10
732024.2280031432
 20
1425131.1024699048
 10
732025.0181724472
 20
1425130.472261761
 10
732025.4286761925
 20
1425130.1775260593
 10
732026.2784238188
 20
1425129.6302977658
 10
732026.4943197336
 20
1425129.4988619138
 10
732420.3428079871
 20
1424903.168604958
 10
732411.6427741139
 20
1424887.8049702463
 10
731856.1098502523
 20
1425213.5397864773
 10
731922.6459415711
 20
1425327.0154958914
 10
731961.3156074568
 20
1425299.456956245
  0
HATCH
  5
182
330
17
100
AcDbEntity
  8
GREEN_AREA
 62
7
420
9881750
100
AcDbHatch
 10
0.0
 20
0.0
 30
0.0
210
0.0
220
0.0
230
1.0
  2
SOLID
 70
0
 71
0
 91
3
 92
3
 72
0
 73
1
 93
42
 10
732394.9733789439
 20
1424858.368016093
 10
731976.8572082886
 20
1425102.413732907
 10
731975.788261718
 20
1425102.9768067524
 10
731975.3493204516
 20
1425103.1789871973
 10
731974.4529222486
 20
1425103.540450517
 10
731973.9965126768
 20
1425103.699311053
 10
731973.0694056932
 20
1425103.972547417
 10
731972.5997915269
 20
1425104.086603992
 10
731971.6506366612
 20
1425104.269060866
 10
731971.1722049682
 20
1425104.3372479798
 10
731970.2098690874
 20
1425104.4272208782
 10
731969.7270893069
 20
1425104.448901537
 10
731968.7605624129
 20
1425104.445549946
 10
731968.2779446027
 20
1425104.420521612
 10
731967.3162558494
 20
1425104.3238768415
 10
731966.8383085567
 20
1425104.252373326
 10
731965.8904419006
 20
1425104.0633382176
 10
731965.4216300393
 20
1425103.9460274961
 10
731964.4964403132
 20
1425103.6663679883
 10
731964.0411434536
 20
1425103.50434596
 10
731963.1472736452
 20
1425103.136674591
 10
731962.709745106
 20
1425102.9314548427
 10
731961.8555456173
 20
1425102.4792063453
 10
731961.4398727271
 20
1425102.2327060103
 10
731960.6333233657
 20
1425101.7001052245
 10
731960.2433892783
 20
1425101.414627072
 10
731959.4920247109
 20
1425100.8066494763
 10
731959.1314721353
 20
1425100.4848604025
 10
731958.4423115007
 20
1425099.8071856357
 10
731958.1145086674
 20
1425099.4520917484
 10
731957.493990004
 20
1425098.7110505498
 10
731957.2019991972
 20
1425098.325969082
 10
731956.5242196124
 20
1425097.3258122136
 10
731914.0673906603
 20
1425028.3981717355
 10
731913.6063160747
 20
1425027.590225578
 10
731913.4352693993
 20
1425027.2597716493
 10
731913.0418213308
 20
1425026.4168212442
 10
731889.8797794672
 20
1424972.118590379
 10
731759.8490772974
 20
1425048.3616446725
 10
731850.4798340929
 20
1425202.930228703
 10
732405.7290522464
 20
1424877.3617623367
 10
732394.9733789439
 20
1424858.368016093
 97
0
 92
3
 72
0
 73
1
 93
9
 10
731945.4827596468
 20
1425079.5909420073
 10
731956.4390757431
 20
1425097.3782576283
 10
731957.1223161267
 20
1425098.386389346
 10
731957.4173199446
 20
1425098.7752510326
 10
731957.8958980138
 20
1425099.3467826995
 10
731975.3028461644
 20
1425129.033915667
 10
731879.6775233913
 20
1425185.103494269
 10
731850.4746178696
 20
1425135.2986386584
 10
731945.4827596468
 20
1425079.5909420073
 97
0
 92
3
 72
0
 73
1
 93
6
 10
731789.4057352095
 20
1425031.1471226073
 10
731885.0310579826
 20
1424975.0775440051
 10
731907.0580173715
 20
1425012.6439954352
 10
731912.6697917487
 20
1425025.7995463365
 10
731818.6086407313
 20
1425080.951978218
 10
731789.4057352095
 20
1425031.1471226073
 97
0
 75
1
 76
1
 52
0.0
 41
1.0
 77
0
 78
1
 53
45.0
 43
0.0
 44
0.0
 45
-0.0883883476
 46
0.0883883476
 79
0
 98
0
  0
LWPOLYLINE
  5
183
330
17
100
AcDbEntity
  8
PARCEL_BORDER
370
50
420
3302450
100
AcDbPolyline
 90
46
 70
1
 10
732394.9733789439
 20
1424858.368016093
 10
731976.8572082886
 20
1425102.413732907
 10
731976.6455771185
 20
1425102.5304932147
 10
731975.788261718
 20
1425102.9768067524
 10
731975.3493204516
 20
1425103.1789871973
 10
731974.4529222486
 20
1425103.540450517
 10
731973.9965126768
 20
1425103.699311053
 10
731973.0694056932
 20
1425103.972547417
 10
731972.5997915269
 20
1425104.086603992
 10
731971.6506366612
 20
1425104.269060866
 10
731971.1722049682
 20
1425104.3372479798
 10
731970.2098690874
 20
1425104.4272208782
 10
731969.7270893069
 20
1425104.448901537
 10
731968.7605624129
 20
1425104.445549946
 10
731968.2779446027
 20
1425104.420521612
 10
731967.3162558494
 20
1425104.3238768415
 10
731966.8383085567
 20
1425104.252373326
 10
731965.8904419006
 20
1425104.0633382176
 10
731965.4216300393
 20
1425103.9460274961
 10
731964.4964403132
 20
1425103.6663679883
 10
731964.0411434536
 20
1425103.50434596
 10
731963.1472736452
 20
1425103.136674591
 10
731962.709745106
 20
1425102.9314548427
 10
731961.8555456173
 20
1425102.4792063453
 10
731961.4398727271
 20
1425102.2327060103
 10
731960.6333233657
 20
1425101.7001052245
 10
731960.2433892783
 20
1425101.414627072
 10
731959.4920247109
 20
1425100.8066494763
 10
731959.1314721353
 20
1425100.4848604025
 10
731958.4423115007
 20
1425099.8071856357
 10
731958.1145086674
 20
1425099.4520917484
 10
731957.493990004
 20
1425098.7110505498
 10
731957.2019991972
 20
1425098.325969082
 10
731956.6559193003
 20
1425097.5284841505
 10
731956.5242196124
 20
1425097.3258122136
 10
731914.0673906603
 20
1425028.3981717355
 10
731913.9727647532
 20
1425028.2379465238
 10
731913.6063160747
 20
1425027.590225578
 10
731913.4352693993
 20
1425027.2597716493
 10
731913.1180051913
 20
1425026.5865922675
 10
731913.0418213308
 20
1425026.4168212442
 10
731889.8797794672
 20
1424972.118590379
 10
731759.8490772974
 20
1425048.3616446725
 10
731850.4798340929
 20
1425202.930228703
 10
732405.7290522464
 20
1424877.3617623367
 10
732394.9733789439
 20
1424858.368016093
  0
HATCH
  5
184
330
17
100
AcDbEntity
  8
GREEN_AREA
 62
7
420
9881750
100
AcDbHatch
 10
0.0
 20
0.0
 30
0.0
210
0.0
220
0.0
230
1.0
  2
SOLID
 70
0
 71
0
 91
2
 92
3
 72
0
 73
1
 93
93
 10
731530.4542523123
 20
1424767.3701819638
 10
731530.4572557985
 20
1424768.62260163
 10
731530.430851322
 20
1424769.122868303
 10
731530.3279856563
 20
1424770.1194998377
 10
731530.2516536261
 20
1424770.6146133214
 10
731530.0495745434
 20
1424771.5959490468
 10
731529.924081223
 20
1424772.0809391157
 10
731529.6248173058
 20
1424773.0371278361
 10
731529.4514224674
 20
1424773.507125889
 10
731529.0579778939
 20
1424774.4285688493
 10
731528.8384221712
 20
1424774.878856785
 10
731528.3547465574
 20
1424775.7563040266
 10
731528.0912339728
 20
1424776.1823616037
 10
731527.522182724
 20
1424777.0070048221
 10
731527.2173585652
 20
1424777.404555035
 10
731526.5686441354
 20
1424778.1681160019
 10
731526.2255683957
 20
1424778.533168022
 10
731525.5037029419
 20
1424779.2279816864
 10
731525.1258196072
 20
1424779.5568709173
 10
731524.3380496175
 20
1424780.175962352
 10
731523.9291520932
 20
1424780.4653872193
 10
731523.0833856419
 20
1424781.0025416398
 10
731522.6475786662
 20
1424781.2495967373
 10
731521.7523060286
 20
1424781.6994218875
 10
731325.968910013
 20
1424868.0794922577
 10
731339.2500288882
 20
1424876.4204408391
 10
731340.2963590827
 20
1424877.1465241085
 10
731340.6979546347
 20
1424877.4599485435
 10
731341.4681696134
 20
1424878.1269000699
 10
731341.8357889836
 20
1424878.479561183
 10
731342.5341422028
 20
1424879.221422513
 10
731342.8639693011
 20
1424879.6096594883
 10
731343.483211467
 20
1424880.4187296906
 10
731343.7718225032
 20
1424880.8385124109
 10
731344.3055255387
 20
1424881.7063928875
 10
731344.5499245715
 20
1424882.1533637773
 10
731344.9925483433
 20
1424883.071045448
 10
731345.1901983744
 20
1424883.5405647005
 10
731345.5371482022
 20
1424884.4985215208
 10
731345.6859975149
 20
1424884.9857152659
 10
731345.9336718669
 20
1424885.9740031122
 10
731346.0321753228
 20
1424886.473814008
 10
731346.1780032022
 20
1424887.482173905
 10
731346.2251382809
 20
1424887.9894136388
 10
731346.2717364023
 20
1424889.262140006
 10
731345.8497801822
 20
1424934.7765653231
 10
731345.781146515
 20
1424936.032802188
 10
731345.7259216169
 20
1424936.533000601
 10
731345.5652680199
 20
1424937.5265716282
 10
731345.4600428762
 20
1424938.0186853448
 10
731345.2003291978
 20
1424938.991075066
 10
731345.0461697319
 20
1424939.4701190095
 10
731344.6900268535
 20
1424940.4114771849
 10
731344.4884946897
 20
1424940.8725986744
 10
731344.0395303135
 20
1424941.773389412
 10
731343.7926669588
 20
1424942.2119173186
 10
731343.2554290623
 20
1424943.063015672
 10
731342.9657352245
 20
1424943.4745077395
 10
731342.3456659898
 20
1424944.267292142
 10
731342.0160762473
 20
1424944.6475799845
 10
731341.3194569321
 20
1424945.3740195855
 10
731340.9533100068
 20
1424945.7192509132
 10
731340.1871973159
 20
1424946.3719869312
 10
731339.7882022492
 20
1424946.6786645758
 10
731338.9603568502
 20
1424947.2510848406
 10
731338.5325554339
 20
1424947.5161021794
 10
731337.6513633423
 20
1424948.002408114
 10
731337.199089176
 20
1424948.223080539
 10
731336.2734768058
 20
1424948.6183458986
 10
731335.8013113936
 20
1424948.7924380146
 10
731334.840655133
 20
1424949.092658789
 10
731334.353381477
 20
1424949.2184070544
 10
731333.3674127063
 20
1424949.4205420278
 10
731332.8699668576
 20
1424949.496672622
 10
731331.8686733712
 20
1424949.5986741818
 10
731331.3660944176
 20
1424949.624415907
 10
731330.3596192478
 20
1424949.6252507847
 10
731329.8569982797
 20
1424949.600342879
 10
731328.8555369494
 20
1424949.500002617
 10
731328.3579654812
 20
1424949.4246973959
 10
731327.3716627231
 20
1424949.2241984338
 10
731326.8841811221
 20
1424949.0992587341
 10
731325.9230281138
 20
1424948.800632113
 10
731233.443727174
 20
1424914.8835112476
 10
731183.3469885245
 20
1424916.4285967383
 10
731168.8449058399
 20
1425073.648295957
 10
731189.4075863832
 20
1425277.3999613894
 10
731201.5884869891
 20
1425366.4220198246
 10
731341.2623386562
 20
1425284.524738042
 10
731225.9993057557
 20
1425087.9463973497
 10
731596.3545883303
 20
1424870.7898531957
 10
731529.9901181639
 20
1424757.6068395448
 10
731530.4542523123
 20
1424767.3701819638
 97
0
 92
3
 72
0
 73
1
 93
5
 10
731233.1284108895
 20
1425347.2953903188
 10
731203.9255053677
 20
1425297.4905347081
 10
731299.5508281408
 20
1425241.420956106
 10
731328.7537336627
 20
1425291.2258117169
 10
731233.1284108895
 20
1425347.2953903188
 97
0
 75
1
 76
1
 52
0.0
 41
1.0
 77
0
 78
1
 53
45.0
 43
0.0
 44
0.0
 45
-0.0883883476
 46
0.0883883476
 79
0
 98
0
  0
LWPOLYLINE
  5
185
330
17
100
AcDbEntity
  8
PARCEL_BORDER
370
50
420
3302450
100
AcDbPolyline
 90
100
 70
1
 10
731530.4542523123
 20
1424767.3701819638
 10
731530.4598754243
 20
1424767.6206790286
 10
731530.4572557985
 20
1424768.62260163
 10
731530.430851322
 20
1424769.122868303
 10
731530.3279856563
 20
1424770.1194998377
 10
731530.2516536261
 20
1424770.6146133214
 10
731530.0495745434
 20
1424771.5959490468
 10
731529.924081223
 20
1424772.0809391157
 10
731529.6248173058
 20
1424773.0371278361
 10
731529.4514224674
 20
1424773.507125889
 10
731529.0579778939
 20
1424774.4285688493
 10
731528.8384221712
 20
1424774.878856785
 10
731528.3547465574
 20
1424775.7563040266
 10
731528.0912339728
 20
1424776.1823616037
 10
731527.522182724
 20
1424777.0070048221
 10
731527.2173585652
 20
1424777.404555035
 10
731526.5686441354
 20
1424778.1681160019
 10
731526.2255683957
 20
1424778.533168022
 10
731525.5037029419
 20
1424779.2279816864
 10
731525.1258196072
 20
1424779.5568709173
 10
731524.3380496175
 20
1424780.175962352
 10
731523.9291520932
 20
1424780.4653872193
 10
731523.0833856419
 20
1424781.0025416398
 10
731522.6475786662
 20
1424781.2495967373
 10
731521.7523060286
 20
1424781.6994218875
 10
731521.5256692779
 20
1424781.8062684222
 10
731325.968910013
 20
1424868.0794922577
 10
731339.2500288882
 20
1424876.4204408391
 10
731339.4622776028
 20
1424876.5614057127
 10
731340.2963590827
 20
1424877.1465241085
 10
731340.6979546347
 20
1424877.4599485435
 10
731341.4681696134
 20
1424878.1269000699
 10
731341.8357889836
 20
1424878.479561183
 10
731342.5341422028
 20
1424879.221422513
 10
731342.8639693011
 20
1424879.6096594883
 10
731343.483211467
 20
1424880.4187296906
 10
731343.7718225032
 20
1424880.8385124109
 10
731344.3055255387
 20
1424881.7063928875
 10
731344.5499245715
 20
1424882.1533637773
 10
731344.9925483433
 20
1424883.071045448
 10
731345.1901983744
 20
1424883.5405647005
 10
731345.5371482022
 20
1424884.4985215208
 10
731345.6859975149
 20
1424884.9857152659
 10
731345.9336718669
 20
1424885.9740031122
 10
731346.0321753228
 20
1424886.473814008
 10
731346.1780032022
 20
1424887.482173905
 10
731346.2251382809
 20
1424887.9894136388
 10
731346.2676059133
 20
1424889.0073782513
 10
731346.2717364023
 20
1424889.262140006
 10
731345.8497801822
 20
1424934.7765653231
 10
731345.8411126209
 20
1424935.0281146592
 10
731345.781146515
 20
1424936.032802188
 10
731345.7259216169
 20
1424936.533000601
 10
731345.5652680199
 20
1424937.5265716282
 10
731345.4600428762
 20
1424938.0186853448
 10
731345.2003291978
 20
1424938.991075066
 10
731345.0461697319
 20
1424939.4701190095
 10
731344.6900268535
 20
1424940.4114771849
 10
731344.4884946897
 20
1424940.8725986744
 10
731344.0395303135
 20
1424941.773389412
 10
731343.7926669588
 20
1424942.2119173186
 10
731343.2554290623
 20
1424943.063015672
 10
731342.9657352245
 20
1424943.4745077395
 10
731342.3456659898
 20
1424944.267292142
 10
731342.0160762473
 20
1424944.6475799845
 10
731341.3194569321
 20
1424945.3740195855
 10
731340.9533100068
 20
1424945.7192509132
 10
731340.1871973159
 20
1424946.3719869312
 10
731339.7882022492
 20
1424946.6786645758
 10
731338.9603568502
 20
1424947.2510848406
 10
731338.5325554339
 20
1424947.5161021794
 10
731337.6513633423
 20
1424948.002408114
 10
731337.199089176
 20
1424948.223080539
 10
731336.2734768058
 20
1424948.6183458986
 10
731335.8013113936
 20
1424948.7924380146
 10
731334.840655133
 20
1424949.092658789
 10
731334.353381477
 20
1424949.2184070544
 10
731333.3674127063
 20
1424949.4205420278
 10
731332.8699668576
 20
1424949.496672622
 10
731331.8686733712
 20
1424949.5986741818
 10
731331.3660944176
 20
1424949.624415907
 10
731330.3596192478
 20
1424949.6252507847
 10
731329.8569982797
 20
1424949.600342879
 10
731328.8555369494
 20
1424949.500002617
 10
731328.3579654812
 20
1424949.4246973959
 10
731327.3716627231
 20
1424949.2241984338
 10
731326.8841811221
 20
1424949.0992587341
 10
731325.9230281138
 20
1424948.800632113
 10
731325.6846195548
 20
1424948.7199255186
 10
731233.443727174
 20
1424914.8835112476
 10
731183.3469885245
 20
1424916.4285967383
 10
731168.8449058399
 20
1425073.648295957
 10
731189.4075863832
 20
1425277.3999613894
 10
731201.5884869891
 20
1425366.4220198246
 10
731341.2623386562
 20
1425284.524738042
 10
731225.9993057557
 20
1425087.9463973497
 10
731411.1769470432
 20
1424979.3681252727
 10
731596.3545883303
 20
1424870.7898531957
 10
731529.9901181639
 20
1424757.6068395448
 10
731530.4542523123
 20
1424767.3701819638
  0
HATCH
  5
186
330
17
100
AcDbEntity
  8
GREEN_AREA
 62
7
420
9881750
100
AcDbHatch
 10
0.0
 20
0.0
 30
0.0
210
0.0
220
0.0
230
1.0
  2
SOLID
 70
0
 71
0
 91
1
 92
3
 72
0
 73
1
 93
78
 10
731514.2348332604
 20
1424259.2001365926
 10
731513.6115875596
 20
1424259.9419517366
 10
731513.2823623712
 20
1424260.2973275993
 10
731512.5902534873
 20
1424260.9753469233
 10
731512.2281823938
 20
1424261.2971943254
 10
731511.4737073253
 20
1424261.9050530938
 10
731511.0821891762
 20
1424262.1903507756
 10
731510.0667673025
 20
1424262.8504345233
 10
731480.9650094341
 20
1424280.0113178922
 10
731480.1202850403
 20
1424280.4707935122
 10
731479.774924514
 20
1424280.6401223622
 10
731478.894379684
 20
1424281.0265391693
 10
731366.3314551947
 20
1424325.8431001918
 10
731355.8005384343
 20
1424403.4039204337
 10
731358.3248226962
 20
1424439.4570983653
 10
731360.455702266
 20
1424467.7322903303
 10
731360.4949270848
 20
1424468.81225003
 10
731360.490059927
 20
1424469.2444873045
 10
731360.4265266154
 20
1424470.3232899082
 10
731356.7450312201
 20
1424507.8695619404
 10
731377.0933738021
 20
1424514.614106302
 10
731416.5869686517
 20
1424516.3926843838
 10
731411.1260394504
 20
1424507.079200485
 10
731566.112060469
 20
1424416.20368095
 10
731552.28033888
 20
1424390.627046042
 10
731551.739395141
 20
1424389.510227094
 10
731551.5477324841
 20
1424389.0523580103
 10
731551.2103337564
 20
1424388.1187216844
 10
731551.0650135817
 20
1424387.6441052924
 10
731550.821848128
 20
1424386.6816162001
 10
731550.7243025876
 20
1424386.1949299145
 10
731550.5777668393
 20
1424385.2130735274
 10
731550.5289572591
 20
1424384.7191137145
 10
731550.4804953473
 20
1424383.7275663714
 10
731550.4809027525
 20
1424383.2312010753
 10
731550.5309922766
 20
1424382.239734621
 10
731550.5806126524
 20
1424381.7458555968
 10
731550.7287599726
 20
1424380.7642410789
 10
731550.8271043029
 20
1424380.2777155754
 10
731551.0718494059
 20
1424379.315626949
 10
731551.2179484927
 20
1424378.8412497477
 10
731551.5568793793
 20
1424377.9081685375
 10
731551.749293395
 20
1424377.4506146943
 10
731552.1790698516
 20
1424376.555736553
 10
731552.5731162684
 20
1424375.861385815
 10
731523.570258856
 20
1424318.1976695764
 10
731523.0541920305
 20
1424317.0435622388
 10
731522.8737645192
 20
1424316.5711582166
 10
731522.561148924
 20
1424315.6093109956
 10
731522.4293608055
 20
1424315.1210983999
 10
731522.2154983743
 20
1424314.1325937475
 10
731522.1336976809
 20
1424313.6335664003
 10
731522.0207759667
 20
1424312.6285155192
 10
731521.9897994199
 20
1424312.1237778643
 10
731521.9789734747
 20
1424311.1124612044
 10
731521.9991379272
 20
1424310.607176095
 10
731522.0905184874
 20
1424309.5999381985
 10
731522.1616176814
 20
1424309.0992740877
 10
731522.3542700348
 20
1424308.106417775
 10
731522.4755767115
 20
1424307.6154958499
 10
731522.7675302583
 20
1424306.6471768355
 10
731522.937803598
 20
1424306.1710186303
 10
731523.326072008
 20
1424305.237141642
 10
731523.5435703214
 20
1424304.7806176764
 10
731524.0241820802
 20
1424303.8907351424
 10
731524.286680623
 20
1424303.4585151041
 10
731524.8547196557
 20
1424302.621729442
 10
731525.1595333868
 20
1424302.2182344159
 10
731525.8091893438
 20
1424301.443104927
 10
731526.153200389
 20
1424301.0724621778
 10
731526.8778280788
 20
1424300.3669174956
 10
731527.2575176232
 20
1424300.0329182479
 10
731528.0497049842
 20
1424299.4041752382
 10
731528.4611892629
 20
1424299.1102359004
 10
731529.3128331802
 20
1424298.5647258405
 10
731533.9101184782
 20
1424295.9305931996
 10
731514.455242556
 20
1424258.910378332
 10
731514.2348332604
 20
1424259.2001365926
 97
0
 75
1
 76
1
 52
0.0
 41
1.0
 77
0
 78
1
 53
45.0
 43
0.0
 44
0.0
 45
-0.0883883476
 46
0.0883883476
 79
0
 98
0
  0
LWPOLYLINE
  5
187
330
17
100
AcDbEntity
  8
PARCEL_BORDER
370
50
420
3302450
100
AcDbPolyline
 90
91
 70
1
 10
731514.2348332604
 20
1424259.2001365926
 10
731513.6115875596
 20
1424259.9419517366
 10
731513.2823623712
 20
1424260.2973275993
 10
731512.5902534873
 20
1424260.9753469233
 10
731512.2281823938
 20
1424261.2971943254
 10
731511.4737073253
 20
1424261.9050530938
 10
731511.0821891762
 20
1424262.1903507756
 10
731510.2724303686
 20
1424262.7223428662
 10
731510.0667673025
 20
1424262.8504345233
 10
731480.9650094341
 20
1424280.0113178922
 10
731480.7974689055
 20
1424280.105818685
 10
731480.1202850403
 20
1424280.4707935122
 10
731479.774924514
 20
1424280.6401223622
 10
731479.0716885456
 20
1424280.9519617194
 10
731478.894379684
 20
1424281.0265391693
 10
731366.3314551947
 20
1424325.8431001918
 10
731355.8005384343
 20
1424403.4039204337
 10
731358.3248226962
 20
1424439.4570983653
 10
731360.455702266
 20
1424467.7322903303
 10
731360.4672841204
 20
1424467.948162724
 10
731360.4949270848
 20
1424468.81225003
 10
731360.490059927
 20
1424469.2444873045
 10
731360.4429665289
 20
1424470.1077330504
 10
731360.4265266154
 20
1424470.3232899082
 10
731356.7450312201
 20
1424507.8695619404
 10
731377.0933738021
 20
1424514.614106302
 10
731416.5869686517
 20
1424516.3926843838
 10
731411.1260394504
 20
1424507.079200485
 10
731566.112060469
 20
1424416.20368095
 10
731552.28033888
 20
1424390.627046042
 10
731552.1677020285
 20
1424390.4058095305
 10
731551.739395141
 20
1424389.510227094
 10
731551.5477324841
 20
1424389.0523580103
 10
731551.2103337564
 20
1424388.1187216844
 10
731551.0650135817
 20
1424387.6441052924
 10
731550.821848128
 20
1424386.6816162001
 10
731550.7243025876
 20
1424386.1949299145
 10
731550.5777668393
 20
1424385.2130735274
 10
731550.5289572591
 20
1424384.7191137145
 10
731550.4804953473
 20
1424383.7275663714
 10
731550.4809027525
 20
1424383.2312010753
 10
731550.5309922766
 20
1424382.239734621
 10
731550.5806126524
 20
1424381.7458555968
 10
731550.7287599726
 20
1424380.7642410789
 10
731550.8271043029
 20
1424380.2777155754
 10
731551.0718494059
 20
1424379.315626949
 10
731551.2179484927
 20
1424378.8412497477
 10
731551.5568793793
 20
1424377.9081685375
 10
731551.749293395
 20
1424377.4506146943
 10
731552.1790698516
 20
1424376.555736553
 10
731552.4159025272
 20
1424376.1195153294
 10
731552.5731162684
 20
1424375.861385815
 10
731523.570258856
 20
1424318.1976695764
 10
731523.4623631118
 20
1424317.9689134995
 10
731523.0541920305
 20
1424317.0435622388
 10
731522.8737645192
 20
1424316.5711582166
 10
731522.561148924
 20
1424315.6093109956
 10
731522.4293608055
 20
1424315.1210983999
 10
731522.2154983743
 20
1424314.1325937475
 10
731522.1336976809
 20
1424313.6335664003
 10
731522.0207759667
 20
1424312.6285155192
 10
731521.9897994199
 20
1424312.1237778643
 10
731521.9789734747
 20
1424311.1124612044
 10
731521.9991379272
 20
1424310.607176095
 10
731522.0905184874
 20
1424309.5999381985
 10
731522.1616176814
 20
1424309.0992740877
 10
731522.3542700348
 20
1424308.106417775
 10
731522.4755767115
 20
1424307.6154958499
 10
731522.7675302583
 20
1424306.6471768355
 10
731522.937803598
 20
1424306.1710186303
 10
731523.326072008
 20
1424305.237141642
 10
731523.5435703214
 20
1424304.7806176764
 10
731524.0241820802
 20
1424303.8907351424
 10
731524.286680623
 20
1424303.4585151041
 10
731524.8547196557
 20
1424302.621729442
 10
731525.1595333868
 20
1424302.2182344159
 10
731525.8091893438
 20
1424301.443104927
 10
731526.153200389
 20
1424301.0724621778
 10
731526.8778280788
 20
1424300.3669174956
 10
731527.2575176232
 20
1424300.0329182479
 10
731528.0497049842
 20
1424299.4041752382
 10
731528.4611892629
 20
1424299.1102359004
 10
731529.3128331802
 20
1424298.5647258405
 10
731529.5291945857
 20
1424298.4337350903
 10
731533.9101184782
 20
1424295.9305931996
 10
731533.2031624722
 20
1424294.5853754703
 10
731529.4818068098
 20
1424287.5033547354
 10
731522.0386535963
 20
1424273.3402928468
 10
731514.5955004757
 20
1424259.1772311362
 10
731514.455242556
 20
1424258.910378332
 10
731514.2348332604
 20
1424259.2001365926
  0
HATCH
  5
188
330
17
100
AcDbEntity
  8
GREEN_AREA
 62
7
420
9881750
100
AcDbHatch
 10
0.0
 20
0.0
 30
0.0
210
0.0
220
0.0
230
1.0
  2
SOLID
 70
0
 71
0
 91
2
 92
3
 72
0
 73
1
 93
19
 10
731326.7529389944
 20
1424620.6825669883
 10
731329.5696512527
 20
1424729.2770956166
 10
731375.3736442158
 20
1424734.8857683227
 10
731494.096019842
 20
1424722.4920152773
 10
731494.0731964248
 20
1424722.2348942794
 10
731494.0769810659
 20
1424721.84237113
 10
731494.1192214795
 20
1424721.4521090463
 10
731494.1995108675
 20
1424721.0678664658
 10
731494.3170759989
 20
1424720.6933438545
 10
731494.4707846575
 20
1424720.33214807
 10
731494.6591565448
 20
1424719.987757625
 10
731494.8803775366
 20
1424719.6634891878
 10
731495.1323171537
 20
1424719.362465641
 10
731495.41254908
 20
1424719.0875860055
 10
731495.7183745287
 20
1424718.8414975225
 10
731496.0468482336
 20
1424718.6265701589
 10
731525.157725031
 20
1424701.5575078286
 10
731480.7633514488
 20
1424625.843967457
 10
731326.7529389944
 20
1424620.6825669883
 97
0
 92
3
 72
0
 73
1
 93
6
 10
731495.7445866691
 20
1424651.5918081694
 10
731524.947492191
 20
1424701.3966637803
 10
731488.068152855
 20
1424723.0207373595
 10
731474.2233731006
 20
1424724.4660317309
 10
731447.9319252828
 20
1424679.6265974704
 10
731495.7445866691
 20
1424651.5918081694
 97
0
 75
1
 76
1
 52
0.0
 41
1.0
 77
0
 78
1
 53
45.0
 43
0.0
 44
0.0
 45
-0.0883883476
 46
0.0883883476
 79
0
 98
0
  0
LWPOLYLINE
  5
189
330
17
100
AcDbEntity
  8
PARCEL_BORDER
370
50
420
3302450
100
AcDbPolyline
 90
19
 70
1
 10
731326.7529389944
 20
1424620.6825669883
 10
731329.5696512527
 20
1424729.2770956166
 10
731375.3736442158
 20
1424734.8857683227
 10
731494.096019842
 20
1424722.4920152773
 10
731494.0731964248
 20
1424722.2348942794
 10
731494.0769810659
 20
1424721.84237113
 10
731494.1192214795
 20
1424721.4521090463
 10
731494.1995108675
 20
1424721.0678664658
 10
731494.3170759989
 20
1424720.6933438545
 10
731494.4707846575
 20
1424720.33214807
 10
731494.6591565448
 20
1424719.987757625
 10
731494.8803775366
 20
1424719.6634891878
 10
731495.1323171537
 20
1424719.362465641
 10
731495.41254908
 20
1424719.0875860055
 10
731495.7183745287
 20
1424718.8414975225
 10
731496.0468482336
 20
1424718.6265701589
 10
731525.157725031
 20
1424701.5575078286
 10
731480.7633514488
 20
1424625.843967457
 10
731326.7529389944
 20
1424620.6825669883
  0
HATCH
  5
18A
330
17
100
AcDbEntity
  8
GREEN_AREA
 62
7
420
9881750
100
AcDbHatch
 10
0.0
 20
0.0
 30
0.0
210
0.0
220
0.0
230
1.0
  2
SOLID
 70
0
 71
0
 91
1
 92
3
 72
0
 73
1
 93
5
 10
731386.1176350153
 20
1425765.7095007058
 10
731507.9682934952
 20
1425691.133792357
 10
731501.0918874766
 20
1425675.223835455
 10
731369.1834217369
 20
1425752.567909949
 10
731386.1176350153
 20
1425765.7095007058
 97
0
 75
1
 76
1
 52
0.0
 41
1.0
 77
0
 78
1
 53
45.0
 43
0.0
 44
0.0
 45
-0.0883883476
 46
0.0883883476
 79
0
 98
0
  0
LWPOLYLINE
  5
18B
330
17
100
AcDbEntity
  8
PARCEL_BORDER
370
50
420
3302450
100
AcDbPolyline
 90
5
 70
1
 10
731386.1176350153
 20
1425765.7095007058
 10
731507.9682934952
 20
1425691.133792357
 10
731501.0918874766
 20
1425675.223835455
 10
731369.1834217369
 20
1425752.567909949
 10
731386.1176350153
 20
1425765.7095007058
  0
HATCH
  5
18C
330
17
100
AcDbEntity
  8
GREEN_AREA
 62
7
420
9881750
100
AcDbHatch
 10
0.0
 20
0.0
 30
0.0
210
0.0
220
0.0
230
1.0
  2
SOLID
 70
0
 71
0
 91
3
 92
3
 72
0
 73
1
 93
12
 10
731277.8916863024
 20
1425689.8728639446
 10
731338.7960676628
 20
1425729.041905223
 10
731339.696047536
 20
1425729.6845909622
 10
731362.6214881608
 20
1425747.4756010114
 10
731362.842136346
 20
1425747.211965224
 10
731363.1223682723
 20
1425746.9370855885
 10
731363.428193721
 20
1425746.6909971056
 10
731363.756667426
 20
1425746.4760697419
 10
731407.1500491349
 20
1425721.0325098564
 10
731300.5769263904
 20
1425539.2746027086
 10
731239.9944081987
 20
1425574.7969535582
 10
731277.8916863024
 20
1425689.8728639446
 97
0
 92
3
 72
0
 73
1
 93
6
 10
731329.9833571892
 20
1425699.2024064392
 10
731377.7960185758
 20
1425671.1676171382
 10
731406.9989240975
 20
1425720.9724727492
 10
731362.3601873475
 20
1425747.1462422728
 10
731354.5338763355
 20
1425741.0727285666
 10
731329.9833571892
 20
1425699.2024064392
 97
0
 92
3
 72
0
 73
1
 93
5
 10
731252.7285813794
 20
1425567.446237466
 10
731300.541242766
 20
1425539.411448165
 10
731329.7441482879
 20
1425589.2163037758
 10
731281.9314869014
 20
1425617.2510930768
 10
731252.7285813794
 20
1425567.446237466
 97
0
 75
1
 76
1
 52
0.0
 41
1.0
 77
0
 78
1
 53
45.0
 43
0.0
 44
0.0
 45
-0.0883883476
 46
0.0883883476
 79
0
 98
0
  0
LWPOLYLINE
  5
18D
330
17
100
AcDbEntity
  8
PARCEL_BORDER
370
50
420
3302450
100
AcDbPolyline
 90
14
 70
1
 10
731277.8916863024
 20
1425689.8728639446
 10
731338.6126796968
 20
1425728.9181627482
 10
731338.7960676628
 20
1425729.041905223
 10
731339.5183128889
 20
1425729.5528573657
 10
731339.696047536
 20
1425729.6845909622
 10
731362.6214881608
 20
1425747.4756010114
 10
731362.842136346
 20
1425747.211965224
 10
731363.1223682723
 20
1425746.9370855885
 10
731363.428193721
 20
1425746.6909971056
 10
731363.756667426
 20
1425746.4760697419
 10
731407.1500491349
 20
1425721.0325098564
 10
731300.5769263904
 20
1425539.2746027086
 10
731239.9944081987
 20
1425574.7969535582
 10
731277.8916863024
 20
1425689.8728639446
  0
HATCH
  5
18E
330
17
100
AcDbEntity
  8
GREEN_AREA
 62
7
420
9881750
100
AcDbHatch
 10
0.0
 20
0.0
 30
0.0
210
0.0
220
0.0
230
1.0
  2
SOLID
 70
0
 71
0
 91
2
 92
3
 72
0
 73
1
 93
9
 10
731223.0663657148
 20
1425523.3894754201
 10
731236.1547162569
 20
1425563.137645346
 10
731294.946910231
 20
1425528.665044934
 10
731204.3161534356
 20
1425374.0964609035
 10
731203.8511100309
 20
1425374.3468095635
 10
731203.4870176074
 20
1425374.4935251172
 10
731203.1102977496
 20
1425374.6038468974
 10
731202.7180569347
 20
1425374.677291331
 10
731223.0663657148
 20
1425523.3894754201
 97
0
 92
3
 72
0
 73
1
 93
6
 10
731246.7317371927
 20
1425556.211063281
 10
731221.8524323247
 20
1425513.7800049835
 10
731220.5972923794
 20
1425504.607026304
 10
731265.3414930574
 20
1425478.371418369
 10
731294.5443985793
 20
1425528.17627398
 10
731246.7317371927
 20
1425556.211063281
 97
0
 75
1
 76
1
 52
0.0
 41
1.0
 77
0
 78
1
 53
45.0
 43
0.0
 44
0.0
 45
-0.0883883476
 46
0.0883883476
 79
0
 98
0
  0
LWPOLYLINE
  5
18F
330
17
100
AcDbEntity
  8
PARCEL_BORDER
370
50
420
3302450
100
AcDbPolyline
 90
12
 70
1
 10
731223.0663657148
 20
1425523.3894754201
 10
731223.8956577311
 20
1425525.9127471233
 10
731236.1547162569
 20
1425563.137645346
 10
731294.946910231
 20
1425528.665044934
 10
731204.3161534356
 20
1425374.0964609035
 10
731204.1990686108
 20
1425374.1651131872
 10
731203.8511100309
 20
1425374.3468095635
 10
731203.4870176074
 20
1425374.4935251172
 10
731203.1102977496
 20
1425374.6038468974
 10
731202.7245784753
 20
1425374.6767124448
 10
731202.7180569347
 20
1425374.677291331
 10
731223.0663657148
 20
1425523.3894754201
  0
HATCH
  5
190
330
17
100
AcDbEntity
  8
GREEN_AREA
 62
7
420
9881750
100
AcDbHatch
 10
0.0
 20
0.0
 30
0.0
210
0.0
220
0.0
230
1.0
  2
SOLID
 70
0
 71
0
 91
1
 92
3
 72
0
 73
1
 93
11
 10
731234.4640165727
 20
1424320.586569891
 10
731228.0633588242
 20
1424193.9605166393
 10
731143.2627423785
 20
1424243.6830659749
 10
731233.4339651028
 20
1424397.4679256587
 10
731235.6464497689
 20
1424396.170642896
 10
731235.9944083488
 20
1424395.9889465198
 10
731236.3585007723
 20
1424395.842230966
 10
731236.7352206301
 20
1424395.7319091859
 10
731237.1209399044
 20
1424395.6590436385
 10
731237.5075870769
 20
1424395.6247227942
 10
731234.4640165727
 20
1424320.586569891
 97
0
 75
1
 76
1
 52
0.0
 41
1.0
 77
0
 78
1
 53
45.0
 43
0.0
 44
0.0
 45
-0.0883883476
 46
0.0883883476
 79
0
 98
0
  0
LWPOLYLINE
  5
191
330
17
100
AcDbEntity
  8
PARCEL_BORDER
370
50
420
3302450
100
AcDbPolyline
 90
11
 70
1
 10
731234.4640165727
 20
1424320.586569891
 10
731228.0633588242
 20
1424193.9605166393
 10
731143.2627423785
 20
1424243.6830659749
 10
731233.4339651028
 20
1424397.4679256587
 10
731235.6464497689
 20
1424396.170642896
 10
731235.9944083488
 20
1424395.9889465198
 10
731236.3585007723
 20
1424395.842230966
 10
731236.7352206301
 20
1424395.7319091859
 10
731237.1209399044
 20
1424395.6590436385
 10
731237.5075870769
 20
1424395.6247227942
 10
731234.4640165727
 20
1424320.586569891
  0
HATCH
  5
192
330
17
100
AcDbEntity
  8
GREEN_AREA
 62
7
420
9881750
100
AcDbHatch
 10
0.0
 20
0.0
 30
0.0
210
0.0
220
0.0
230
1.0
  2
SOLID
 70
0
 71
0
 91
2
 92
3
 72
0
 73
1
 93
12
 10
731207.1004395594
 20
1423779.2450552976
 10
731090.3115267308
 20
1423843.0107789456
 10
731033.8939984589
 20
1423871.6549602894
 10
731017.0558604372
 20
1423879.522881518
 10
731091.0916069415
 20
1424005.7890731448
 10
731213.0871424386
 20
1423934.257411151
 10
731213.4351010185
 20
1423934.0757147747
 10
731213.799193442
 20
1423933.928999221
 10
731214.1759132998
 20
1423933.8186774408
 10
731214.5616325741
 20
1423933.7458118934
 10
731214.9085433421
 20
1423933.7150182622
 10
731207.1004395594
 20
1423779.2450552976
 97
0
 92
3
 72
0
 73
1
 93
6
 10
731061.7088848874
 20
1423955.4798417243
 10
731198.847669468
 20
1423875.0689877952
 10
731213.0700769274
 20
1423899.3249629214
 10
731214.7555585423
 20
1423932.669330502
 10
731090.9117904092
 20
1424005.2846973352
 10
731061.7088848874
 20
1423955.4798417243
 97
0
 75
1
 76
1
 52
0.0
 41
1.0
 77
0
 78
1
 53
45.0
 43
0.0
 44
0.0
 45
-0.0883883476
 46
0.0883883476
 79
0
 98
0
  0
LWPOLYLINE
  5
193
330
17
100
AcDbEntity
  8
PARCEL_BORDER
370
50
420
3302450
100
AcDbPolyline
 90
18
 70
1
 10
731207.1004395594
 20
1423779.2450552976
 10
731090.3777138544
 20
1423842.9752836574
 10
731090.3115267308
 20
1423843.0107789456
 10
731090.0457268639
 20
1423843.1507637694
 10
731089.979014054
 20
1423843.1852608933
 10
731033.8939984589
 20
1423871.6549602894
 10
731033.8200339079
 20
1423871.6917407073
 10
731033.5229806302
 20
1423871.8364084964
 10
731033.4484185423
 20
1423871.871961973
 10
731017.0558604372
 20
1423879.522881518
 10
731091.0916069415
 20
1424005.7890731448
 10
731213.0871424386
 20
1423934.257411151
 10
731213.4351010185
 20
1423934.0757147747
 10
731213.799193442
 20
1423933.928999221
 10
731214.1759132998
 20
1423933.8186774408
 10
731214.5616325741
 20
1423933.7458118934
 10
731214.9085433421
 20
1423933.7150182622
 10
731207.1004395594
 20
1423779.2450552976
  0
HATCH
  5
194
330
17
100
AcDbEntity
  8
GREEN_AREA
 62
7
420
9881750
100
AcDbHatch
 10
0.0
 20
0.0
 30
0.0
210
0.0
220
0.0
230
1.0
  2
SOLID
 70
0
 71
0
 91
2
 92
3
 72
0
 73
1
 93
25
 10
731200.1585300239
 20
1425659.7267376464
 10
731172.4859964492
 20
1425614.3802782374
 10
730892.5589403878
 20
1425778.5145432788
 10
730892.0370025181
 20
1425778.7870878433
 10
730891.4908638829
 20
1425779.007161174
 10
730890.9257840961
 20
1425779.172643844
 10
730890.3472051849
 20
1425779.2819421652
 10
730889.7606991802
 20
1425779.3340035346
 10
730889.1719144558
 20
1425779.3283265731
 10
730888.5865213303
 20
1425779.2649659526
 10
730888.0101574595
 20
1425779.1445318707
 10
730887.4483735426
 20
1425778.9681841733
 10
730886.9065798658
 20
1425778.7376211856
 10
730886.3899941985
 20
1425778.4550633545
 10
730885.9035915429
 20
1425778.1232318669
 10
730885.4520562224
 20
1425777.7453224412
 10
730885.0397367692
 20
1425777.324974552
 10
730884.6706040448
 20
1425776.866236379
 10
730884.3482129994
 20
1425776.3735258214
 10
730790.6826012384
 20
1425616.6290693677
 10
730783.8004830969
 20
1425620.6643756328
 10
730888.0511964345
 20
1425798.4614691865
 10
730789.7041130522
 20
1425856.1269427459
 10
730809.3168150717
 20
1425890.6758731583
 10
731200.1585300239
 20
1425659.7267376464
 97
0
 92
3
 72
0
 73
1
 93
25
 10
731148.9907251052
 20
1425682.2406117036
 10
730909.9274181728
 20
1425822.4145582088
 10
730880.724512651
 20
1425772.6097025978
 10
730881.6925665805
 20
1425772.042087511
 10
730884.2619484589
 20
1425776.4241067374
 10
730884.5926949496
 20
1425776.9289274695
 10
730884.9683476288
 20
1425777.3950001954
 10
730885.3878745539
 20
1425777.822008251
 10
730885.8472354503
 20
1425778.205839317
 10
730886.3420064219
 20
1425778.5427968905
 10
730886.8585920891
 20
1425778.8253547214
 10
730887.4184238014
 20
1425779.0635938847
 10
730887.9897037218
 20
1425779.2424177462
 10
730888.5757605762
 20
1425779.3643852978
 10
730889.1709503178
 20
1425779.4283219252
 10
730889.759735042
 20
1425779.4339988867
 10
730890.3657676978
 20
1425779.3802042287
 10
730890.953888592
 20
1425779.2686133042
 10
730891.5189683785
 20
1425779.1031306342
 10
730892.0743783351
 20
1425778.879840462
 10
730892.6052275763
 20
1425778.6031857978
 10
731172.4518178913
 20
1425614.5162412033
 10
731197.2278078962
 20
1425655.116189237
 10
731149.496534266
 20
1425683.1032571073
 10
731148.9907251052
 20
1425682.2406117036
 97
0
 75
1
 76
1
 52
0.0
 41
1.0
 77
0
 78
1
 53
45.0
 43
0.0
 44
0.0
 45
-0.0883883476
 46
0.0883883476
 79
0
 98
0
  0
LWPOLYLINE
  5
195
330
17
100
AcDbEntity
  8
PARCEL_BORDER
370
50
420
3302450
100
AcDbPolyline
 90
25
 70
1
 10
731200.1585300239
 20
1425659.7267376464
 10
731172.4859964492
 20
1425614.3802782374
 10
730892.5589403878
 20
1425778.5145432788
 10
730892.0370025181
 20
1425778.7870878433
 10
730891.4908638829
 20
1425779.007161174
 10
730890.9257840961
 20
1425779.172643844
 10
730890.3472051849
 20
1425779.2819421652
 10
730889.7606991802
 20
1425779.3340035346
 10
730889.1719144558
 20
1425779.3283265731
 10
730888.5865213303
 20
1425779.2649659526
 10
730888.0101574595
 20
1425779.1445318707
 10
730887.4483735426
 20
1425778.9681841733
 10
730886.9065798658
 20
1425778.7376211856
 10
730886.3899941985
 20
1425778.4550633545
 10
730885.9035915429
 20
1425778.1232318669
 10
730885.4520562224
 20
1425777.7453224412
 10
730885.0397367692
 20
1425777.324974552
 10
730884.6706040448
 20
1425776.866236379
 10
730884.3482129994
 20
1425776.3735258214
 10
730790.6826012384
 20
1425616.6290693677
 10
730783.8004830969
 20
1425620.6643756328
 10
730888.0511964345
 20
1425798.4614691865
 10
730789.7041130522
 20
1425856.1269427459
 10
730809.3168150717
 20
1425890.6758731583
 10
731200.1585300239
 20
1425659.7267376464
  0
HATCH
  5
196
330
17
100
AcDbEntity
  8
GREEN_AREA
 62
7
420
9881750
100
AcDbHatch
 10
0.0
 20
0.0
 30
0.0
210
0.0
220
0.0
230
1.0
  2
SOLID
 70
0
 71
0
 91
1
 92
3
 72
0
 73
1
 93
14
 10
731123.8543881027
 20
1425353.906973332
 10
731123.5829056414
 20
1425353.0030173264
 10
731123.4894224828
 20
1425352.6372398855
 10
731123.2938890249
 20
1425351.7138732988
 10
731095.6406013223
 20
1425195.0308744572
 10
731091.2357644257
 20
1425170.1838939532
 10
730727.9335244114
 20
1425383.2049108983
 10
730750.189127492
 20
1425421.161308666
 10
731042.980686595
 20
1425249.4839865817
 10
731134.5834010665
 20
1425405.7102211388
 10
731139.5173260979
 20
1425402.817231193
 10
731139.8652846778
 20
1425402.6355348167
 10
731140.2609870165
 20
1425402.4795623522
 10
731123.8543881027
 20
1425353.906973332
 97
0
 75
1
 76
1
 52
0.0
 41
1.0
 77
0
 78
1
 53
45.0
 43
0.0
 44
0.0
 45
-0.0883883476
 46
0.0883883476
 79
0
 98
0
  0
LWPOLYLINE
  5
197
330
17
100
AcDbEntity
  8
PARCEL_BORDER
370
50
420
3302450
100
AcDbPolyline
 90
20
 70
1
 10
731123.8543881027
 20
1425353.906973332
 10
731123.797357382
 20
1425353.7269920488
 10
731123.5829056414
 20
1425353.0030173264
 10
731123.4894224828
 20
1425352.6372398855
 10
731123.3302081715
 20
1425351.8991479191
 10
731123.2938890249
 20
1425351.7138732988
 10
731095.6406013223
 20
1425195.0308744572
 10
731091.2357644257
 20
1425170.1838939532
 10
731020.7250835143
 20
1425211.5275888138
 10
730874.3293039629
 20
1425297.3662498558
 10
730727.9335244114
 20
1425383.2049108983
 10
730750.189127492
 20
1425421.161308666
 10
730896.5849070435
 20
1425335.322647624
 10
731042.980686595
 20
1425249.4839865817
 10
731134.5834010665
 20
1425405.7102211388
 10
731139.5173260979
 20
1425402.817231193
 10
731139.8652846778
 20
1425402.6355348167
 10
731140.2293771013
 20
1425402.488819263
 10
731140.2609870165
 20
1425402.4795623522
 10
731123.8543881027
 20
1425353.906973332
  0
HATCH
  5
198
330
17
100
AcDbEntity
  8
GREEN_AREA
 62
7
420
9881750
100
AcDbHatch
 10
0.0
 20
0.0
 30
0.0
210
0.0
220
0.0
230
1.0
  2
SOLID
 70
0
 71
0
 91
1
 92
3
 72
0
 73
1
 93
27
 10
731074.2951939985
 20
1424870.3677332238
 10
731073.6593474356
 20
1424790.0725370313
 10
731073.7023885389
 20
1424788.8654108832
 10
731073.7452403876
 20
1424788.3841633007
 10
731073.8773471077
 20
1424787.4269329838
 10
731073.966447697
 20
1424786.9520681594
 10
731074.1903271064
 20
1424786.012057481
 10
731074.3248444666
 20
1424785.548009428
 10
731074.638406109
 20
1424784.6339956634
 10
731074.8170841952
 20
1424784.1850973917
 10
731075.2174002136
 20
1424783.3056150721
 10
731075.438570633
 20
1424782.8760581354
 10
731075.9219031084
 20
1424782.039319357
 10
731076.1835006996
 20
1424781.633114709
 10
731076.7453365533
 20
1424780.8469324536
 10
731077.0449186702
 20
1424780.4678729968
 10
731077.8431860583
 20
1424779.561354794
 10
731127.1040382378
 20
1424728.2984703719
 10
730980.6004757015
 20
1424814.2003295962
 10
731070.7716984258
 20
1424967.9851892798
 10
731075.531497087
 20
1424965.1942977312
 10
731075.8794556669
 20
1424965.0126013549
 10
731076.2435480903
 20
1424964.8658858011
 10
731076.6202679481
 20
1424964.755564021
 10
731077.0059872224
 20
1424964.6826984736
 10
731077.422177733
 20
1424964.648233738
 10
731074.2951939985
 20
1424870.3677332238
 97
0
 75
1
 76
1
 52
0.0
 41
1.0
 77
0
 78
1
 53
45.0
 43
0.0
 44
0.0
 45
-0.0883883476
 46
0.0883883476
 79
0
 98
0
  0
LWPOLYLINE
  5
199
330
17
100
AcDbEntity
  8
PARCEL_BORDER
370
50
420
3302450
100
AcDbPolyline
 90
33
 70
1
 10
731074.2951939985
 20
1424870.3677332238
 10
731074.2934974566
 20
1424870.304517093
 10
731074.2883106153
 20
1424870.0516197642
 10
731074.2874137367
 20
1424869.9883872303
 10
731073.6593474356
 20
1424790.0725370313
 10
731073.663288044
 20
1424789.8309227768
 10
731073.7023885389
 20
1424788.8654108832
 10
731073.7452403876
 20
1424788.3841633007
 10
731073.8773471077
 20
1424787.4269329838
 10
731073.966447697
 20
1424786.9520681594
 10
731074.1903271064
 20
1424786.012057481
 10
731074.3248444666
 20
1424785.548009428
 10
731074.638406109
 20
1424784.6339956634
 10
731074.8170841952
 20
1424784.1850973917
 10
731075.2174002136
 20
1424783.3056150721
 10
731075.438570633
 20
1424782.8760581354
 10
731075.9219031084
 20
1424782.039319357
 10
731076.1835006996
 20
1424781.633114709
 10
731076.7453365533
 20
1424780.8469324536
 10
731077.0449186702
 20
1424780.4678729968
 10
731077.6800118046
 20
1424779.739588179
 10
731077.8431860583
 20
1424779.561354794
 10
731127.1040382378
 20
1424728.2984703719
 10
730980.6004757015
 20
1424814.2003295962
 10
731070.7716984258
 20
1424967.9851892798
 10
731075.531497087
 20
1424965.1942977312
 10
731075.8794556669
 20
1424965.0126013549
 10
731076.2435480903
 20
1424964.8658858011
 10
731076.6202679481
 20
1424964.755564021
 10
731077.0059872224
 20
1424964.6826984736
 10
731077.3969912254
 20
1424964.647990894
 10
731077.422177733
 20
1424964.648233738
 10
731074.2951939985
 20
1424870.3677332238
  0
HATCH
  5
19A
330
17
100
AcDbEntity
  8
GREEN_AREA
 62
7
420
9881750
100
AcDbHatch
 10
0.0
 20
0.0
 30
0.0
210
0.0
220
0.0
230
1.0
  2
SOLID
 70
0
 71
0
 91
3
 92
3
 72
0
 73
1
 93
5
 10
730940.6870714261
 20
1425736.3840810785
 10
730850.0563146307
 20
1425581.815497048
 10
730801.0343460841
 20
1425610.5593594366
 10
730891.6651028795
 20
1425765.1279434673
 10
730940.6870714261
 20
1425736.3840810785
 97
0
 92
3
 72
0
 73
1
 93
5
 10
730940.2924191882
 20
1425735.9087141664
 10
730892.4797578019
 20
1425763.9435034676
 10
730863.2768522801
 20
1425714.1386478567
 10
730911.0895136665
 20
1425686.1038585554
 10
730940.2924191882
 20
1425735.9087141664
 97
0
 92
3
 72
0
 73
1
 93
5
 10
730831.4108751419
 20
1425659.7919874163
 10
730802.20796962
 20
1425609.9871318054
 10
730850.0206310063
 20
1425581.9523425044
 10
730879.2235365282
 20
1425631.757198115
 10
730831.4108751419
 20
1425659.7919874163
 97
0
 75
1
 76
1
 52
0.0
 41
1.0
 77
0
 78
1
 53
45.0
 43
0.0
 44
0.0
 45
-0.0883883476
 46
0.0883883476
 79
0
 98
0
  0
LWPOLYLINE
  5
19B
330
17
100
AcDbEntity
  8
PARCEL_BORDER
370
50
420
3302450
100
AcDbPolyline
 90
5
 70
1
 10
730940.6870714261
 20
1425736.3840810785
 10
730850.0563146307
 20
1425581.815497048
 10
730801.0343460841
 20
1425610.5593594366
 10
730891.6651028795
 20
1425765.1279434673
 10
730940.6870714261
 20
1425736.3840810785
  0
HATCH
  5
19C
330
17
100
AcDbEntity
  8
GREEN_AREA
 62
7
420
9881750
100
AcDbHatch
 10
0.0
 20
0.0
 30
0.0
210
0.0
220
0.0
230
1.0
  2
SOLID
 70
0
 71
0
 91
2
 92
3
 72
0
 73
1
 93
5
 10
730786.636127951
 20
1425609.727906137
 10
730762.051025616
 20
1425567.7986032101
 10
730615.6552460645
 20
1425653.6372642524
 10
730640.2403483994
 20
1425695.566567179
 10
730786.636127951
 20
1425609.727906137
 97
0
 92
3
 72
0
 73
1
 93
5
 10
730618.5773578322
 20
1425652.0398165698
 10
730762.0153419917
 20
1425567.9354486668
 10
730786.4992824944
 20
1425609.6922225128
 10
730643.061298335
 20
1425693.7965904158
 10
730618.5773578322
 20
1425652.0398165698
 97
0
 75
1
 76
1
 52
0.0
 41
1.0
 77
0
 78
1
 53
45.0
 43
0.0
 44
0.0
 45
-0.0883883476
 46
0.0883883476
 79
0
 98
0
  0
LWPOLYLINE
  5
19D
330
17
100
AcDbEntity
  8
PARCEL_BORDER
370
50
420
3302450
100
AcDbPolyline
 90
5
 70
1
 10
730786.636127951
 20
1425609.727906137
 10
730762.051025616
 20
1425567.7986032101
 10
730615.6552460645
 20
1425653.6372642524
 10
730640.2403483994
 20
1425695.566567179
 10
730786.636127951
 20
1425609.727906137
  0
HATCH
  5
19E
330
17
100
AcDbEntity
  8
GREEN_AREA
 62
7
420
9881750
100
AcDbHatch
 10
0.0
 20
0.0
 30
0.0
210
0.0
220
0.0
230
1.0
  2
SOLID
 70
0
 71
0
 91
1
 92
3
 72
0
 73
1
 93
5
 10
730589.667810038
 20
1425250.0787969506
 10
730700.4164158511
 20
1425185.1417334338
 10
730686.25608288
 20
1425160.9916248599
 10
730575.507477067
 20
1425225.9286883767
 10
730589.667810038
 20
1425250.0787969506
 97
0
 75
1
 76
1
 52
0.0
 41
1.0
 77
0
 78
1
 53
45.0
 43
0.0
 44
0.0
 45
-0.0883883476
 46
0.0883883476
 79
0
 98
0
  0
LWPOLYLINE
  5
19F
330
17
100
AcDbEntity
  8
PARCEL_BORDER
370
50
420
3302450
100
AcDbPolyline
 90
5
 70
1
 10
730589.667810038
 20
1425250.0787969506
 10
730700.4164158511
 20
1425185.1417334338
 10
730686.25608288
 20
1425160.9916248599
 10
730575.507477067
 20
1425225.9286883767
 10
730589.667810038
 20
1425250.0787969506
  0
HATCH
  5
1A0
330
17
100
AcDbEntity
  8
GREEN_AREA
 62
7
420
9881750
100
AcDbHatch
 10
0.0
 20
0.0
 30
0.0
210
0.0
220
0.0
230
1.0
  2
SOLID
 70
0
 71
0
 91
1
 92
3
 72
0
 73
1
 93
8
 10
730592.2549793542
 20
1424086.0489898243
 10
730315.2532244959
 20
1424238.6537580444
 10
730198.103622781
 20
1424311.9970795189
 10
730187.0008998723
 20
1424319.212105575
 10
730190.2269064263
 20
1424324.7139824517
 10
730629.4142450802
 20
1424067.1979993249
 10
730629.1308805068
 20
1424066.714727835
 10
730592.2549793542
 20
1424086.0489898243
 97
0
 75
1
 76
1
 52
0.0
 41
1.0
 77
0
 78
1
 53
45.0
 43
0.0
 44
0.0
 45
-0.0883883476
 46
0.0883883476
 79
0
 98
0
  0
LWPOLYLINE
  5
1A1
330
17
100
AcDbEntity
  8
PARCEL_BORDER
370
50
420
3302450
100
AcDbPolyline
 90
11
 70
1
 10
730592.2549793542
 20
1424086.0489898243
 10
730543.7032282095
 20
1424112.7969385302
 10
730315.2532244959
 20
1424238.6537580444
 10
730198.103622781
 20
1424311.9970795189
 10
730187.0008998723
 20
1424319.212105575
 10
730190.2269064263
 20
1424324.7139824517
 10
730336.6226859775
 20
1424238.8753214094
 10
730483.018465529
 20
1424153.0366603674
 10
730629.4142450802
 20
1424067.1979993249
 10
730629.1308805068
 20
1424066.714727835
 10
730592.2549793542
 20
1424086.0489898243
  0
HATCH
  5
1A2
330
17
100
AcDbEntity
  8
GREEN_AREA
 62
7
420
9881750
100
AcDbHatch
 10
0.0
 20
0.0
 30
0.0
210
0.0
220
0.0
230
1.0
  2
SOLID
 70
0
 71
0
 91
2
 92
3
 72
0
 73
1
 93
13
 10
730368.47110522
 20
1425368.461222186
 10
730368.9035073352
 20
1425369.518436001
 10
730369.0549962118
 20
1425369.9494747221
 10
730369.3182706132
 20
1425370.8244945104
 10
730369.4297812104
 20
1425371.2675618273
 10
730369.6525426207
 20
1425372.3878519647
 10
730370.611881499
 20
1425378.5214860553
 10
730579.3160651922
 20
1425256.1485068817
 10
730554.8730195591
 20
1425214.4614782557
 10
730408.4772400076
 20
1425300.300139298
 10
730337.0016185183
 20
1425178.4001795386
 10
730293.2063777088
 20
1425204.0793681233
 10
730368.47110522
 20
1425368.461222186
 97
0
 92
3
 72
0
 73
1
 93
11
 10
730408.5191219593
 20
1425300.3909462478
 10
730554.8373359346
 20
1425214.5983237124
 10
730578.3198108873
 20
1425254.6471220597
 10
730530.5071495008
 20
1425282.6819113607
 10
730531.0129586617
 20
1425283.5445567647
 10
730387.5749745022
 20
1425367.6489246676
 10
730358.3720689805
 20
1425317.844069057
 10
730403.226934975
 20
1425291.543572895
 10
730408.3909754672
 20
1425300.350720214
 10
730408.4426448095
 20
1425300.39396452
 10
730408.5191219593
 20
1425300.3909462478
 97
0
 75
1
 76
1
 52
0.0
 41
1.0
 77
0
 78
1
 53
45.0
 43
0.0
 44
0.0
 45
-0.0883883476
 46
0.0883883476
 79
0
 98
0
  0
LWPOLYLINE
  5
1A3
330
17
100
AcDbEntity
  8
PARCEL_BORDER
370
50
420
3302450
100
AcDbPolyline
 90
15
 70
1
 10
730368.47110522
 20
1425368.461222186
 10
730368.5614590046
 20
1425368.671101368
 10
730368.9035073352
 20
1425369.518436001
 10
730369.0549962118
 20
1425369.9494747221
 10
730369.3182706132
 20
1425370.8244945104
 10
730369.4297812104
 20
1425371.2675618273
 10
730369.6120834121
 20
1425372.162960592
 10
730369.6525426207
 20
1425372.3878519647
 10
730370.611881499
 20
1425378.5214860553
 10
730579.3160651922
 20
1425256.1485068817
 10
730554.8730195591
 20
1425214.4614782557
 10
730408.4772400076
 20
1425300.300139298
 10
730337.0016185183
 20
1425178.4001795386
 10
730293.2063777088
 20
1425204.0793681233
 10
730368.47110522
 20
1425368.461222186
  0
HATCH
  5
1A4
330
17
100
AcDbEntity
  8
GREEN_AREA
 62
7
420
9881750
100
AcDbHatch
 10
0.0
 20
0.0
 30
0.0
210
0.0
220
0.0
230
1.0
  2
SOLID
 70
0
 71
0
 91
1
 92
3
 72
0
 73
1
 93
14
 10
730405.1821910309
 20
1425599.5503986438
 10
730405.3062875313
 20
1425600.6079970803
 10
730405.3360516203
 20
1425601.0328936654
 10
730405.3593298716
 20
1425601.8844511549
 10
730405.3528229083
 20
1425602.310339248
 10
730405.2866897694
 20
1425603.373137819
 10
730400.4723060848
 20
1425651.120498501
 10
730463.1085244686
 20
1425792.3813098995
 10
730491.8178964767
 20
1425777.9487870547
 10
730404.1230343187
 20
1425628.3873009786
 10
730550.5188138698
 20
1425542.5486399361
 10
730526.2399741455
 20
1425501.1416605532
 10
730401.252805165
 20
1425574.4274565347
 10
730405.1821910309
 20
1425599.5503986438
 97
0
 75
1
 76
1
 52
0.0
 41
1.0
 77
0
 78
1
 53
45.0
 43
0.0
 44
0.0
 45
-0.0883883476
 46
0.0883883476
 79
0
 98
0
  0
LWPOLYLINE
  5
1A5
330
17
100
AcDbEntity
  8
PARCEL_BORDER
370
50
420
3302450
100
AcDbPolyline
 90
16
 70
1
 10
730405.1821910309
 20
1425599.5503986438
 10
730405.2106174735
 20
1425599.761510651
 10
730405.3062875313
 20
1425600.6079970803
 10
730405.3360516203
 20
1425601.0328936654
 10
730405.3593298716
 20
1425601.8844511549
 10
730405.3528229083
 20
1425602.310339248
 10
730405.3035404248
 20
1425603.1607881128
 10
730405.2866897694
 20
1425603.373137819
 10
730400.4723060848
 20
1425651.120498501
 10
730463.1085244686
 20
1425792.3813098995
 10
730491.8178964767
 20
1425777.9487870547
 10
730404.1230343187
 20
1425628.3873009786
 10
730550.5188138698
 20
1425542.5486399361
 10
730526.2399741455
 20
1425501.1416605532
 10
730401.252805165
 20
1425574.4274565347
 10
730405.1821910309
 20
1425599.5503986438
  0
HATCH
  5
1A6
330
17
100
AcDbEntity
  8
GREEN_AREA
 62
7
420
9881750
100
AcDbHatch
 10
0.0
 20
0.0
 30
0.0
210
0.0
220
0.0
230
1.0
  2
SOLID
 70
0
 71
0
 91
1
 92
3
 72
0
 73
1
 93
5
 10
730382.3477472793
 20
1424896.4993976953
 10
730492.7233999537
 20
1424831.7810139668
 10
730479.2020700683
 20
1424808.7207098443
 10
730368.8264173941
 20
1424873.4390935726
 10
730382.3477472793
 20
1424896.4993976953
 97
0
 75
1
 76
1
 52
0.0
 41
1.0
 77
0
 78
1
 53
45.0
 43
0.0
 44
0.0
 45
-0.0883883476
 46
0.0883883476
 79
0
 98
0
  0
LWPOLYLINE
  5
1A7
330
17
100
AcDbEntity
  8
PARCEL_BORDER
370
50
420
3302450
100
AcDbPolyline
 90
5
 70
1
 10
730382.3477472793
 20
1424896.4993976953
 10
730492.7233999537
 20
1424831.7810139668
 10
730479.2020700683
 20
1424808.7207098443
 10
730368.8264173941
 20
1424873.4390935726
 10
730382.3477472793
 20
1424896.4993976953
  0
HATCH
  5
1A8
330
17
100
AcDbEntity
  8
GREEN_AREA
 62
7
420
9881750
100
AcDbHatch
 10
0.0
 20
0.0
 30
0.0
210
0.0
220
0.0
230
1.0
  2
SOLID
 70
0
 71
0
 91
2
 92
3
 72
0
 73
1
 93
5
 10
730201.1571772489
 20
1424946.7207400426
 10
730225.600222882
 20
1424988.4077686684
 10
730371.9960024336
 20
1424902.5691076263
 10
730347.5529568003
 20
1424860.8820790004
 10
730201.1571772489
 20
1424946.7207400426
 97
0
 92
3
 72
0
 73
1
 93
5
 10
730204.0792890165
 20
1424945.1232923598
 10
730347.517273176
 20
1424861.0189244568
 10
730371.8591569769
 20
1424902.533424002
 10
730228.4211728175
 20
1424986.6377919049
 10
730204.0792890165
 20
1424945.1232923598
 97
0
 75
1
 76
1
 52
0.0
 41
1.0
 77
0
 78
1
 53
45.0
 43
0.0
 44
0.0
 45
-0.0883883476
 46
0.0883883476
 79
0
 98
0
  0
LWPOLYLINE
  5
1A9
330
17
100
AcDbEntity
  8
PARCEL_BORDER
370
50
420
3302450
100
AcDbPolyline
 90
5
 70
1
 10
730201.1571772489
 20
1424946.7207400426
 10
730225.600222882
 20
1424988.4077686684
 10
730371.9960024336
 20
1424902.5691076263
 10
730347.5529568003
 20
1424860.8820790004
 10
730201.1571772489
 20
1424946.7207400426
  0
HATCH
  5
1AA
330
17
100
AcDbEntity
  8
GREEN_AREA
 62
7
420
9881750
100
AcDbHatch
 10
0.0
 20
0.0
 30
0.0
210
0.0
220
0.0
230
1.0
  2
SOLID
 70
0
 71
0
 91
1
 92
3
 72
0
 73
1
 93
10
 10
730029.3387639731
 20
1425317.0007177612
 10
730063.4836333529
 20
1425305.6867156962
 10
730106.8471650012
 20
1425288.6768543604
 10
730150.8162204395
 20
1425258.7741053796
 10
730215.9555747748
 20
1425207.636579518
 10
730215.2433244396
 20
1425207.0593149536
 10
730214.8781628188
 20
1425206.7324417224
 10
730214.0773858551
 20
1425205.9310704584
 10
730019.7602281393
 20
1425319.86826651
 10
730029.3387639731
 20
1425317.0007177612
 97
0
 75
1
 76
1
 52
0.0
 41
1.0
 77
0
 78
1
 53
45.0
 43
0.0
 44
0.0
 45
-0.0883883476
 46
0.0883883476
 79
0
 98
0
  0
LWPOLYLINE
  5
1AB
330
17
100
AcDbEntity
  8
PARCEL_BORDER
370
50
420
3302450
100
AcDbPolyline
 90
12
 70
1
 10
730029.3387639731
 20
1425317.0007177612
 10
730063.4836333529
 20
1425305.6867156962
 10
730106.8471650012
 20
1425288.6768543604
 10
730150.8162204395
 20
1425258.7741053796
 10
730215.9555747748
 20
1425207.636579518
 10
730215.2433244396
 20
1425207.0593149536
 10
730214.8781628188
 20
1425206.7324417224
 10
730214.1807567023
 20
1425206.0436883648
 10
730214.0773858551
 20
1425205.9310704584
 10
730068.3351024089
 20
1425291.3865563108
 10
730019.7602281393
 20
1425319.86826651
 10
730029.3387639731
 20
1425317.0007177612
  0
HATCH
  5
1AC
330
17
100
AcDbEntity
  8
GREEN_AREA
 62
7
420
9881750
100
AcDbHatch
 10
0.0
 20
0.0
 30
0.0
210
0.0
220
0.0
230
1.0
  2
SOLID
 70
0
 71
0
 91
1
 92
3
 72
0
 73
1
 93
5
 10
730164.6759396748
 20
1424548.989708371
 10
730161.3027738491
 20
1424543.2368548827
 10
730014.9069942976
 20
1424629.075515925
 10
730018.2801601234
 20
1424634.8283694133
 10
730164.6759396748
 20
1424548.989708371
 97
0
 75
1
 76
1
 52
0.0
 41
1.0
 77
0
 78
1
 53
45.0
 43
0.0
 44
0.0
 45
-0.0883883476
 46
0.0883883476
 79
0
 98
0
  0
LWPOLYLINE
  5
1AD
330
17
100
AcDbEntity
  8
PARCEL_BORDER
370
50
420
3302450
100
AcDbPolyline
 90
5
 70
1
 10
730164.6759396748
 20
1424548.989708371
 10
730161.3027738491
 20
1424543.2368548827
 10
730014.9069942976
 20
1424629.075515925
 10
730018.2801601234
 20
1424634.8283694133
 10
730164.6759396748
 20
1424548.989708371
  0
HATCH
  5
1AE
330
17
100
AcDbEntity
  8
GREEN_AREA
 62
7
420
9881750
100
AcDbHatch
 10
0.0
 20
0.0
 30
0.0
210
0.0
220
0.0
230
1.0
  2
SOLID
 70
0
 71
0
 91
1
 92
3
 72
0
 73
1
 93
9
 10
730002.0265242412
 20
1425011.3909837247
 10
730060.2479685037
 20
1425041.9166161262
 10
729987.6017288594
 20
1424918.0201951533
 10
730133.9975084106
 20
1424832.1815341113
 10
730111.7419053299
 20
1424794.2251363432
 10
729965.3461257786
 20
1424880.0637973857
 10
729965.8524940962
 20
1424880.9273964176
 10
729886.8446527496
 20
1424927.2533720282
 10
730002.0265242412
 20
1425011.3909837247
 97
0
 75
1
 76
1
 52
0.0
 41
1.0
 77
0
 78
1
 53
45.0
 43
0.0
 44
0.0
 45
-0.0883883476
 46
0.0883883476
 79
0
 98
0
  0
LWPOLYLINE
  5
1AF
330
17
100
AcDbEntity
  8
PARCEL_BORDER
370
50
420
3302450
100
AcDbPolyline
 90
9
 70
1
 10
730002.0265242412
 20
1425011.3909837247
 10
730060.2479685037
 20
1425041.9166161262
 10
729987.6017288594
 20
1424918.0201951533
 10
730133.9975084106
 20
1424832.1815341113
 10
730111.7419053299
 20
1424794.2251363432
 10
729965.3461257786
 20
1424880.0637973857
 10
729965.8524940962
 20
1424880.9273964176
 10
729886.8446527496
 20
1424927.2533720282
 10
730002.0265242412
 20
1425011.3909837247
  0
HATCH
  5
1B0
330
17
100
AcDbEntity
  8
GREEN_AREA
 62
7
420
9881750
100
AcDbHatch
 10
0.0
 20
0.0
 30
0.0
210
0.0
220
0.0
230
1.0
  2
SOLID
 70
0
 71
0
 91
1
 92
3
 72
0
 73
1
 93
5
 10
730009.7425616414
 20
1425099.7111724927
 10
729983.6779576736
 20
1425086.5321301883
 10
729882.0993598335
 20
1425189.8183164406
 10
730024.2238122742
 20
1425106.4841333362
 10
730009.7425616414
 20
1425099.7111724927
 97
0
 75
1
 76
1
 52
0.0
 41
1.0
 77
0
 78
1
 53
45.0
 43
0.0
 44
0.0
 45
-0.0883883476
 46
0.0883883476
 79
0
 98
0
  0
LWPOLYLINE
  5
1B1
330
17
100
AcDbEntity
  8
PARCEL_BORDER
370
50
420
3302450
100
AcDbPolyline
 90
8
 70
1
 10
730009.7425616414
 20
1425099.7111724927
 10
730009.6728273417
 20
1425099.6778983013
 10
730009.3949351469
 20
1425099.5426543057
 10
730009.3257233491
 20
1425099.5083064993
 10
729983.6779576736
 20
1425086.5321301883
 10
729882.0993598335
 20
1425189.8183164406
 10
730024.2238122742
 20
1425106.4841333362
 10
730009.7425616414
 20
1425099.7111724927
  0
HATCH
  5
1B2
330
17
100
AcDbEntity
  8
GREEN_AREA
 62
7
420
9881750
100
AcDbHatch
 10
0.0
 20
0.0
 30
0.0
210
0.0
220
0.0
230
1.0
  2
SOLID
 70
0
 71
0
 91
1
 92
3
 72
0
 73
1
 93
6
 10
729823.5456362836
 20
1425249.3563581635
 10
729837.9774858247
 20
1425273.7204247755
 10
729854.203343337
 20
1425299.9995433628
 10
729870.5335910667
 20
1425289.5539735623
 10
729838.2168381588
 20
1425234.438525848
 10
729823.5456362836
 20
1425249.3563581635
 97
0
 75
1
 76
1
 52
0.0
 41
1.0
 77
0
 78
1
 53
45.0
 43
0.0
 44
0.0
 45
-0.0883883476
 46
0.0883883476
 79
0
 98
0
  0
LWPOLYLINE
  5
1B3
330
17
100
AcDbEntity
  8
PARCEL_BORDER
370
50
420
3302450
100
AcDbPolyline
 90
6
 70
1
 10
729823.5456362836
 20
1425249.3563581635
 10
729837.9774858247
 20
1425273.7204247755
 10
729854.203343337
 20
1425299.9995433628
 10
729870.5335910667
 20
1425289.5539735623
 10
729838.2168381588
 20
1425234.438525848
 10
729823.5456362836
 20
1425249.3563581635
  0
HATCH
  5
1B4
330
17
100
AcDbEntity
  8
GREEN_AREA
 62
7
420
9881750
100
AcDbHatch
 10
0.0
 20
0.0
 30
0.0
210
0.0
220
0.0
230
1.0
  2
SOLID
 70
0
 71
0
 91
1
 92
3
 72
0
 73
1
 93
11
 10
729584.4786184757
 20
1424693.172331836
 10
729619.1936796485
 20
1424733.8414868556
 10
729681.229327244
 20
1424777.0256760158
 10
729723.611487677
 20
1424807.9924484806
 10
729723.901126418
 20
1424807.6361650964
 10
729724.1813583443
 20
1424807.3612854609
 10
729724.487183793
 20
1424807.115196978
 10
729724.8156574978
 20
1424806.9002696143
 10
729725.4886010208
 20
1424806.5056914978
 10
729639.1228257556
 20
1424659.2109312702
 10
729584.4786184757
 20
1424693.172331836
 97
0
 75
1
 76
1
 52
0.0
 41
1.0
 77
0
 78
1
 53
45.0
 43
0.0
 44
0.0
 45
-0.0883883476
 46
0.0883883476
 79
0
 98
0
  0
LWPOLYLINE
  5
1B5
330
17
100
AcDbEntity
  8
PARCEL_BORDER
370
50
420
3302450
100
AcDbPolyline
 90
15
 70
1
 10
729584.4786184757
 20
1424693.172331836
 10
729619.1936796485
 20
1424733.8414868556
 10
729681.1824275254
 20
1424776.992627455
 10
729681.229327244
 20
1424777.0256760158
 10
729681.4161615083
 20
1424777.1589422266
 10
729681.4626789219
 20
1424777.192526771
 10
729723.611487677
 20
1424807.9924484806
 10
729723.6491868009
 20
1424807.9371886433
 10
729723.901126418
 20
1424807.6361650964
 10
729724.1813583443
 20
1424807.3612854609
 10
729724.487183793
 20
1424807.115196978
 10
729724.8156574978
 20
1424806.9002696143
 10
729725.4886010208
 20
1424806.5056914978
 10
729639.1228257556
 20
1424659.2109312702
 10
729584.4786184757
 20
1424693.172331836
  0
LINE
  5
1B6
330
17
100
AcDbEntity
  8
TABLE_LINES
100
AcDbLine
 10
732470.3428079871
 20
1425890.6758731583
 30
0.0
 11
733460.3428079871
 21
1425890.6758731583
 31
0.0
  0
LINE
  5
1B7
330
17
100
AcDbEntity
  8
TABLE_LINES
100
AcDbLine
 10
732470.3428079871
 20
1425890.6758731583
 30
0.0
 11
732470.3428079871
 21
1425962.6758731583
 31
0.0
  0
LINE
  5
1B8
330
17
100
AcDbEntity
  8
TABLE_LINES
100
AcDbLine
 10
732920.3428079871
 20
1425890.6758731583
 30
0.0
 11
732920.3428079871
 21
1425962.6758731583
 31
0.0
  0
LINE
  5
1B9
330
17
100
AcDbEntity
  8
TABLE_LINES
100
AcDbLine
 10
733460.3428079871
 20
1425890.6758731583
 30
0.0
 11
733460.3428079871
 21
1425962.6758731583
 31
0.0
  0
TEXT
  5
1BA
330
17
100
AcDbEntity
  8
TABLE_TEXT
420
0
100
AcDbText
 10
732485.3428079871
 20
1425920.6758731583
 30
0.0
 40
24.0
  1
PROJECT SUMMARY
 11
732485.3428079871
 21
1425920.6758731583
 31
0.0
100
AcDbText
 73
2
  0
LINE
  5
1BB
330
17
100
AcDbEntity
  8
TABLE_LINES
100
AcDbLine
 10
732470.3428079871
 20
1425818.6758731583
 30
0.0
 11
733460.3428079871
 21
1425818.6758731583
 31
0.0
  0
LINE
  5
1BC
330
17
100
AcDbEntity
  8
TABLE_LINES
100
AcDbLine
 10
732470.3428079871
 20
1425818.6758731583
 30
0.0
 11
732470.3428079871
 21
1425872.6758731583
 31
0.0
  0
LINE
  5
1BD
330
17
100
AcDbEntity
  8
TABLE_LINES
100
AcDbLine
 10
732920.3428079871
 20
1425818.6758731583
 30
0.0
 11
732920.3428079871
 21
1425872.6758731583
 31
0.0
  0
LINE
  5
1BE
330
17
100
AcDbEntity
  8
TABLE_LINES
100
AcDbLine
 10
733460.3428079871
 20
1425818.6758731583
 30
0.0
 11
733460.3428079871
 21
1425872.6758731583
 31
0.0
  0
TEXT
  5
1BF
330
17
100
AcDbEntity
  8
TABLE_TEXT
420
0
100
AcDbText
 10
732485.3428079871
 20
1425839.6758731583
 30
0.0
 40
18.0
  1
Total Site
 11
732485.3428079871
 21
1425839.6758731583
 31
0.0
100
AcDbText
 73
2
  0
TEXT
  5
1C0
330
17
100
AcDbEntity
  8
TABLE_TEXT
420
0
100
AcDbText
 10
733445.3428079871
 20
1425839.6758731583
 30
0.0
 40
18.0
  1
2,762,584.98 sqm
 72
2
 11
733445.3428079871
 21
1425839.6758731583
 31
0.0
100
AcDbText
 73
2
  0
LINE
  5
1C1
330
17
100
AcDbEntity
  8
TABLE_LINES
100
AcDbLine
 10
732470.3428079871
 20
1425764.6758731583
 30
0.0
 11
733460.3428079871
 21
1425764.6758731583
 31
0.0
  0
LINE
  5
1C2
330
17
100
AcDbEntity
  8
TABLE_LINES
100
AcDbLine
 10
732470.3428079871
 20
1425764.6758731583
 30
0.0
 11
732470.3428079871
 21
1425818.6758731583
 31
0.0
  0
LINE
  5
1C3
330
17
100
AcDbEntity
  8
TABLE_LINES
100
AcDbLine
 10
732920.3428079871
 20
1425764.6758731583
 30
0.0
 11
732920.3428079871
 21
1425818.6758731583
 31
0.0
  0
LINE
  5
1C4
330
17
100
AcDbEntity
  8
TABLE_LINES
100
AcDbLine
 10
733460.3428079871
 20
1425764.6758731583
 30
0.0
 11
733460.3428079871
 21
1425818.6758731583
 31
0.0
  0
TEXT
  5
1C5
330
17
100
AcDbEntity
  8
TABLE_TEXT
420
0
100
AcDbText
 10
732485.3428079871
 20
1425785.6758731583
 30
0.0
 40
18.0
  1
Green Belt Area
 11
732485.3428079871
 21
1425785.6758731583
 31
0.0
100
AcDbText
 73
2
  0
TEXT
  5
1C6
330
17
100
AcDbEntity
  8
TABLE_TEXT
420
0
100
AcDbText
 10
733445.3428079871
 20
1425785.6758731583
 30
0.0
 40
18.0
  1
135,110.77 sqm
 72
2
 11
733445.3428079871
 21
1425785.6758731583
 31
0.0
100
AcDbText
 73
2
  0
LINE
  5
1C7
330
17
100
AcDbEntity
  8
TABLE_LINES
100
AcDbLine
 10
732470.3428079871
 20
1425710.6758731583
 30
0.0
 11
733460.3428079871
 21
1425710.6758731583
 31
0.0
  0
LINE
  5
1C8
330
17
100
AcDbEntity
  8
TABLE_LINES
100
AcDbLine
 10
732470.3428079871
 20
1425710.6758731583
 30
0.0
 11
732470.3428079871
 21
1425764.6758731583
 31
0.0
  0
LINE
  5
1C9
330
17
100
AcDbEntity
  8
TABLE_LINES
100
AcDbLine
 10
732920.3428079871
 20
1425710.6758731583
 30
0.0
 11
732920.3428079871
 21
1425764.6758731583
 31
0.0
  0
LINE
  5
1CA
330
17
100
AcDbEntity
  8
TABLE_LINES
100
AcDbLine
 10
733460.3428079871
 20
1425710.6758731583
 30
0.0
 11
733460.3428079871
 21
1425764.6758731583
 31
0.0
  0
TEXT
  5
1CB
330
17
100
AcDbEntity
  8
TABLE_TEXT
420
0
100
AcDbText
 10
732485.3428079871
 20
1425731.6758731583
 30
0.0
 40
18.0
  1
Net Buildable
 11
732485.3428079871
 21
1425731.6758731583
 31
0.0
100
AcDbText
 73
2
  0
TEXT
  5
1CC
330
17
100
AcDbEntity
  8
TABLE_TEXT
420
0
100
AcDbText
 10
733445.3428079871
 20
1425731.6758731583
 30
0.0
 40
18.0
  1
2,561,388.53 sqm
 72
2
 11
733445.3428079871
 21
1425731.6758731583
 31
0.0
100
AcDbText
 73
2
  0
LINE
  5
1CD
330
17
100
AcDbEntity
  8
TABLE_LINES
100
AcDbLine
 10
732470.3428079871
 20
1425656.6758731583
 30
0.0
 11
733460.3428079871
 21
1425656.6758731583
 31
0.0
  0
LINE
  5
1CE
330
17
100
AcDbEntity
  8
TABLE_LINES
100
AcDbLine
 10
732470.3428079871
 20
1425656.6758731583
 30
0.0
 11
732470.3428079871
 21
1425710.6758731583
 31
0.0
  0
LINE
  5
1CF
330
17
100
AcDbEntity
  8
TABLE_LINES
100
AcDbLine
 10
732920.3428079871
 20
1425656.6758731583
 30
0.0
 11
732920.3428079871
 21
1425710.6758731583
 31
0.0
  0
LINE
  5
1D0
330
17
100
AcDbEntity
  8
TABLE_LINES
100
AcDbLine
 10
733460.3428079871
 20
1425656.6758731583
 30
0.0
 11
733460.3428079871
 21
1425710.6758731583
 31
0.0
  0
TEXT
  5
1D1
330
17
100
AcDbEntity
  8
TABLE_TEXT
420
0
100
AcDbText
 10
732485.3428079871
 20
1425677.6758731583
 30
0.0
 40
18.0
  1
Saleable Area
 11
732485.3428079871
 21
1425677.6758731583
 31
0.0
100
AcDbText
 73
2
  0
TEXT
  5
1D2
330
17
100
AcDbEntity
  8
TABLE_TEXT
420
0
100
AcDbText
 10
733445.3428079871
 20
1425677.6758731583
 30
0.0
 40
18.0
  1
1,933,102.64 sqm (75.47%)
 72
2
 11
733445.3428079871
 21
1425677.6758731583
 31
0.0
100
AcDbText
 73
2
  0
LINE
  5
1D3
330
17
100
AcDbEntity
  8
TABLE_LINES
100
AcDbLine
 10
732470.3428079871
 20
1425602.6758731583
 30
0.0
 11
733460.3428079871
 21
1425602.6758731583
 31
0.0
  0
LINE
  5
1D4
330
17
100
AcDbEntity
  8
TABLE_LINES
100
AcDbLine
 10
732470.3428079871
 20
1425602.6758731583
 30
0.0
 11
732470.3428079871
 21
1425656.6758731583
 31
0.0
  0
LINE
  5
1D5
330
17
100
AcDbEntity
  8
TABLE_LINES
100
AcDbLine
 10
732920.3428079871
 20
1425602.6758731583
 30
0.0
 11
732920.3428079871
 21
1425656.6758731583
 31
0.0
  0
LINE
  5
1D6
330
17
100
AcDbEntity
  8
TABLE_LINES
100
AcDbLine
 10
733460.3428079871
 20
1425602.6758731583
 30
0.0
 11
733460.3428079871
 21
1425656.6758731583
 31
0.0
  0
TEXT
  5
1D7
330
17
100
AcDbEntity
  8
TABLE_TEXT
420
0
100
AcDbText
 10
732485.3428079871
 20
1425623.6758731583
 30
0.0
 40
18.0
  1
Road Area
 11
732485.3428079871
 21
1425623.6758731583
 31
0.0
100
AcDbText
 73
2
  0
TEXT
  5
1D8
330
17
100
AcDbEntity
  8
TABLE_TEXT
420
0
100
AcDbText
 10
733445.3428079871
 20
1425623.6758731583
 30
0.0
 40
18.0
  1
87,169.94 sqm (3.4%)
 72
2
 11
733445.3428079871
 21
1425623.6758731583
 31
0.0
100
AcDbText
 73
2
  0
LINE
  5
1D9
330
17
100
AcDbEntity
  8
TABLE_LINES
100
AcDbLine
 10
732470.3428079871
 20
1425548.6758731583
 30
0.0
 11
733460.3428079871
 21
1425548.6758731583
 31
0.0
  0
LINE
  5
1DA
330
17
100
AcDbEntity
  8
TABLE_LINES
100
AcDbLine
 10
732470.3428079871
 20
1425548.6758731583
 30
0.0
 11
732470.3428079871
 21
1425602.6758731583
 31
0.0
  0
LINE
  5
1DB
330
17
100
AcDbEntity
  8
TABLE_LINES
100
AcDbLine
 10
732920.3428079871
 20
1425548.6758731583
 30
0.0
 11
732920.3428079871
 21
1425602.6758731583
 31
0.0
  0
LINE
  5
1DC
330
17
100
AcDbEntity
  8
TABLE_LINES
100
AcDbLine
 10
733460.3428079871
 20
1425548.6758731583
 30
0.0
 11
733460.3428079871
 21
1425602.6758731583
 31
0.0
  0
TEXT
  5
1DD
330
17
100
AcDbEntity
  8
TABLE_TEXT
420
0
100
AcDbText
 10
732485.3428079871
 20
1425569.6758731583
 30
0.0
 40
18.0
  1
Internal Green
 11
732485.3428079871
 21
1425569.6758731583
 31
0.0
100
AcDbText
 73
2
  0
TEXT
  5
1DE
330
17
100
AcDbEntity
  8
TABLE_TEXT
420
0
100
AcDbText
 10
733445.3428079871
 20
1425569.6758731583
 30
0.0
 40
18.0
  1
406,877.29 sqm (15.89%)
 72
2
 11
733445.3428079871
 21
1425569.6758731583
 31
0.0
100
AcDbText
 73
2
  0
LINE
  5
1DF
330
17
100
AcDbEntity
  8
TABLE_LINES
100
AcDbLine
 10
732470.3428079871
 20
1425494.6758731583
 30
0.0
 11
733460.3428079871
 21
1425494.6758731583
 31
0.0
  0
LINE
  5
1E0
330
17
100
AcDbEntity
  8
TABLE_LINES
100
AcDbLine
 10
732470.3428079871
 20
1425494.6758731583
 30
0.0
 11
732470.3428079871
 21
1425566.6758731583
 31
0.0
  0
LINE
  5
1E1
330
17
100
AcDbEntity
  8
TABLE_LINES
100
AcDbLine
 10
732920.3428079871
 20
1425494.6758731583
 30
0.0
 11
732920.3428079871
 21
1425566.6758731583
 31
0.0
  0
LINE
  5
1E2
330
17
100
AcDbEntity
  8
TABLE_LINES
100
AcDbLine
 10
733460.3428079871
 20
1425494.6758731583
 30
0.0
 11
733460.3428079871
 21
1425566.6758731583
 31
0.0
  0
TEXT
  5
1E3
330
17
100
AcDbEntity
  8
TABLE_TEXT
420
0
100
AcDbText
 10
732485.3428079871
 20
1425524.6758731583
 30
0.0
 40
24.0
  1
TOTAL PLOTS
 11
732485.3428079871
 21
1425524.6758731583
 31
0.0
100
AcDbText
 73
2
  0
TEXT
  5
1E4
330
17
100
AcDbEntity
  8
TABLE_TEXT
420
0
100
AcDbText
 10
733445.3428079871
 20
1425524.6758731583
 30
0.0
 40
24.0
  1
84
 72
2
 11
733445.3428079871
 21
1425524.6758731583
 31
0.0
100
AcDbText
 73
2
  0
LINE
  5
1E5
330
17
100
AcDbEntity
  8
TABLE_LINES
100
AcDbLine
 10
732470.3428079871
 20
1425422.6758731583
 30
0.0
 11
733460.3428079871
 21
1425422.6758731583
 31
0.0
  0
LINE
  5
1E6
330
17
100
AcDbEntity
  8
TABLE_LINES
100
AcDbLine
 10
732470.3428079871
 20
1425422.6758731583
 30
0.0
 11
732470.3428079871
 21
1425476.6758731583
 31
0.0
  0
LINE
  5
1E7
330
17
100
AcDbEntity
  8
TABLE_LINES
100
AcDbLine
 10
732920.3428079871
 20
1425422.6758731583
 30
0.0
 11
732920.3428079871
 21
1425476.6758731583
 31
0.0
  0
LINE
  5
1E8
330
17
100
AcDbEntity
  8
TABLE_LINES
100
AcDbLine
 10
733460.3428079871
 20
1425422.6758731583
 30
0.0
 11
733460.3428079871
 21
1425476.6758731583
 31
0.0
  0
TEXT
  5
1E9
330
17
100
AcDbEntity
  8
TABLE_TEXT
420
0
100
AcDbText
 10
732485.3428079871
 20
1425443.6758731583
 30
0.0
 40
18.0
  1
Large Plots
 11
732485.3428079871
 21
1425443.6758731583
 31
0.0
100
AcDbText
 73
2
  0
TEXT
  5
1EA
330
17
100
AcDbEntity
  8
TABLE_TEXT
420
0
100
AcDbText
 10
733445.3428079871
 20
1425443.6758731583
 30
0.0
 40
18.0
  1
27
 72
2
 11
733445.3428079871
 21
1425443.6758731583
 31
0.0
100
AcDbText
 73
2
  0
LINE
  5
1EB
330
17
100
AcDbEntity
  8
TABLE_LINES
100
AcDbLine
 10
732470.3428079871
 20
1425368.6758731583
 30
0.0
 11
733460.3428079871
 21
1425368.6758731583
 31
0.0
  0
LINE
  5
1EC
330
17
100
AcDbEntity
  8
TABLE_LINES
100
AcDbLine
 10
732470.3428079871
 20
1425368.6758731583
 30
0.0
 11
732470.3428079871
 21
1425422.6758731583
 31
0.0
  0
LINE
  5
1ED
330
17
100
AcDbEntity
  8
TABLE_LINES
100
AcDbLine
 10
732920.3428079871
 20
1425368.6758731583
 30
0.0
 11
732920.3428079871
 21
1425422.6758731583
 31
0.0
  0
LINE
  5
1EE
330
17
100
AcDbEntity
  8
TABLE_LINES
100
AcDbLine
 10
733460.3428079871
 20
1425368.6758731583
 30
0.0
 11
733460.3428079871
 21
1425422.6758731583
 31
0.0
  0
TEXT
  5
1EF
330
17
100
AcDbEntity
  8
TABLE_TEXT
420
0
100
AcDbText
 10
732485.3428079871
 20
1425389.6758731583
 30
0.0
 40
18.0
  1
Medium Plots
 11
732485.3428079871
 21
1425389.6758731583
 31
0.0
100
AcDbText
 73
2
  0
TEXT
  5
1F0
330
17
100
AcDbEntity
  8
TABLE_TEXT
420
0
100
AcDbText
 10
733445.3428079871
 20
1425389.6758731583
 30
0.0
 40
18.0
  1
26
 72
2
 11
733445.3428079871
 21
1425389.6758731583
 31
0.0
100
AcDbText
 73
2
  0
LINE
  5
1F1
330
17
100
AcDbEntity
  8
TABLE_LINES
100
AcDbLine
 10
732470.3428079871
 20
1425314.6758731583
 30
0.0
 11
733460.3428079871
 21
1425314.6758731583
 31
0.0
  0
LINE
  5
1F2
330
17
100
AcDbEntity
  8
TABLE_LINES
100
AcDbLine
 10
732470.3428079871
 20
1425314.6758731583
 30
0.0
 11
732470.3428079871
 21
1425368.6758731583
 31
0.0
  0
LINE
  5
1F3
330
17
100
AcDbEntity
  8
TABLE_LINES
100
AcDbLine
 10
732920.3428079871
 20
1425314.6758731583
 30
0.0
 11
732920.3428079871
 21
1425368.6758731583
 31
0.0
  0
LINE
  5
1F4
330
17
100
AcDbEntity
  8
TABLE_LINES
100
AcDbLine
 10
733460.3428079871
 20
1425314.6758731583
 30
0.0
 11
733460.3428079871
 21
1425368.6758731583
 31
0.0
  0
TEXT
  5
1F5
330
17
100
AcDbEntity
  8
TABLE_TEXT
420
0
100
AcDbText
 10
732485.3428079871
 20
1425335.6758731583
 30
0.0
 40
18.0
  1
Small Plots
 11
732485.3428079871
 21
1425335.6758731583
 31
0.0
100
AcDbText
 73
2
  0
TEXT
  5
1F6
330
17
100
AcDbEntity
  8
TABLE_TEXT
420
0
100
AcDbText
 10
733445.3428079871
 20
1425335.6758731583
 30
0.0
 40
18.0
  1
31
 72
2
 11
733445.3428079871
 21
1425335.6758731583
 31
0.0
100
AcDbText
 73
2
  0
LINE
  5
1F7
330
17
100
AcDbEntity
  8
TABLE_LINES
100
AcDbLine
 10
732470.3428079871
 20
1425314.6758731583
 30
0.0
 11
733460.3428079871
 21
1425314.6758731583
 31
0.0
  0
LINE
  5
1F8
330
17
100
AcDbEntity
  8
TABLE_LINES
100
AcDbLine
 10
732470.3428079871
 20
1425160.6758731583
 30
0.0
 11
733460.3428079871
 21
1425160.6758731583
 31
0.0
  0
LINE
  5
1F9
330
17
100
AcDbEntity
  8
TABLE_LINES
100
AcDbLine
 10
732470.3428079871
 20
1425160.6758731583
 30
0.0
 11
732470.3428079871
 21
1425232.6758731583
 31
0.0
  0
LINE
  5
1FA
330
17
100
AcDbEntity
  8
TABLE_LINES
100
AcDbLine
 10
732920.3428079871
 20
1425160.6758731583
 30
0.0
 11
732920.3428079871
 21
1425232.6758731583
 31
0.0
  0
LINE
  5
1FB
330
17
100
AcDbEntity
  8
TABLE_LINES
100
AcDbLine
 10
733460.3428079871
 20
1425160.6758731583
 30
0.0
 11
733460.3428079871
 21
1425232.6758731583
 31
0.0
  0
TEXT
  5
1FC
330
17
100
AcDbEntity
  8
TABLE_TEXT
420
0
100
AcDbText
 10
732485.3428079871
 20
1425190.6758731583
 30
0.0
 40
24.0
  1
DESIGN CONSTRAINTS
 11
732485.3428079871
 21
1425190.6758731583
 31
0.0
100
AcDbText
 73
2
  0
LINE
  5
1FD
330
17
100
AcDbEntity
  8
TABLE_LINES
100
AcDbLine
 10
732470.3428079871
 20
1425088.6758731583
 30
0.0
 11
733460.3428079871
 21
1425088.6758731583
 31
0.0
  0
LINE
  5
1FE
330
17
100
AcDbEntity
  8
TABLE_LINES
100
AcDbLine
 10
732470.3428079871
 20
1425088.6758731583
 30
0.0
 11
732470.3428079871
 21
1425142.6758731583
 31
0.0
  0
LINE
  5
1FF
330
17
100
AcDbEntity
  8
TABLE_LINES
100
AcDbLine
 10
732920.3428079871
 20
1425088.6758731583
 30
0.0
 11
732920.3428079871
 21
1425142.6758731583
 31
0.0
  0
LINE
  5
200
330
17
100
AcDbEntity
  8
TABLE_LINES
100
AcDbLine
 10
733460.3428079871
 20
1425088.6758731583
 30
0.0
 11
733460.3428079871
 21
1425142.6758731583
 31
0.0
  0
TEXT
  5
201
330
17
100
AcDbEntity
  8
TABLE_TEXT
420
0
100
AcDbText
 10
732485.3428079871
 20
1425109.6758731583
 30
0.0
 40
18.0
  1
Industry Type
 11
732485.3428079871
 21
1425109.6758731583
 31
0.0
100
AcDbText
 73
2
  0
TEXT
  5
202
330
17
100
AcDbEntity
  8
TABLE_TEXT
420
0
100
AcDbText
 10
733445.3428079871
 20
1425109.6758731583
 30
0.0
 40
18.0
  1
Light Industry
 72
2
 11
733445.3428079871
 21
1425109.6758731583
 31
0.0
100
AcDbText
 73
2
  0
LINE
  5
203
330
17
100
AcDbEntity
  8
TABLE_LINES
100
AcDbLine
 10
732470.3428079871
 20
1425034.6758731583
 30
0.0
 11
733460.3428079871
 21
1425034.6758731583
 31
0.0
  0
LINE
  5
204
330
17
100
AcDbEntity
  8
TABLE_LINES
100
AcDbLine
 10
732470.3428079871
 20
1425034.6758731583
 30
0.0
 11
732470.3428079871
 21
1425088.6758731583
 31
0.0
  0
LINE
  5
205
330
17
100
AcDbEntity
  8
TABLE_LINES
100
AcDbLine
 10
732920.3428079871
 20
1425034.6758731583
 30
0.0
 11
732920.3428079871
 21
1425088.6758731583
 31
0.0
  0
LINE
  5
206
330
17
100
AcDbEntity
  8
TABLE_LINES
100
AcDbLine
 10
733460.3428079871
 20
1425034.6758731583
 30
0.0
 11
733460.3428079871
 21
1425088.6758731583
 31
0.0
  0
TEXT
  5
207
330
17
100
AcDbEntity
  8
TABLE_TEXT
420
0
100
AcDbText
 10
732485.3428079871
 20
1425055.6758731583
 30
0.0
 40
18.0
  1
Green Belt Setback
 11
732485.3428079871
 21
1425055.6758731583
 31
0.0
100
AcDbText
 73
2
  0
TEXT
  5
208
330
17
100
AcDbEntity
  8
TABLE_TEXT
420
0
100
AcDbText
 10
733445.3428079871
 20
1425055.6758731583
 30
0.0
 40
18.0
  1
10.0 m
 72
2
 11
733445.3428079871
 21
1425055.6758731583
 31
0.0
100
AcDbText
 73
2
  0
LINE
  5
209
330
17
100
AcDbEntity
  8
TABLE_LINES
100
AcDbLine
 10
732470.3428079871
 20
1424980.6758731583
 30
0.0
 11
733460.3428079871
 21
1424980.6758731583
 31
0.0
  0
LINE
  5
20A
330
17
100
AcDbEntity
  8
TABLE_LINES
100
AcDbLine
 10
732470.3428079871
 20
1424980.6758731583
 30
0.0
 11
732470.3428079871
 21
1425034.6758731583
 31
0.0
  0
LINE
  5
20B
330
17
100
AcDbEntity
  8
TABLE_LINES
100
AcDbLine
 10
732920.3428079871
 20
1424980.6758731583
 30
0.0
 11
732920.3428079871
 21
1425034.6758731583
 31
0.0
  0
LINE
  5
20C
330
17
100
AcDbEntity
  8
TABLE_LINES
100
AcDbLine
 10
733460.3428079871
 20
1424980.6758731583
 30
0.0
 11
733460.3428079871
 21
1425034.6758731583
 31
0.0
  0
TEXT
  5
20D
330
17
100
AcDbEntity
  8
TABLE_TEXT
420
0
100
AcDbText
 10
732485.3428079871
 20
1425001.6758731583
 30
0.0
 40
18.0
  1
Target: Retention Pond
 11
732485.3428079871
 21
1425001.6758731583
 31
0.0
100
AcDbText
 73
2
  0
TEXT
  5
20E
330
17
100
AcDbEntity
  8
TABLE_TEXT
420
0
100
AcDbText
 10
733445.3428079871
 20
1425001.6758731583
 30
0.0
 40
18.0
  1
7.0%
 72
2
 11
733445.3428079871
 21
1425001.6758731583
 31
0.0
100
AcDbText
 73
2
  0
LINE
  5
20F
330
17
100
AcDbEntity
  8
TABLE_LINES
100
AcDbLine
 10
732470.3428079871
 20
1424926.6758731583
 30
0.0
 11
733460.3428079871
 21
1424926.6758731583
 31
0.0
  0
LINE
  5
210
330
17
100
AcDbEntity
  8
TABLE_LINES
100
AcDbLine
 10
732470.3428079871
 20
1424926.6758731583
 30
0.0
 11
732470.3428079871
 21
1424980.6758731583
 31
0.0
  0
LINE
  5
211
330
17
100
AcDbEntity
  8
TABLE_LINES
100
AcDbLine
 10
732920.3428079871
 20
1424926.6758731583
 30
0.0
 11
732920.3428079871
 21
1424980.6758731583
 31
0.0
  0
LINE
  5
212
330
17
100
AcDbEntity
  8
TABLE_LINES
100
AcDbLine
 10
733460.3428079871
 20
1424926.6758731583
 30
0.0
 11
733460.3428079871
 21
1424980.6758731583
 31
0.0
  0
TEXT
  5
213
330
17
100
AcDbEntity
  8
TABLE_TEXT
420
0
100
AcDbText
 10
732485.3428079871
 20
1424947.6758731583
 30
0.0
 40
18.0
  1
Target: WTP
 11
732485.3428079871
 21
1424947.6758731583
 31
0.0
100
AcDbText
 73
2
  0
TEXT
  5
214
330
17
100
AcDbEntity
  8
TABLE_TEXT
420
0
100
AcDbText
 10
733445.3428079871
 20
1424947.6758731583
 30
0.0
 40
18.0
  1
2.0%
 72
2
 11
733445.3428079871
 21
1424947.6758731583
 31
0.0
100
AcDbText
 73
2
  0
LINE
  5
215
330
17
100
AcDbEntity
  8
TABLE_LINES
100
AcDbLine
 10
732470.3428079871
 20
1424872.6758731583
 30
0.0
 11
733460.3428079871
 21
1424872.6758731583
 31
0.0
  0
LINE
  5
216
330
17
100
AcDbEntity
  8
TABLE_LINES
100
AcDbLine
 10
732470.3428079871
 20
1424872.6758731583
 30
0.0
 11
732470.3428079871
 21
1424926.6758731583
 31
0.0
  0
LINE
  5
217
330
17
100
AcDbEntity
  8
TABLE_LINES
100
AcDbLine
 10
732920.3428079871
 20
1424872.6758731583
 30
0.0
 11
732920.3428079871
 21
1424926.6758731583
 31
0.0
  0
LINE
  5
218
330
17
100
AcDbEntity
  8
TABLE_LINES
100
AcDbLine
 10
733460.3428079871
 20
1424872.6758731583
 30
0.0
 11
733460.3428079871
 21
1424926.6758731583
 31
0.0
  0
TEXT
  5
219
330
17
100
AcDbEntity
  8
TABLE_TEXT
420
0
100
AcDbText
 10
732485.3428079871
 20
1424893.6758731583
 30
0.0
 40
18.0
  1
Min Green Ratio
 11
732485.3428079871
 21
1424893.6758731583
 31
0.0
100
AcDbText
 73
2
  0
TEXT
  5
21A
330
17
100
AcDbEntity
  8
TABLE_TEXT
420
0
100
AcDbText
 10
733445.3428079871
 20
1424893.6758731583
 30
0.0
 40
18.0
  1
10.0%
 72
2
 11
733445.3428079871
 21
1424893.6758731583
 31
0.0
100
AcDbText
 73
2
  0
LINE
  5
21B
330
17
100
AcDbEntity
  8
TABLE_LINES
100
AcDbLine
 10
732470.3428079871
 20
1424818.6758731583
 30
0.0
 11
733460.3428079871
 21
1424818.6758731583
 31
0.0
  0
LINE
  5
21C
330
17
100
AcDbEntity
  8
TABLE_LINES
100
AcDbLine
 10
732470.3428079871
 20
1424818.6758731583
 30
0.0
 11
732470.3428079871
 21
1424872.6758731583
 31
0.0
  0
LINE
  5
21D
330
17
100
AcDbEntity
  8
TABLE_LINES
100
AcDbLine
 10
732920.3428079871
 20
1424818.6758731583
 30
0.0
 11
732920.3428079871
 21
1424872.6758731583
 31
0.0
  0
LINE
  5
21E
330
17
100
AcDbEntity
  8
TABLE_LINES
100
AcDbLine
 10
733460.3428079871
 20
1424818.6758731583
 30
0.0
 11
733460.3428079871
 21
1424872.6758731583
 31
0.0
  0
TEXT
  5
21F
330
17
100
AcDbEntity
  8
TABLE_TEXT
420
0
100
AcDbText
 10
732485.3428079871
 20
1424839.6758731583
 30
0.0
 40
18.0
  1
Main Road Width
 11
732485.3428079871
 21
1424839.6758731583
 31
0.0
100
AcDbText
 73
2
  0
TEXT
  5
220
330
17
100
AcDbEntity
  8
TABLE_TEXT
420
0
100
AcDbText
 10
733445.3428079871
 20
1424839.6758731583
 30
0.0
 40
18.0
  1
12.0 m
 72
2
 11
733445.3428079871
 21
1424839.6758731583
 31
0.0
100
AcDbText
 73
2
  0
LINE
  5
221
330
17
100
AcDbEntity
  8
TABLE_LINES
100
AcDbLine
 10
732470.3428079871
 20
1424764.6758731583
 30
0.0
 11
733460.3428079871
 21
1424764.6758731583
 31
0.0
  0
LINE
  5
222
330
17
100
AcDbEntity
  8
TABLE_LINES
100
AcDbLine
 10
732470.3428079871
 20
1424764.6758731583
 30
0.0
 11
732470.3428079871
 21
1424818.6758731583
 31
0.0
  0
LINE
  5
223
330
17
100
AcDbEntity
  8
TABLE_LINES
100
AcDbLine
 10
732920.3428079871
 20
1424764.6758731583
 30
0.0
 11
732920.3428079871
 21
1424818.6758731583
 31
0.0
  0
LINE
  5
224
330
17
100
AcDbEntity
  8
TABLE_LINES
100
AcDbLine
 10
733460.3428079871
 20
1424764.6758731583
 30
0.0
 11
733460.3428079871
 21
1424818.6758731583
 31
0.0
  0
TEXT
  5
225
330
17
100
AcDbEntity
  8
TABLE_TEXT
420
0
100
AcDbText
 10
732485.3428079871
 20
1424785.6758731583
 30
0.0
 40
18.0
  1
Local Road Width
 11
732485.3428079871
 21
1424785.6758731583
 31
0.0
100
AcDbText
 73
2
  0
TEXT
  5
226
330
17
100
AcDbEntity
  8
TABLE_TEXT
420
0
100
AcDbText
 10
733445.3428079871
 20
1424785.6758731583
 30
0.0
 40
18.0
  1
8.0 m
 72
2
 11
733445.3428079871
 21
1424785.6758731583
 31
0.0
100
AcDbText
 73
2
  0
LINE
  5
227
330
17
100
AcDbEntity
  8
TABLE_LINES
100
AcDbLine
 10
732470.3428079871
 20
1424710.6758731583
 30
0.0
 11
733460.3428079871
 21
1424710.6758731583
 31
0.0
  0
LINE
  5
228
330
17
100
AcDbEntity
  8
TABLE_LINES
100
AcDbLine
 10
732470.3428079871
 20
1424710.6758731583
 30
0.0
 11
732470.3428079871
 21
1424764.6758731583
 31
0.0
  0
LINE
  5
229
330
17
100
AcDbEntity
  8
TABLE_LINES
100
AcDbLine
 10
732920.3428079871
 20
1424710.6758731583
 30
0.0
 11
732920.3428079871
 21
1424764.6758731583
 31
0.0
  0
LINE
  5
22A
330
17
100
AcDbEntity
  8
TABLE_LINES
100
AcDbLine
 10
733460.3428079871
 20
1424710.6758731583
 30
0.0
 11
733460.3428079871
 21
1424764.6758731583
 31
0.0
  0
TEXT
  5
22B
330
17
100
AcDbEntity
  8
TABLE_TEXT
420
0
100
AcDbText
 10
732485.3428079871
 20
1424731.6758731583
 30
0.0
 40
18.0
  1
Boundary Setback
 11
732485.3428079871
 21
1424731.6758731583
 31
0.0
100
AcDbText
 73
2
  0
TEXT
  5
22C
330
17
100
AcDbEntity
  8
TABLE_TEXT
420
0
100
AcDbText
 10
733445.3428079871
 20
1424731.6758731583
 30
0.0
 40
18.0
  1
5.0 m
 72
2
 11
733445.3428079871
 21
1424731.6758731583
 31
0.0
100
AcDbText
 73
2
  0
LINE
  5
22D
330
17
100
AcDbEntity
  8
TABLE_LINES
100
AcDbLine
 10
732470.3428079871
 20
1424656.6758731583
 30
0.0
 11
733460.3428079871
 21
1424656.6758731583
 31
0.0
  0
LINE
  5
22E
330
17
100
AcDbEntity
  8
TABLE_LINES
100
AcDbLine
 10
732470.3428079871
 20
1424656.6758731583
 30
0.0
 11
732470.3428079871
 21
1424710.6758731583
 31
0.0
  0
LINE
  5
22F
330
17
100
AcDbEntity
  8
TABLE_LINES
100
AcDbLine
 10
732920.3428079871
 20
1424656.6758731583
 30
0.0
 11
732920.3428079871
 21
1424710.6758731583
 31
0.0
  0
LINE
  5
230
330
17
100
AcDbEntity
  8
TABLE_LINES
100
AcDbLine
 10
733460.3428079871
 20
1424656.6758731583
 30
0.0
 11
733460.3428079871
 21
1424710.6758731583
 31
0.0
  0
TEXT
  5
231
330
17
100
AcDbEntity
  8
TABLE_TEXT
420
0
100
AcDbText
 10
732485.3428079871
 20
1424677.6758731583
 30
0.0
 40
18.0
  1
Obstacle Buffer
 11
732485.3428079871
 21
1424677.6758731583
 31
0.0
100
AcDbText
 73
2
  0
TEXT
  5
232
330
17
100
AcDbEntity
  8
TABLE_TEXT
420
0
100
AcDbText
 10
733445.3428079871
 20
1424677.6758731583
 30
0.0
 40
18.0
  1
3.0 m
 72
2
 11
733445.3428079871
 21
1424677.6758731583
 31
0.0
100
AcDbText
 73
2
  0
LINE
  5
233
330
17
100
AcDbEntity
  8
TABLE_LINES
100
AcDbLine
 10
732470.3428079871
 20
1424602.6758731583
 30
0.0
 11
733460.3428079871
 21
1424602.6758731583
 31
0.0
  0
LINE
  5
234
330
17
100
AcDbEntity
  8
TABLE_LINES
100
AcDbLine
 10
732470.3428079871
 20
1424602.6758731583
 30
0.0
 11
732470.3428079871
 21
1424674.6758731583
 31
0.0
  0
LINE
  5
235
330
17
100
AcDbEntity
  8
TABLE_LINES
100
AcDbLine
 10
732920.3428079871
 20
1424602.6758731583
 30
0.0
 11
732920.3428079871
 21
1424674.6758731583
 31
0.0
  0
LINE
  5
236
330
17
100
AcDbEntity
  8
TABLE_LINES
100
AcDbLine
 10
733460.3428079871
 20
1424602.6758731583
 30
0.0
 11
733460.3428079871
 21
1424674.6758731583
 31
0.0
  0
TEXT
  5
237
330
17
100
AcDbEntity
  8
TABLE_TEXT
420
0
100
AcDbText
 10
732485.3428079871
 20
1424632.6758731583
 30
0.0
 40
24.0
  1
PARCEL PROGRAM
 11
732485.3428079871
 21
1424632.6758731583
 31
0.0
100
AcDbText
 73
2
  0
LINE
  5
238
330
17
100
AcDbEntity
  8
TABLE_LINES
100
AcDbLine
 10
732470.3428079871
 20
1424530.6758731583
 30
0.0
 11
733460.3428079871
 21
1424530.6758731583
 31
0.0
  0
LINE
  5
239
330
17
100
AcDbEntity
  8
TABLE_LINES
100
AcDbLine
 10
732470.3428079871
 20
1424530.6758731583
 30
0.0
 11
732470.3428079871
 21
1424584.6758731583
 31
0.0
  0
LINE
  5
23A
330
17
100
AcDbEntity
  8
TABLE_LINES
100
AcDbLine
 10
732920.3428079871
 20
1424530.6758731583
 30
0.0
 11
732920.3428079871
 21
1424584.6758731583
 31
0.0
  0
LINE
  5
23B
330
17
100
AcDbEntity
  8
TABLE_LINES
100
AcDbLine
 10
733460.3428079871
 20
1424530.6758731583
 30
0.0
 11
733460.3428079871
 21
1424584.6758731583
 31
0.0
  0
TEXT
  5
23C
330
17
100
AcDbEntity
  8
TABLE_TEXT
420
0
100
AcDbText
 10
732485.3428079871
 20
1424551.6758731583
 30
0.0
 40
18.0
  1
Large (32000-48000 sqm)
 11
732485.3428079871
 21
1424551.6758731583
 31
0.0
100
AcDbText
 73
2
  0
TEXT
  5
23D
330
17
100
AcDbEntity
  8
TABLE_TEXT
420
0
100
AcDbText
 10
733445.3428079871
 20
1424551.6758731583
 30
0.0
 40
18.0
  1
Target: 50%
 72
2
 11
733445.3428079871
 21
1424551.6758731583
 31
0.0
100
AcDbText
 73
2
  0
LINE
  5
23E
330
17
100
AcDbEntity
  8
TABLE_LINES
100
AcDbLine
 10
732470.3428079871
 20
1424476.6758731583
 30
0.0
 11
733460.3428079871
 21
1424476.6758731583
 31
0.0
  0
LINE
  5
23F
330
17
100
AcDbEntity
  8
TABLE_LINES
100
AcDbLine
 10
732470.3428079871
 20
1424476.6758731583
 30
0.0
 11
732470.3428079871
 21
1424530.6758731583
 31
0.0
  0
LINE
  5
240
330
17
100
AcDbEntity
  8
TABLE_LINES
100
AcDbLine
 10
732920.3428079871
 20
1424476.6758731583
 30
0.0
 11
732920.3428079871
 21
1424530.6758731583
 31
0.0
  0
LINE
  5
241
330
17
100
AcDbEntity
  8
TABLE_LINES
100
AcDbLine
 10
733460.3428079871
 20
1424476.6758731583
 30
0.0
 11
733460.3428079871
 21
1424530.6758731583
 31
0.0
  0
TEXT
  5
242
330
17
100
AcDbEntity
  8
TABLE_TEXT
420
0
100
AcDbText
 10
732485.3428079871
 20
1424497.6758731583
 30
0.0
 40
18.0
  1
Medium (18000-30000 sqm)
 11
732485.3428079871
 21
1424497.6758731583
 31
0.0
100
AcDbText
 73
2
  0
TEXT
  5
243
330
17
100
AcDbEntity
  8
TABLE_TEXT
420
0
100
AcDbText
 10
733445.3428079871
 20
1424497.6758731583
 30
0.0
 40
18.0
  1
Target: 30%
 72
2
 11
733445.3428079871
 21
1424497.6758731583
 31
0.0
100
AcDbText
 73
2
  0
LINE
  5
244
330
17
100
AcDbEntity
  8
TABLE_LINES
100
AcDbLine
 10
732470.3428079871
 20
1424422.6758731583
 30
0.0
 11
733460.3428079871
 21
1424422.6758731583
 31
0.0
  0
LINE
  5
245
330
17
100
AcDbEntity
  8
TABLE_LINES
100
AcDbLine
 10
732470.3428079871
 20
1424422.6758731583
 30
0.0
 11
732470.3428079871
 21
1424476.6758731583
 31
0.0
  0
LINE
  5
246
330
17
100
AcDbEntity
  8
TABLE_LINES
100
AcDbLine
 10
732920.3428079871
 20
1424422.6758731583
 30
0.0
 11
732920.3428079871
 21
1424476.6758731583
 31
0.0
  0
LINE
  5
247
330
17
100
AcDbEntity
  8
TABLE_LINES
100
AcDbLine
 10
733460.3428079871
 20
1424422.6758731583
 30
0.0
 11
733460.3428079871
 21
1424476.6758731583
 31
0.0
  0
TEXT
  5
248
330
17
100
AcDbEntity
  8
TABLE_TEXT
420
0
100
AcDbText
 10
732485.3428079871
 20
1424443.6758731583
 30
0.0
 40
18.0
  1
Small (3200-4800 sqm)
 11
732485.3428079871
 21
1424443.6758731583
 31
0.0
100
AcDbText
 73
2
  0
TEXT
  5
249
330
17
100
AcDbEntity
  8
TABLE_TEXT
420
0
100
AcDbText
 10
733445.3428079871
 20
1424443.6758731583
 30
0.0
 40
18.0
  1
Target: 20%
 72
2
 11
733445.3428079871
 21
1424443.6758731583
 31
0.0
100
AcDbText
 73
2
  0
LINE
  5
24A
330
17
100
AcDbEntity
  8
TABLE_LINES
100
AcDbLine
 10
732470.3428079871
 20
1424422.6758731583
 30
0.0
 11
733460.3428079871
 21
1424422.6758731583
 31
0.0
  0
ENDSEC
  0
SECTION
  2
OBJECTS
  0
DICTIONARY
  5
A
330
0
100
AcDbDictionary
281
1
  3
ACAD_COLOR
350
B
  3
ACAD_GROUP
350
C
  3
ACAD_LAYOUT
350
D
  3
ACAD_MATERIAL
350
E
  3
ACAD_MLEADERSTYLE
350
F
  3
ACAD_MLINESTYLE
350
10
  3
ACAD_PLOTSETTINGS
350
11
  3
ACAD_PLOTSTYLENAME
350
12
  3
ACAD_SCALELIST
350
14
  3
ACAD_TABLESTYLE
350
15
  3
ACAD_VISUALSTYLE
350
16
  3
EZDXF_META
350
2D
  0
DICTIONARY
  5
B
330
A
100
AcDbDictionary
281
1
  0
DICTIONARY
  5
C
330
A
100
AcDbDictionary
281
1
  0
DICTIONARY
  5
D
330
A
100
AcDbDictionary
281
1
  3
Model
350
1A
  3
Layout1
350
1E
  0
DICTIONARY
  5
E
330
A
100
AcDbDictionary
281
1
  3
ByBlock
350
1F
  3
ByLayer
350
20
  3
Global
350
21
  0
DICTIONARY
  5
F
330
A
100
AcDbDictionary
281
1
  3
Standard
350
2C
  0
DICTIONARY
  5
10
330
A
100
AcDbDictionary
281
1
  3
Standard
350
22
  0
DICTIONARY
  5
11
330
A
100
AcDbDictionary
281
1
  0
ACDBDICTIONARYWDFLT
  5
12
330
A
100
AcDbDictionary
281
1
  3
Normal
350
13
100
AcDbDictionaryWithDefault
340
13
  0
ACDBPLACEHOLDER
  5
13
330
12
  0
DICTIONARY
  5
14
330
A
100
AcDbDictionary
281
1
  0
DICTIONARY
  5
15
330
A
100
AcDbDictionary
281
1
  0
DICTIONARY
  5
16
330
A
100
AcDbDictionary
281
1
  0
LAYOUT
  5
1A
330
D
100
AcDbPlotSettings
  1

  4
A3
  6

 40
7.5
 41
20.0
 42
7.5
 43
20.0
 44
420.0
 45
297.0
 46
0.0
 47
0.0
 48
0.0
 49
0.0
140
0.0
141
0.0
142
1.0
143
1.0
 70
1024
 72
1
 73
0
 74
5
  7

 75
16
 76
0
 77
2
 78
300
147
1.0
148
0.0
149
0.0
100
AcDbLayout
  1
Model
 70
1
 71
0
 10
0.0
 20
0.0
 11
420.0
 21
297.0
 12
0.0
 22
0.0
 32
0.0
 14
1e+20
 24
1e+20
 34
1e+20
 15
-1e+20
 25
-1e+20
 35
-1e+20
146
0.0
 13
0.0
 23
0.0
 33
0.0
 16
1.0
 26
0.0
 36
0.0
 17
0.0
 27
1.0
 37
0.0
 76
1
330
17
  0
LAYOUT
  5
1E
330
D
100
AcDbPlotSettings
  1

  4
A3
  6

 40
7.5
 41
20.0
 42
7.5
 43
20.0
 44
420.0
 45
297.0
 46
0.0
 47
0.0
 48
0.0
 49
0.0
140
0.0
141
0.0
142
1.0
143
1.0
 70
0
 72
1
 73
0
 74
5
  7

 75
16
 76
0
 77
2
 78
300
147
1.0
148
0.0
149
0.0
100
AcDbLayout
  1
Layout1
 70
1
 71
1
 10
0.0
 20
0.0
 11
420.0
 21
297.0
 12
0.0
 22
0.0
 32
0.0
 14
1e+20
 24
1e+20
 34
1e+20
 15
-1e+20
 25
-1e+20
 35
-1e+20
146
0.0
 13
0.0
 23
0.0
 33
0.0
 16
1.0
 26
0.0
 36
0.0
 17
0.0
 27
1.0
 37
0.0
 76
1
330
1B
  0
MATERIAL
  5
1F
102
{ACAD_REACTORS
330
E
102
}
330
E
100
AcDbMaterial
  1
ByBlock
  2

 70
0
 40
1.0
 71
1
 41
1.0
 91
-1023410177
 42
1.0
 72
1
  3

 73
1
 74
1
 75
1
 44
0.5
 73
0
 45
1.0
 46
1.0
 77
1
  4

 78
1
 79
1
170
1
 48
1.0
171
1
  6

172
1
173
1
174
1
140
1.0
141
1.0
175
1
  7

176
1
177
1
178
1
143
1.0
179
1
  8

270
1
271
1
272
1
145
1.0
146
1.0
273
1
  9

274
1
275
1
276
1
 42
1.0
 72
1
  3

 73
1
 74
1
 75
1
 94
63
  0
MATERIAL
  5
20
102
{ACAD_REACTORS
330
E
102
}
330
E
100
AcDbMaterial
  1
ByLayer
  2

 70
0
 40
1.0
 71
1
 41
1.0
 91
-1023410177
 42
1.0
 72
1
  3

 73
1
 74
1
 75
1
 44
0.5
 73
0
 45
1.0
 46
1.0
 77
1
  4

 78
1
 79
1
170
1
 48
1.0
171
1
  6

172
1
173
1
174
1
140
1.0
141
1.0
175
1
  7

176
1
177
1
178
1
143
1.0
179
1
  8

270
1
271
1
272
1
145
1.0
146
1.0
273
1
  9

274
1
275
1
276
1
 42
1.0
 72
1
  3

 73
1
 74
1
 75
1
 94
63
  0
MATERIAL
  5
21
102
{ACAD_REACTORS
330
E
102
}
330
E
100
AcDbMaterial
  1
Global
  2

 70
0
 40
1.0
 71
1
 41
1.0
 91
-1023410177
 42
1.0
 72
1
  3

 73
1
 74
1
 75
1
 44
0.5
 73
0
 45
1.0
 46
1.0
 77
1
  4

 78
1
 79
1
170
1
 48
1.0
171
1
  6

172
1
173
1
174
1
140
1.0
141
1.0
175
1
  7

176
1
177
1
178
1
143
1.0
179
1
  8

270
1
271
1
272
1
145
1.0
146
1.0
273
1
  9

274
1
275
1
276
1
 42
1.0
 72
1
  3

 73
1
 74
1
 75
1
 94
63
  0
MLINESTYLE
  5
22
102
{ACAD_REACTORS
330
10
102
}
330
10
100
AcDbMlineStyle
  2
Standard
 70
0
  3

 62
256
 51
90.0
 52
90.0
 71
2
 49
0.5
 62
256
  6
BYLAYER
 49
-0.5
 62
256
  6
BYLAYER
  0
MLEADERSTYLE
  5
2C
102
{ACAD_REACTORS
330
F
102
}
330
F
100
AcDbMLeaderStyle
179
2
170
2
171
1
172
0
 90
2
 40
0.0
 41
0.0
173
1
 91
-1056964608
 92
-2
290
1
 42
2.0
291
1
 43
8.0
  3
Standard
 44
4.0
300

342
29
174
1
175
1
176
0
178
1
 93
-1056964608
 45
4.0
292
0
297
0
 46
4.0
 94
-1056964608
 47
1.0
 49
1.0
140
1.0
294
1
141
0.0
177
0
142
1.0
295
0
296
0
143
3.75
271
0
272
9
273
9
  0
DICTIONARY
  5
2D
330
A
100
AcDbDictionary
280
1
281
1
  3
CREATED_BY_EZDXF
350
2E
  3
WRITTEN_BY_EZDXF
350
24D
  0
DICTIONARYVAR
  5
2E
330
2D
100
DictionaryVariables
280
0
  1
1.4.3 @ 2026-02-11T04:18:54.218384+00:00
  0
DICTIONARYVAR
  5
24D
330
2D
100
DictionaryVariables
280
0
  1
1.4.3 @ 2026-02-11T04:18:54.303430+00:00
  0
ENDSEC
  0
EOF
